# decimated by Tools/decimate_anatomy.py from 28892 triangles (BodyParts3D, CC BY 4.0)
v -0.04823731 0.00101642 0.13353106
v -0.04727753 -0.00119502 0.13231023
v -0.04451084 -0.00477123 0.12832909
v -0.04367524 0.00261699 0.13581426
v -0.04724518 0.00143470 0.13347287
v -0.04363429 0.00134035 0.13388524
v -0.04345918 0.00161118 0.13447352
v -0.04271314 0.00229738 0.13498527
v -0.04387569 0.00251027 0.13562088
v -0.04255760 0.00184304 0.13357490
v -0.03838590 0.00046163 0.10915438
v -0.03970955 -0.00209056 0.11997104
v -0.03990087 -0.00261789 0.12109563
v -0.04063117 -0.00426952 0.12497193
v -0.03999750 -0.00186529 0.13120367
v -0.03845660 -0.00186045 0.12030752
v -0.03913491 -0.00376583 0.12613508
v -0.03320895 -0.04781984 -0.20749778
v -0.03365146 -0.04738591 -0.19896533
v -0.03361641 -0.04934495 -0.19154823
v -0.03491956 -0.00048157 0.10011280
v -0.03632834 0.00025209 0.10276197
v -0.03665084 -0.00017751 0.11256869
v -0.03643052 0.00011631 0.11382093
v -0.03141217 -0.04365816 -0.18424300
v -0.03534884 0.00036801 0.09995829
v -0.03495139 -0.00024932 0.09883967
v -0.03407933 0.00042392 0.10647530
v -0.03112785 -0.03626191 -0.12150268
v -0.02931562 -0.04768638 -0.20892137
v -0.02925870 -0.04611616 -0.20494832
v -0.03148384 -0.04983909 -0.16367634
v -0.03118087 -0.00045759 0.08824391
v -0.03167845 -0.00081854 0.09855756
v -0.03188769 -0.00077736 0.09920050
v -0.03460203 -0.00022729 0.10769438
v -0.02795234 -0.04318595 -0.19493744
v -0.02757805 -0.03939935 -0.18104152
v -0.03112285 -0.04919091 -0.15070932
v -0.03109842 -0.04926075 -0.14978710
v -0.03074377 -0.04750089 -0.14305012
v -0.03115866 -0.04826146 -0.14990422
v -0.03149650 -0.00071528 0.09816857
v -0.02671598 -0.04755163 -0.20563048
v -0.02954896 -0.00007701 0.09312719
v -0.02879770 -0.04614040 -0.12731791
v -0.02911478 -0.04544983 -0.12551053
v -0.02628038 -0.02645901 -0.08987943
v -0.02728497 -0.00092925 0.07457638
v -0.02439315 -0.04999756 -0.20686671
v -0.02451061 -0.03232470 -0.12336418
v -0.02396860 -0.02963904 -0.13260276
v -0.01917895 -0.00305630 0.06209996
v -0.02384999 -0.02567184 -0.08730996
v -0.02124035 -0.00427782 0.06032401
v -0.02378579 -0.00232620 0.06535885
v -0.02137714 -0.04853535 -0.19942312
v -0.02147902 -0.04875196 -0.19945764
v -0.02145700 -0.04859781 -0.19946489
v -0.02102716 -0.04979729 -0.20001917
v -0.02126745 -0.04836768 -0.19866201
v -0.02503368 0.00243639 0.14413951
v -0.02446186 0.00160554 0.14588214
v -0.02450511 0.00636390 0.15146451
v -0.02046555 -0.04615337 -0.19619769
v -0.02079825 -0.04551629 -0.18867817
v -0.01913435 -0.03973615 -0.16611473
v -0.02322611 0.00157731 0.14218233
v -0.02296388 0.00108983 0.14328076
v -0.02503597 0.00325873 0.14799941
v -0.02129470 0.00644456 0.12512453
v -0.02143490 0.00486328 0.12832218
v -0.02287968 0.00057971 0.14321215
v -0.01746612 -0.04692703 -0.19346080
v -0.01868867 -0.04697834 -0.19387025
v -0.01722204 -0.04706582 -0.19088073
v -0.02139128 -0.04965066 -0.11421067
v -0.02196363 -0.00342552 0.06122654
v -0.01766453 0.00550287 0.09575472
v -0.01831179 0.00450875 0.10688977
v -0.01907991 0.00383849 0.10816974
v -0.01905367 0.00349562 0.11199621
v -0.01938712 0.00453931 0.11800687
v -0.01924069 0.00514144 0.11336798
v -0.02049377 0.00431038 0.12904272
v -0.01909905 0.00574644 0.13181944
v -0.02124892 0.00028347 0.13892864
v -0.01695761 -0.04731415 -0.19232943
v -0.01655921 -0.04224493 -0.16605586
v -0.01866682 -0.03645330 -0.06263627
v -0.01824822 -0.02385502 -0.05612773
v -0.01773511 -0.02418987 -0.03486912
v -0.01690703 -0.00504770 0.05389509
v -0.01618385 0.00474980 0.08548019
v -0.01745238 0.00512241 0.09338151
v -0.01705016 0.00609222 0.09309565
v -0.01889686 0.00324268 0.10962587
v -0.01876757 0.00332078 0.11097886
v -0.01800683 0.00490718 0.11926629
v -0.01908454 0.00208885 0.13780112
v -0.01886108 0.00321313 0.13548808
v -0.01926236 0.00190478 0.13970207
v -0.02001375 0.00189302 0.13938400
v -0.01993585 0.00217783 0.14281954
v -0.02213893 0.00042256 0.14283375
v -0.01945452 0.00712257 0.15022644
v -0.01551746 -0.04835883 -0.19375129
v -0.01641919 -0.04686997 -0.19152455
v -0.01515850 -0.04331048 -0.16081338
v -0.01877494 -0.04508073 -0.09191068
v -0.01927038 -0.04358386 -0.08679573
v -0.01631904 -0.02209872 -0.04494913
v -0.01650964 0.00394800 0.09810898
v -0.01747696 0.00404879 0.11477500
v -0.01704858 0.00533194 0.11868998
v -0.01711076 0.00491279 0.11972792
v -0.01524396 -0.02196053 -0.04181325
v -0.01503308 -0.00518289 0.05194490
v -0.01388999 0.00417696 0.07068423
v -0.01409682 0.00522242 0.09474390
v -0.01534078 0.00424945 0.09889154
v -0.01360669 -0.04646303 -0.15930548
v -0.01615969 -0.04567263 -0.09271265
v -0.01135950 0.00407625 0.06257021
v -0.01324205 0.00548928 0.08643136
v -0.01241396 -0.04908624 -0.17787591
v -0.01260543 -0.04527759 -0.15149222
v -0.01266800 -0.04495005 -0.14645488
v -0.01441565 -0.04304271 -0.12278884
v -0.01485917 -0.04950041 -0.10950876
v -0.01406802 -0.03444868 -0.07465157
v -0.01334307 -0.01995039 -0.02797884
v -0.01435726 -0.02229461 -0.01613790
v -0.01325385 -0.02250767 -0.00920982
v -0.01233415 -0.00595005 0.04859983
v -0.01112492 0.00043881 0.05534616
v -0.01231607 -0.04500074 -0.14908623
v -0.01147172 -0.04511387 -0.14419443
v -0.01416676 -0.03839671 -0.08902762
v -0.01482475 -0.04513201 -0.09035531
v -0.01162919 -0.02246303 -0.02856335
v -0.01153355 -0.02062887 -0.02047175
v -0.01721309 -0.02806123 -0.03530457
v -0.01316094 -0.02275323 -0.00924567
v -0.01205618 -0.00574581 0.04935491
v -0.00964817 -0.00245043 0.05086984
v -0.01106350 -0.00003817 0.05482879
v -0.00949644 -0.00159480 0.05305054
v -0.01128395 0.00528488 0.07316840
v -0.01121348 -0.04489681 -0.13994981
v -0.01044074 -0.04537353 -0.13664474
v -0.01043478 -0.02991367 -0.05777043
v -0.01187300 -0.02396857 -0.04406675
v -0.00836231 -0.00615341 0.04848571
v -0.01042593 -0.00096172 0.05610865
v -0.00974590 -0.03020247 -0.05932097
v -0.00827591 -0.02346020 -0.03518305
v -0.00872079 -0.02127543 -0.02452385
v -0.00877975 -0.01903043 -0.01321187
v -0.00864956 -0.01780717 -0.00202938
v -0.01079740 -0.01935701 0.00544725
v -0.00855185 -0.00547562 0.04795258
v -0.01127410 -0.00000558 0.05749213
v -0.00905757 -0.00060246 0.05669227
v -0.00764185 0.00106648 0.05605807
v -0.00699972 -0.04816294 -0.16053571
v -0.00936657 -0.03502180 -0.07128170
v -0.00930560 -0.02813717 -0.05234182
v -0.00789257 -0.02079831 -0.01670272
v -0.00851162 -0.01758125 -0.00160180
v -0.00836985 -0.01643420 0.01202251
v -0.01082641 -0.00762080 0.04821507
v -0.00676533 -0.00156626 0.05188847
v -0.00699656 -0.00052140 0.05368085
v -0.00704267 -0.00041506 0.05390584
v -0.00619436 -0.00154893 0.05201382
v -0.00901152 -0.04945735 -0.10719234
v -0.01002632 -0.04542205 -0.08644947
v -0.00645876 -0.01464844 0.02038919
v -0.00418250 -0.01150611 0.03755642
v -0.00703847 -0.03729366 -0.07456682
v -0.00654146 -0.03146419 -0.05452156
v -0.00655004 -0.02221858 -0.02629477
v -0.00474037 -0.01762317 -0.00111926
v -0.00516467 -0.01600925 0.01076011
v -0.00492903 -0.01603010 0.01062050
v -0.00333659 -0.01143336 0.03214737
v -0.00526449 -0.01873574 0.01568475
v -0.00391920 -0.01166117 0.03162816
v -0.00348039 -0.00650815 0.04218950
v -0.00351014 -0.02661292 -0.04075233
v -0.00309080 -0.02593572 -0.03711391
v -0.00282461 -0.02162386 -0.00543452
v -0.00309979 -0.01321444 0.02169332
v -0.00175615 -0.01396865 0.03166773
v -0.00332328 -0.00626716 0.04421578
v -0.00246031 -0.00872692 0.03876963
v -0.00200598 -0.00263299 0.05487545
v -0.00431757 -0.04987394 -0.12507145
v -0.00302187 -0.03286016 -0.05756159
v -0.00215697 -0.03052410 -0.05385745
v -0.00231831 -0.02870397 -0.04828825
v -0.00275893 -0.01686728 0.02190854
v -0.00250015 -0.01632882 0.02355655
v -0.00179307 -0.01261109 0.02324646
v -0.00112985 0.00423056 0.07308785
v -0.00123511 0.00408881 0.08822102
v -0.00129725 0.00445944 0.09186231
v -0.00078506 0.00478163 0.09124632
v -0.00125195 0.00447575 0.09260266
v -0.00127603 0.00728837 0.12013032
v -0.00191861 0.00713211 0.13788356
v -0.00274754 0.00795062 0.16070983
v -0.00265265 -0.04852004 -0.11572489
v -0.00304334 -0.04319938 -0.08242225
v -0.00153994 -0.03696965 -0.07429231
v -0.00252178 -0.03706950 -0.07277826
v -0.00182870 -0.03117020 -0.05616989
v -0.00186587 -0.02870346 -0.04454708
v -0.00194066 -0.01869416 0.00861202
v -0.00222427 -0.01724457 0.00762339
v -0.00012063 0.00350597 0.09141996
v -0.00049861 0.00314033 0.08597587
v -0.00022142 0.00354594 0.08840701
v 0.00009170 0.00468291 0.10973921
v -0.00192740 0.00748539 0.13559632
v -0.00196947 0.00403475 0.15096568
v -0.00356078 0.00537538 0.15689565
v -0.00253254 0.00602206 0.15905213
v -0.00145280 -0.04885213 -0.13356976
v -0.00096631 -0.04011727 -0.08634777
v -0.00063677 -0.03937659 -0.08215608
v -0.00094868 -0.03776328 -0.07587419
v 0.00068006 -0.00936223 0.03335355
v 0.00141922 -0.00681295 0.03939273
v 0.00129981 -0.00572496 0.04783886
v 0.00135689 -0.00600650 0.04803421
v 0.00152325 -0.00449161 0.04822918
v 0.00136684 0.00315237 0.06444086
v 0.00197561 0.00060408 0.06434924
v 0.00203349 0.00332644 0.06706295
v 0.00107304 0.00182484 0.07225595
v 0.00059889 0.00331920 0.06547516
v 0.00206081 0.00422292 0.07991158
v 0.00107377 0.00726228 0.12474797
v 0.00018785 0.00695791 0.12783924
v 0.00007230 0.00695491 0.13244109
v -0.00080221 0.00587921 0.13906165
v 0.00150083 -0.00792709 0.04468926
v 0.00162950 -0.00579865 0.04774246
v 0.00051072 -0.00644388 0.04735506
v 0.00234278 0.00427855 0.08503811
v 0.00225540 0.00492473 0.09314962
v 0.00261753 0.00493888 0.09786644
v 0.00266336 0.00453685 0.09681983
v 0.00209818 0.00599585 0.11673158
v 0.00155699 0.00709246 0.13283290
v 0.00156076 -0.00882868 0.04199826
v 0.00281437 0.00518934 0.10574842
v 0.00234805 0.00428198 0.14930788
v -0.00072473 0.00307329 0.15182850
v 0.00091510 0.00350454 0.15038699
v 0.00341636 -0.00794603 0.04195181
v 0.00403099 -0.00722898 0.04859153
v 0.00311199 -0.00489068 0.05304934
v 0.00505292 -0.00354672 0.05969376
v 0.00520519 -0.00362468 0.05987295
v 0.00243141 0.00399005 0.14914941
v 0.00210730 0.00409875 0.15222779
v 0.00236094 0.00350425 0.15274499
v 0.00238809 0.00446436 0.15279128
v 0.00318860 0.00593610 0.15607503
v 0.00274954 0.00444472 0.15025049
v 0.00326354 0.00440059 0.15252276
v 0.00768572 -0.00096071 0.06597970
v 0.01028488 0.00190347 0.07107733
v 0.00986966 -0.00276452 0.06150693
v 0.01135931 0.00385264 0.08002756
v 0.01301660 0.00071853 0.07137200
v 0.01228099 0.00165908 0.06997637
v 0.01364663 0.00224424 0.07411458
v 0.01365435 0.00532872 0.09098465
v 0.01527275 0.00431714 0.08262837
v 0.01536802 0.00546667 0.09805312
v 0.01664159 0.00557381 0.09007635
v 0.01782957 0.00931255 0.10783616
v 0.01652062 0.00699207 0.10508844
v 0.01644538 0.00453758 0.08729319
v 0.01696552 0.00472676 0.09067828
v 0.01884876 0.00730796 0.10852458
v 0.01874703 0.01062505 0.11687279
v 0.01923783 0.00647055 0.10006470
v 0.02026240 0.00778692 0.10665815
v 0.02204004 0.01306628 0.12638948
v 0.02193521 0.01345125 0.12983751
v 0.02275313 0.01389606 0.13450472
v 0.02401865 0.01408810 0.13218558
v 0.02292517 0.01176050 0.13155641
v 0.02381002 0.01340454 0.13941928
v 0.02382611 0.01246975 0.13671843
v 0.02578252 0.01246512 0.13543305
v 0.02618783 0.01167992 0.13945267
v 0.02423163 0.01287839 0.14232399
v 0.02565677 0.01328777 0.13384861
v 0.02632864 0.01246591 0.13752578
v 0.02462643 0.01183042 0.15091528
v 0.02604230 0.01380300 0.16172428
v 0.02621131 0.01446985 0.16157789
v 0.02674134 0.01212565 0.13989025
v 0.02651950 0.01205744 0.13894968
v 0.02557827 0.01075530 0.14896316
v 0.02650727 0.01092030 0.14843969
v 0.02521092 0.01259329 0.15645765
v 0.02653777 0.01321578 0.15836900
v 0.02807735 0.01070283 0.14675716
v 0.02806434 0.01027710 0.14702691
v 0.02806513 0.01091145 0.14942720
v 0.03024181 0.01116118 0.14977869
v 0.03076488 0.01521558 0.16138286
v 0.03086337 0.01393762 0.15664075
v 0.03120899 0.01479882 0.16189870
v 0.02800572 0.01115178 0.14858454
v -0.04673668 -0.00254650 0.13097738
v -0.04262385 -0.00286893 0.12359483
v -0.04363778 0.00273042 0.13571095
v -0.04408192 0.00206851 0.13528413
v -0.04338458 0.00163368 0.13349542
v -0.04348752 0.00142715 0.13451000
v -0.04377702 0.00128872 0.13501845
v -0.04333531 0.00284190 0.13543388
v -0.04348263 0.00273119 0.13570508
v -0.04317567 0.00280814 0.13542417
v -0.04225096 -0.00186430 0.12231896
v -0.04328541 0.00250508 0.13564410
v -0.03910675 0.00083108 0.11111173
v -0.04022866 0.00071861 0.11494230
v -0.04089566 -0.00418132 0.12652814
v -0.04046168 -0.00210524 0.13050679
v -0.03633256 0.00002341 0.10312863
v -0.03946702 -0.00290279 0.12556457
v -0.04034561 -0.00084872 0.13235208
v -0.04032591 0.00069446 0.11533767
v -0.03811976 0.00133264 0.11019438
v -0.03691612 -0.00019953 0.11437101
v -0.03475153 -0.00049490 0.09944967
v -0.03345809 0.00040028 0.09474536
v -0.03427218 0.00055545 0.09777388
v -0.03094478 -0.00049261 0.08777188
v -0.03208869 -0.00050601 0.09100495
v -0.03217244 -0.00084192 0.09995506
v -0.03001775 -0.00055840 0.09416689
v -0.03140060 -0.00036516 0.09813352
v -0.02462518 -0.00177270 0.06775202
v -0.02750801 0.00022126 0.08689662
v -0.02427955 -0.02913395 -0.12474763
v -0.02347979 -0.03046833 -0.12810413
v -0.02577465 -0.00044804 0.08052832
v -0.02344899 -0.02957330 -0.13050125
v -0.02316836 -0.02578686 -0.08721709
v -0.02294585 -0.02566999 -0.08597404
v -0.02430315 -0.00267276 0.06604523
v -0.02517467 0.00458284 0.14697506
v -0.02568457 0.00631759 0.15195434
v -0.02139184 -0.04869174 -0.19953173
v -0.02150193 -0.04843734 -0.19865615
v -0.02146975 -0.04842056 -0.19868928
v -0.02125263 -0.04826961 -0.19841410
v -0.02191775 -0.04904536 -0.19660062
v -0.02166544 -0.04955380 -0.19692594
v -0.02162300 -0.04846315 -0.19617611
v -0.02196045 -0.04805008 -0.19558942
v -0.02163357 -0.04789567 -0.19528132
v -0.02660751 0.00078367 0.08313881
v -0.02241121 -0.00159966 0.06981354
v -0.02432074 0.00348606 0.14542007
v -0.02476135 0.00383591 0.14565431
v -0.02499275 0.00318764 0.14459012
v -0.02524820 0.00652796 0.15180649
v -0.02546302 0.00575865 0.15199887
v -0.01918128 -0.04685946 -0.19488856
v -0.02385588 0.00190375 0.14265780
v -0.02349604 0.00193017 0.14280140
v -0.02405744 0.00117061 0.14508839
v -0.01908223 -0.04681993 -0.19477309
v -0.02081833 0.00528702 0.12028724
v -0.02206655 0.00384473 0.13459404
v -0.01748760 -0.04700539 -0.19362719
v -0.01724764 -0.04698666 -0.19310426
v -0.01746359 -0.04698567 -0.19304413
v -0.01800124 -0.00426676 0.05558579
v -0.01912839 0.00403473 0.10890027
v -0.01882058 0.00318685 0.10956253
v -0.02002052 0.00485719 0.12745439
v -0.02143964 0.00113147 0.13994322
v -0.02166033 0.00009324 0.14188401
v -0.02163451 0.00052422 0.14212251
v -0.02190961 0.00053090 0.14230184
v -0.01937962 -0.03859942 -0.07005825
v -0.01835580 -0.02371298 -0.05388122
v -0.01729365 0.00509051 0.09268614
v -0.01704620 0.00600005 0.09388692
v -0.01834230 0.00321551 0.10868505
v -0.01836243 0.00298069 0.11024244
v -0.01796254 0.00577897 0.12643927
v -0.01921794 0.00191411 0.13960698
v -0.01983390 0.00387953 0.14745585
v -0.02016348 0.00700429 0.15007573
v -0.01527716 -0.00477694 0.05703913
v -0.01665722 0.00516248 0.08419882
v -0.01483077 0.00441216 0.07786651
v -0.01607418 0.00421374 0.09801656
v -0.01603819 0.00472402 0.08473716
v -0.01589716 0.00355536 0.10237143
v -0.01735079 0.00485437 0.11027333
v -0.01673054 0.00416501 0.11583298
v -0.01770249 0.00520422 0.12322103
v -0.01761021 0.00540100 0.12355643
v -0.01887567 0.00220155 0.14272578
v -0.01671325 -0.02890007 -0.06767428
v -0.01520167 -0.00509957 0.05219997
v -0.01622047 -0.00401718 0.05737961
v -0.01413730 0.00511107 0.09495247
v -0.01537303 0.00379578 0.10646151
v -0.01576359 0.00417659 0.10906845
v -0.01340836 -0.02004781 -0.02993552
v -0.02091063 -0.00261394 0.06881227
v -0.00826310 0.00130518 0.05859675
v -0.01306743 0.00558770 0.08570499
v -0.01341191 0.00605067 0.08808198
v -0.01212359 -0.01927090 -0.01946348
v -0.01073272 -0.00093884 0.05358230
v -0.01174697 0.00220515 0.05806610
v -0.01127201 -0.04492013 -0.14055724
v -0.01119940 -0.02449321 -0.04297736
v -0.01097959 -0.02197617 -0.00166298
v -0.01196762 -0.02164702 -0.00209372
v -0.01060387 -0.04433499 -0.13039243
v -0.01093681 -0.01852900 -0.00638539
v -0.00913290 0.00318513 0.06050270
v -0.00966626 0.00354961 0.06486616
v -0.01114586 -0.04599629 -0.09206096
v -0.00880885 -0.02117324 -0.02444019
v -0.00849273 -0.00542001 0.04763279
v -0.00800748 -0.00591115 0.04820380
v -0.00823174 -0.00263639 0.05366842
v -0.00924258 -0.03334192 -0.06692442
v -0.00906634 -0.03121846 -0.05912353
v -0.00841945 -0.01718438 0.00072647
v -0.00816368 -0.01710315 0.00151487
v -0.00871020 -0.00566124 0.04842597
v -0.00721423 -0.00499175 0.04978517
v -0.00798061 -0.03173558 -0.05651210
v -0.00796237 -0.02629103 -0.04364406
v -0.00759945 -0.01578165 0.01209465
v -0.00713743 -0.01566669 0.01307852
v -0.00932607 -0.01882292 0.01166322
v -0.00567790 -0.00739891 0.04015332
v -0.00765239 -0.00635149 0.04586846
v -0.00532824 -0.01886669 -0.00813367
v -0.00440570 -0.00552570 0.04363181
v -0.00403201 -0.00464818 0.04566438
v -0.00377303 -0.00667268 0.04189791
v -0.00374452 -0.00518145 0.04453350
v -0.00324381 -0.00655068 0.04226490
v -0.00129854 0.00395181 0.07833341
v -0.00367613 -0.05008415 -0.12852299
v -0.00258465 -0.01653695 0.02146598
v -0.00170573 -0.00442604 0.05196192
v -0.00114226 -0.00004335 0.06352042
v -0.00119169 0.00404670 0.08704882
v -0.00151973 0.00866870 0.12942186
v -0.00175946 0.00806984 0.13071001
v -0.00401952 0.00746115 0.16070404
v -0.00145992 -0.03688988 -0.07408450
v -0.00158147 -0.03661633 -0.07317181
v -0.00174112 -0.03112563 -0.05580665
v -0.00075096 -0.01358365 0.02788024
v -0.00166470 -0.01014839 0.03112689
v -0.00043521 0.00293468 0.08484815
v -0.00135662 0.00730415 0.12138459
v -0.00173592 0.00598870 0.14257865
v 0.00032256 -0.00702721 0.04672229
v 0.00051549 -0.00664892 0.04721759
v 0.00127614 -0.00581666 0.04790128
v 0.00237718 0.00245783 0.07488953
v 0.00195224 0.00426305 0.07466120
v 0.00029555 0.00652760 0.12119281
v 0.00037440 0.00687170 0.12531026
v 0.00053773 0.00698060 0.12535799
v 0.00048782 0.00684963 0.12539858
v 0.00051022 0.00686808 0.12531544
v 0.00045214 0.00686354 0.12552969
v -0.00258856 0.00513472 0.15417958
v -0.00133224 0.00472391 0.15327400
v 0.00149546 -0.00630046 0.04856489
v 0.00222871 -0.00624530 0.05040427
v 0.00248932 0.00306148 0.07950228
v 0.00213824 0.00463896 0.08835354
v 0.00234843 0.00553746 0.11293875
v 0.00171887 0.00728394 0.12509398
v 0.00191914 0.00802029 0.13262373
v 0.00193072 0.00782896 0.13460298
v -0.00236539 0.00620495 0.15746664
v 0.00033669 0.00315368 0.15015963
v 0.00274435 0.00523278 0.10556975
v 0.00179376 0.00680292 0.13617904
v 0.00056720 0.00347611 0.15020239
v 0.00080762 0.00335463 0.15006158
v 0.00252948 0.01019871 0.16219263
v 0.00180495 0.00902007 0.16109791
v 0.00519445 -0.00344963 0.05836978
v 0.00489374 -0.00380247 0.05934401
v 0.00242623 0.00451715 0.15279334
v 0.00176884 0.00338217 0.15004595
v 0.00228526 0.00997187 0.16246086
v 0.00386951 0.00452768 0.15357694
v 0.00751500 -0.00126967 0.06535304
v 0.00978536 0.00222372 0.07332535
v 0.01085307 0.00239833 0.07671311
v 0.00874737 0.00071639 0.06875792
v 0.01133803 -0.00059637 0.06510936
v 0.01101572 0.00355794 0.07864041
v 0.01265886 0.00176477 0.07053339
v 0.01316536 0.00244690 0.07301164
v 0.01468482 0.00639828 0.09566911
v 0.01517315 0.00427937 0.08230077
v 0.01688834 0.00814070 0.10291342
v 0.01547620 0.00592947 0.10005513
v 0.01903436 0.00758101 0.11006610
v 0.01800260 0.00558138 0.09493664
v 0.02060932 0.00762108 0.10824502
v 0.02269444 0.00987553 0.11866344
v 0.02278750 0.01398249 0.13366339
v 0.02315339 0.01286255 0.13634240
v 0.02263967 0.01394572 0.13295972
v 0.02457964 0.01176920 0.12830932
v 0.02448863 0.01260617 0.14322098
v 0.02476283 0.01255515 0.14278788
v 0.02438733 0.01260379 0.14342268
v 0.02483461 0.01202242 0.15084277
v 0.02477327 0.01271449 0.14170613
v 0.02542598 0.01181328 0.14602911
v 0.02505949 0.01132405 0.14992183
v 0.02514478 0.01112142 0.14946006
v 0.02445236 0.01201287 0.15458933
v 0.02497956 0.01154573 0.15659188
v 0.02667740 0.01169897 0.14016914
v 0.02624883 0.01111271 0.14947571
v 0.02636478 0.01094475 0.14922305
v 0.02622921 0.01112083 0.14978109
v 0.02575989 0.01132479 0.15184151
v 0.02603358 0.01169685 0.15262373
v 0.02674245 0.01367274 0.15915515
v 0.02817428 0.01092424 0.14750748
v 0.02691897 0.01378523 0.15955491
v 0.03083195 0.01072940 0.15095926
v 0.02848161 0.01047980 0.14795948
v 0.02863828 0.01141794 0.15136398
v 0.03143428 0.01223085 0.15562994
v 0.03078550 0.01403984 0.15725830
v 0.03181459 0.01519849 0.16180561
v 0.03143514 0.01100942 0.15302216
v -0.03329717 -0.04992648 -0.18843003
v -0.03198543 -0.05002099 -0.17680518
v -0.03142899 -0.05005004 -0.16314562
v -0.03089111 -0.04823240 -0.14813755
v -0.03114510 -0.04971625 -0.15339553
v -0.03108852 -0.04998921 -0.15627763
v -0.03109889 -0.05002277 -0.15637358
v -0.02984354 -0.04769536 -0.13664986
v -0.03035170 -0.04993691 -0.14691709
v -0.02379967 -0.05001796 -0.20417453
v -0.02439101 -0.05002328 -0.20689535
v -0.02838107 -0.04999116 -0.14031214
v -0.01668505 -0.04785262 -0.19369081
v -0.01770579 -0.04788227 -0.10158971
v -0.01565989 -0.04964823 -0.19441228
v -0.01443738 -0.04879549 -0.18840475
v -0.01155511 -0.04950891 -0.17585061
v -0.01047849 -0.04997691 -0.11203344
v -0.00448022 -0.04999471 -0.15199223
v -0.00494670 -0.05001931 -0.12234763
v -0.00233772 -0.04891961 -0.14323048
v -0.00415213 -0.04999917 -0.14925034
v -0.00313893 -0.04927789 -0.12226823
v -0.00334242 -0.05001008 -0.13387848
v -0.03519661 -0.04977262 -0.20725664
v -0.02499215 -0.04728180 -0.19984123
v -0.02561850 -0.04983959 -0.20983192
v -0.02715042 -0.04838778 -0.20846964
v -0.03544544 -0.05008242 -0.20976701
v -0.03463567 -0.04897123 -0.20752271
v -0.03556074 -0.05020336 -0.21134911
v -0.03500806 -0.04937593 -0.20775250
v -0.02755015 -0.04886554 -0.21045634
v -0.02736141 -0.04851242 -0.20932274
v -0.04737695 0.00145913 0.13426779
v -0.04780394 0.00089357 0.13426735
v -0.04621532 -0.00369817 0.12926252
v -0.04348931 0.00272347 0.13539718
v -0.04328833 0.00282237 0.13537987
v -0.04502503 -0.00430151 0.12703970
v -0.04662642 -0.00240375 0.13113854
v -0.04671638 -0.00090867 0.13279919
v -0.04360932 0.00144700 0.13413290
v -0.04325788 0.00280112 0.13536483
v -0.04282189 0.00256835 0.13521482
v -0.04369079 -0.00483939 0.12806368
v -0.04280343 0.00183530 0.13396035
v -0.04274734 0.00183836 0.13411647
v -0.04255800 0.00225896 0.13535230
v -0.04398981 0.00181030 0.13574636
v -0.03740407 0.00128076 0.11439396
v -0.04169862 -0.00482620 0.12595711
v -0.04041922 -0.00250736 0.12504337
v -0.04076457 -0.00115723 0.13188266
v -0.03985769 0.00015075 0.11416397
v -0.03944721 -0.00181102 0.11970699
v -0.04038417 -0.00086229 0.13014527
v -0.03948569 -0.00163050 0.13103826
v -0.04113380 -0.00142891 0.11988491
v -0.03822285 -0.00068315 0.11603165
v -0.03833058 -0.00155903 0.12030870
v -0.03974186 -0.00407381 0.12473658
v -0.03942792 -0.00271320 0.12465540
v -0.03923049 -0.00369929 0.12540482
v -0.03972326 -0.00221785 0.13063650
v -0.03238918 -0.04539125 -0.19958498
v -0.03372902 -0.04932658 -0.19239117
v -0.03656233 0.00084704 0.10407297
v -0.03728065 0.00033865 0.10569370
v -0.03608283 0.00053716 0.10243076
v -0.03440764 0.00064384 0.10127155
v -0.03831158 0.00008177 0.11224558
v -0.03366782 -0.04919530 -0.19249046
v -0.03217125 -0.03529309 -0.15044423
v -0.03498111 0.00006979 0.09864015
v -0.03444612 0.00050740 0.09799039
v -0.03673608 0.00013573 0.10417294
v -0.03554727 -0.00004363 0.10051572
v -0.03405959 -0.00021163 0.09614281
v -0.02975731 -0.04127374 -0.18701842
v -0.02756662 -0.04580749 -0.20291428
v -0.02965198 -0.03601328 -0.16721047
v -0.03175417 -0.04801109 -0.17784909
v -0.02820610 -0.02946386 -0.08619209
v -0.03040419 0.00043658 0.08608224
v -0.03138681 0.00015092 0.08842924
v -0.03231967 -0.00030464 0.09127601
v -0.03019887 -0.00000305 0.08486988
v -0.03320199 -0.00043703 0.09410534
v -0.03210057 -0.00050197 0.09226803
v -0.03231857 -0.00048629 0.09262413
v -0.03551451 -0.00048332 0.10407346
v -0.03310388 -0.00027676 0.10328654
v -0.03259509 0.00021022 0.10145420
v -0.02670244 -0.03838207 -0.17965600
v -0.02741169 -0.03928710 -0.18117914
v -0.02724048 -0.03829969 -0.17775224
v -0.03113797 -0.04920044 -0.15027624
v -0.03099425 -0.04853218 -0.14777426
v -0.03085882 -0.04825633 -0.14534874
v -0.03222375 -0.00109799 0.09734832
v -0.03156400 -0.00003929 0.09817932
v -0.02525692 -0.02871126 -0.12867738
v -0.02855179 -0.02952053 -0.14186258
v -0.03113892 0.00068632 0.09310299
v -0.02500264 -0.03886578 -0.18032847
v -0.02832525 -0.04844361 -0.13418481
v -0.03036235 -0.04798728 -0.14090272
v -0.03042647 -0.04675572 -0.13793440
v -0.02898801 -0.04578477 -0.12642249
v -0.02802413 -0.03848991 -0.09696450
v -0.02980966 -0.00078770 0.08794905
v -0.02403006 -0.04645658 -0.19742868
v -0.02804130 -0.04943328 -0.13745789
v -0.02427781 -0.02838814 -0.10675609
v -0.02638322 -0.02737890 -0.10706652
v -0.02331866 -0.03304533 -0.16580550
v -0.02166796 -0.03060141 -0.14226066
v -0.02537914 -0.00166638 0.06951431
v -0.02672473 -0.04040631 -0.09788539
v -0.02287425 -0.02574307 -0.08591259
v -0.02586814 0.00596279 0.14984544
v -0.02143998 -0.04852911 -0.19934192
v -0.02145208 -0.04895921 -0.19953763
v -0.02098887 -0.04975282 -0.20005937
v -0.02150491 -0.04846914 -0.19873693
v -0.02158837 -0.04853254 -0.19855802
v -0.02138040 -0.04705791 -0.19293312
v -0.01937256 -0.03880379 -0.16979379
v -0.02118234 -0.03375524 -0.16234146
v -0.02973796 -0.04413016 -0.12431412
v -0.02768143 -0.04667748 -0.12508800
v -0.02070715 -0.02794467 -0.07417927
v -0.02346423 -0.03107526 -0.06487875
v -0.02449861 0.00330877 0.14710989
v -0.02530168 0.00333151 0.14819893
v -0.02455996 0.00487592 0.14804161
v -0.02493991 0.00586770 0.14969972
v -0.02157824 -0.04714068 -0.19547323
v -0.02045777 -0.04637738 -0.19070026
v -0.02020882 -0.04636337 -0.19095416
v -0.01908761 -0.04679950 -0.19399847
v -0.02008375 -0.04144663 -0.17623098
v -0.01709782 -0.04314815 -0.17340312
v -0.01942144 -0.04094492 -0.15471044
v -0.02069372 -0.03568906 -0.10894972
v -0.02346181 -0.00259548 0.06450102
v -0.02110015 -0.00347883 0.05986561
v -0.02087925 -0.00326976 0.05986983
v -0.02316015 0.00146776 0.14169739
v -0.02377441 0.00232250 0.14319277
v -0.01908929 -0.02388209 -0.05688082
v -0.02145434 0.00524255 0.12719132
v -0.02084172 0.00494039 0.13393981
v -0.02214740 0.00281783 0.13448485
v -0.02285922 0.00084112 0.14312135
v -0.01758986 -0.04717162 -0.19382322
v -0.01719851 -0.04701400 -0.19315026
v -0.01822411 -0.04696573 -0.19277372
v -0.02191038 -0.04923618 -0.11331862
v -0.02141749 -0.04612068 -0.09832987
v -0.02181736 -0.04489914 -0.09386277
v -0.02169439 -0.04220683 -0.08484426
v -0.01918190 -0.00389598 0.05720245
v -0.02049398 -0.00284533 0.06118293
v -0.01833938 0.00476798 0.10170428
v -0.01802071 0.00500758 0.10112758
v -0.01837561 0.00468489 0.10172361
v -0.01904352 0.00398727 0.10799651
v -0.01895178 0.00433145 0.11038569
v -0.01943341 0.00383859 0.11098972
v -0.01996394 0.00494717 0.12405506
v -0.01984900 0.00391999 0.13150111
v -0.01963748 0.00170587 0.14113238
v -0.02396531 0.00045754 0.14314454
v -0.01640548 -0.04801932 -0.19369486
v -0.01707696 -0.04664427 -0.17966291
v -0.01590320 -0.04416808 -0.13815421
v -0.01812759 -0.02362556 -0.05335367
v -0.01822094 -0.02371529 -0.05500037
v -0.02488836 -0.03564855 -0.07776135
v -0.01843584 -0.03129123 -0.04581253
v -0.01591699 -0.02257041 -0.04503266
v -0.02060971 -0.00459783 0.06028811
v -0.01743015 0.00568019 0.09275384
v -0.01804203 0.00492326 0.09803407
v -0.01704154 0.00589014 0.08845666
v -0.01716668 0.00603352 0.09179545
v -0.01817957 0.00452332 0.10000516
v -0.01727150 0.00545298 0.09081308
v -0.01736483 0.00577403 0.09497205
v -0.01761013 0.00541430 0.09885071
v -0.01688765 0.00626505 0.09004802
v -0.01768023 0.00468877 0.10490057
v -0.01879613 0.00354917 0.10759695
v -0.01823153 0.00398211 0.10254297
v -0.01857695 0.00325594 0.10945556
v -0.01686630 0.00331346 0.11175474
v -0.01865945 0.00688890 0.12799080
v -0.01884304 0.00328364 0.13533283
v -0.01912079 0.00197714 0.13910827
v -0.02010653 0.00041045 0.14033502
v -0.02163498 0.00102506 0.14072002
v -0.01915129 0.00427476 0.14559757
v -0.02009971 0.00184706 0.14300641
v -0.02049859 0.00587519 0.14862997
v -0.02006120 0.00396341 0.14661405
v -0.02001160 0.00542542 0.14980784
v -0.01964904 0.00756722 0.14986892
v -0.01859047 0.00554672 0.14769813
v -0.02015422 0.00698720 0.15009230
v -0.01585602 -0.04975071 -0.19522877
v -0.01332910 -0.04505388 -0.15639155
v -0.02005733 -0.04740827 -0.10298282
v -0.02016468 -0.04669474 -0.10039773
v -0.02058175 -0.04650891 -0.09960819
v -0.01906566 -0.04422899 -0.08912792
v -0.01671457 -0.02400865 -0.02779969
v -0.01453372 0.00465297 0.06907236
v -0.01438738 0.00579111 0.06898949
v -0.01556016 0.00540921 0.07479570
v -0.01531743 0.00459168 0.08048777
v -0.01504251 0.00459916 0.07577987
v -0.01490613 0.00637442 0.08400874
v -0.01631373 0.00452961 0.09132373
v -0.01733206 0.00283188 0.10773544
v -0.01829062 0.00384500 0.11501347
v -0.01741561 0.00426967 0.11648913
v -0.01767966 0.00453685 0.11726867
v -0.01618714 0.00430227 0.11257607
v -0.01702281 0.00516772 0.11868281
v -0.01759538 0.00556223 0.12381776
v -0.01722549 0.00531840 0.12112220
v -0.01893472 0.00153852 0.14094695
v -0.01463932 -0.04712021 -0.18489637
v -0.01493089 -0.04430895 -0.15196635
v -0.01935674 -0.03760417 -0.10070522
v -0.01375641 -0.02008973 -0.02966023
v -0.01613380 -0.00501442 0.05315036
v -0.01424563 0.00533209 0.06652542
v -0.01512594 0.00452326 0.07944547
v -0.01374576 0.00412228 0.07005712
v -0.01415393 0.00612859 0.07199717
v -0.01406784 0.00434909 0.07355444
v -0.01407582 0.00452232 0.07564505
v -0.01434039 0.00541829 0.09610552
v -0.01610942 0.00449381 0.09089904
v -0.01422901 0.00513688 0.09387793
v -0.01558882 0.00358047 0.10715962
v -0.01593942 0.00426081 0.11027570
v -0.01509564 0.00537388 0.10029662
v -0.01609378 0.00413757 0.11237558
v -0.01656707 0.00454662 0.11563585
v -0.01650878 -0.04906081 -0.10607097
v -0.01618254 -0.04402561 -0.08641039
v -0.01732306 -0.02478875 -0.03199447
v -0.01494195 -0.02244134 -0.01954232
v -0.01446896 -0.02205117 -0.01762828
v -0.01660565 -0.00529323 0.05347859
v -0.01438783 0.00456467 0.08257178
v -0.01201432 0.00590683 0.07897391
v -0.01203828 -0.04946152 -0.17728755
v -0.01431593 -0.04617511 -0.16245267
v -0.01300217 -0.04590216 -0.15476105
v -0.01538878 -0.04919078 -0.10825958
v -0.01487343 -0.04782096 -0.10243797
v -0.01612432 -0.04119784 -0.07707257
v -0.01389404 -0.03096016 -0.04623769
v -0.01563347 -0.03373306 -0.07377799
v -0.01518485 -0.02730049 -0.05915511
v -0.01255449 -0.02346943 -0.03797128
v -0.01267754 -0.02180658 -0.02851504
v -0.01362653 -0.02133013 -0.01543172
v -0.01277087 -0.02007616 -0.01028591
v -0.01457310 -0.00555665 0.05111617
v -0.01238813 -0.00625451 0.04826734
v -0.01460787 -0.00546358 0.05124887
v -0.01240890 -0.00597718 0.04855387
v -0.01850920 -0.00484417 0.05590602
v -0.01151520 0.00611017 0.07266268
v -0.01222947 0.00403537 0.06904256
v -0.01271788 -0.04585285 -0.15306196
v -0.01220715 -0.04535781 -0.14940731
v -0.01209024 -0.04499194 -0.14427723
v -0.01271634 -0.04600632 -0.15329196
v -0.01179927 -0.04544871 -0.14721017
v -0.01159158 -0.04530567 -0.14567340
v -0.01438307 -0.04852104 -0.10475152
v -0.01447028 -0.04743913 -0.10011490
v -0.01499642 -0.04623916 -0.09576806
v -0.01397806 -0.04649988 -0.09541916
v -0.01193964 -0.03267476 -0.06662863
v -0.01118326 -0.02325544 -0.03958277
v -0.01448102 -0.02399990 -0.01711075
v -0.01473672 -0.02301912 -0.01791701
v -0.01395427 -0.02254458 -0.01383601
v -0.01131919 -0.01902970 0.00209899
v -0.01287080 -0.02175519 -0.00509192
v -0.01313871 -0.02121896 -0.00800711
v -0.01225129 -0.02158788 -0.00252472
v -0.01204552 -0.02043667 -0.00031649
v -0.01000390 -0.00543819 0.04957518
v -0.01166237 0.00078565 0.05674333
v -0.01097973 -0.00017819 0.05460457
v -0.01079231 -0.00077395 0.05379883
v -0.01119721 -0.04487629 -0.13902710
v -0.01152244 -0.04544442 -0.14563914
v -0.01084419 -0.04513099 -0.13814728
v -0.01108666 -0.04489622 -0.13816668
v -0.00934200 -0.03787741 -0.08438389
v -0.01064797 -0.02557144 -0.04431682
v -0.00985306 -0.02161698 -0.03017433
v -0.01096167 -0.02215917 -0.02750015
v -0.01241124 -0.01930012 -0.02095622
v -0.01101665 -0.01842505 -0.00441200
v -0.01009680 -0.00253739 0.05148967
v -0.01068686 -0.00577939 0.05117697
v -0.01099181 -0.00626222 0.05140961
v -0.01005307 0.00418272 0.06370857
v -0.00824297 0.00208511 0.05817977
v -0.01083514 -0.04844523 -0.17155784
v -0.01091416 -0.04500186 -0.13760791
v -0.01233220 -0.04237598 -0.07899798
v -0.01081343 -0.03066147 -0.06012531
v -0.00997673 -0.02980563 -0.05769273
v -0.00925174 -0.02716005 -0.04801385
v -0.00928103 -0.02493993 -0.04154523
v -0.00913249 -0.02206752 -0.03144407
v -0.00915299 -0.01973539 -0.01599373
v -0.00955565 -0.01859898 -0.00393656
v -0.01148312 -0.01898438 -0.00176621
v -0.01156463 -0.02015672 0.00190640
v -0.01219311 -0.02022327 -0.00178350
v -0.01206981 -0.00606605 0.04808990
v -0.00835507 -0.00505454 0.04750567
v -0.00721499 -0.00661880 0.04426921
v -0.00864505 0.00236785 0.05881471
v -0.00779464 0.00081613 0.05568026
v -0.00788762 0.00099326 0.05753954
v -0.00931020 -0.04598677 -0.14196352
v -0.01086019 -0.04897591 -0.10714527
v -0.00865090 -0.03038710 -0.05543836
v -0.00785313 -0.03185694 -0.05735722
v -0.00886858 -0.02840593 -0.05234513
v -0.00940956 -0.02803107 -0.05137320
v -0.00882854 -0.02660090 -0.04622174
v -0.00755031 -0.03250593 -0.04619622
v -0.00848323 -0.01929861 -0.01360157
v -0.00851761 -0.01899431 -0.01226032
v -0.00819276 -0.01762302 -0.00157324
v -0.00825192 -0.01756900 -0.00141248
v -0.00950813 -0.01845845 -0.00344860
v -0.00859075 -0.01574605 0.02069825
v -0.00918667 -0.00742993 0.04346454
v -0.00869861 -0.00882374 0.04296279
v -0.00952794 -0.00260102 0.05063366
v -0.00834727 -0.00668069 0.04825792
v -0.00835002 -0.00370241 0.04905499
v -0.00872435 -0.00050590 0.05647346
v -0.00700489 -0.00065529 0.05329765
v -0.00941735 -0.04450374 -0.12630341
v -0.01020644 -0.04949041 -0.10829452
v -0.00688102 -0.01983239 -0.01121706
v -0.00779811 -0.02134783 -0.01908612
v -0.01276788 -0.02488459 -0.01707034
v -0.00801106 -0.01375224 0.03169302
v -0.00756653 -0.00787805 0.04237139
v -0.00623170 -0.00641862 0.04305004
v -0.00476326 -0.00702815 0.04546743
v -0.00454390 -0.00490824 0.04726122
v -0.00599016 -0.00189136 0.05125442
v -0.01467166 -0.04696731 -0.16973509
v -0.00532237 -0.04252547 -0.10806737
v -0.00900226 -0.04926812 -0.10601953
v -0.00925669 -0.04823306 -0.10088755
v -0.00767313 -0.01757618 0.00060906
v -0.00688619 -0.02145898 0.00450904
v -0.00772315 -0.01787170 0.01876654
v -0.00684801 -0.01296395 0.03476162
v -0.00536689 -0.03706113 -0.07087003
v -0.00685595 -0.02309835 -0.03179972
v -0.00550912 -0.01912994 -0.00927353
v -0.00576488 -0.01656061 0.02475100
v -0.00456536 -0.01268900 0.02901690
v -0.00526353 -0.01500638 0.03003000
v -0.00385744 -0.01147324 0.03302761
v -0.00425246 -0.01018967 0.03493308
v -0.00108887 -0.04640361 -0.13442041
v -0.00521030 -0.04321863 -0.08132590
v -0.00355092 -0.02642097 -0.04005895
v -0.00530793 -0.01438555 0.01891356
v -0.00452544 -0.01337912 0.02375480
v -0.00064935 0.00314764 0.06434780
v -0.00137568 0.00342450 0.07208577
v -0.00424792 0.00738700 0.16057001
v -0.00714074 -0.04960203 -0.11330234
v -0.00434253 -0.03528407 -0.06593824
v -0.00419162 -0.03109767 -0.05242720
v -0.00216922 -0.02986093 -0.05202656
v -0.00293555 -0.02804208 -0.04558712
v -0.00240626 -0.02900153 -0.04905939
v -0.00285191 -0.02770425 -0.04475672
v -0.00420795 -0.02200549 -0.01809326
v -0.00348914 -0.02438014 -0.02121838
v -0.00368681 -0.02372673 -0.01512894
v -0.00666874 -0.02290337 -0.00259185
v -0.00262287 -0.01660035 0.02223359
v -0.00367646 -0.00754272 0.04030119
v -0.00055196 -0.00776254 0.03967413
v -0.00223364 -0.00713684 0.04663150
v -0.00107848 0.00082040 0.06530695
v -0.00111752 0.00444176 0.08002824
v -0.00138100 0.00384794 0.07509792
v -0.00115640 0.00401344 0.08723069
v -0.00121298 0.00418689 0.08817771
v -0.00091152 0.00462162 0.08617855
v -0.00113961 0.00381719 0.08757908
v -0.00118327 0.00394875 0.08829214
v -0.00102115 0.00405494 0.09207490
v -0.00107506 0.00464293 0.09260605
v -0.00082949 0.00491580 0.09681494
v -0.00137008 0.00855620 0.12495170
v -0.00164993 0.00813669 0.13455804
v -0.00345912 0.00558609 0.15696747
v -0.00387286 0.00713261 0.16110247
v -0.00370930 0.00643246 0.16075813
v -0.00232650 -0.04927257 -0.14108505
v -0.00425608 -0.04917929 -0.11569342
v -0.00214710 -0.04829012 -0.11698296
v -0.00351607 -0.04864185 -0.11226835
v -0.00208593 -0.04286981 -0.10773319
v -0.00460406 -0.04497188 -0.08766528
v -0.00053425 -0.03926312 -0.07359819
v -0.00163514 -0.03766143 -0.07678327
v -0.00243779 -0.03368413 -0.06118210
v -0.00356785 -0.03479149 -0.06432471
v -0.00205026 -0.03651678 -0.07147574
v -0.00198396 -0.03100030 -0.05550674
v -0.00204403 -0.02984071 -0.05201278
v -0.00362125 -0.02702180 -0.03257888
v -0.00354040 -0.01735085 0.01975230
v -0.00098041 -0.01481258 0.02463374
v -0.00230259 -0.01122528 0.02971833
v 0.00089163 0.00091310 0.06665343
v -0.00002736 0.00260001 0.07871561
v -0.00065805 0.00243454 0.07789271
v -0.00078835 0.00294860 0.08098215
v -0.00008678 0.00314254 0.08455961
v -0.00071022 0.00350413 0.08700865
v 0.00020277 0.00791436 0.11531879
v -0.00156588 0.00784862 0.12782741
v -0.00154279 0.00782352 0.13634034
v -0.00150075 0.00735730 0.13848525
v -0.00180985 0.00681685 0.13959968
v -0.00159011 0.00684397 0.14029767
v -0.00150787 0.00536250 0.14482770
v -0.00181450 0.00428613 0.15105053
v -0.00220621 0.00349019 0.15422047
v -0.00267054 0.00715581 0.15889286
v -0.00248217 0.00668844 0.15827717
v -0.00186202 -0.04916190 -0.13455813
v -0.00101829 -0.04796207 -0.12173522
v -0.00070589 -0.04760645 -0.13546719
v -0.00297297 -0.03779909 -0.07616585
v -0.00202592 -0.03822607 -0.07917978
v -0.00117947 -0.03876712 -0.08103770
v -0.00089814 -0.04037539 -0.08763712
v -0.00187433 -0.02930526 -0.04951284
v -0.00044096 -0.01333237 0.02804658
v 0.00105003 -0.00760343 0.03689869
v 0.00143385 -0.00604831 0.04798829
v 0.00141747 -0.00529275 0.04636629
v 0.00110703 -0.00536501 0.04829599
v 0.00134724 -0.00036660 0.06111181
v 0.00156203 -0.00374470 0.04841035
v 0.00168498 -0.00278123 0.05151825
v -0.00050408 0.00155154 0.05883834
v 0.00231911 0.00196058 0.06557393
v 0.00238360 0.00198037 0.06690273
v 0.00180690 0.00356231 0.06757642
v 0.00161760 0.00172727 0.07050195
v 0.00131224 0.00204356 0.07776043
v 0.00219227 0.00389711 0.07722467
v 0.00191682 0.00426170 0.08057906
v 0.00205860 0.00423034 0.07961669
v 0.00200094 0.00425252 0.08024459
v -0.00057471 0.00464429 0.08410775
v 0.00125163 0.00653977 0.10913781
v -0.00082473 0.00748497 0.12780394
v 0.00017915 0.00683741 0.12457789
v 0.00044707 0.00693141 0.12534384
v 0.00050799 0.00697121 0.12535615
v 0.00034684 0.00685119 0.12505459
v 0.00025246 0.00692576 0.12611678
v -0.00168695 0.00646616 0.14149784
v -0.00139533 0.00535742 0.14591537
v -0.00111913 0.00288643 0.15155702
v -0.00230296 0.00456081 0.15729931
v -0.00036423 -0.04166809 -0.09317772
v 0.00027135 -0.04518761 -0.10835970
v 0.00188157 -0.00824913 0.03641727
v 0.00150655 -0.00616393 0.04154550
v 0.00231578 0.00414187 0.08166106
v 0.00219539 0.00438968 0.08517894
v 0.00250067 0.00390063 0.08374252
v 0.00244682 0.00415068 0.08566393
v 0.00166638 0.00563085 0.10251695
v 0.00229703 0.00461594 0.08916630
v 0.00204410 0.00554417 0.10231749
v 0.00251017 0.00459665 0.09139162
v 0.00260242 0.00427839 0.09009068
v 0.00243090 0.00494149 0.09530748
v 0.00269404 0.00474572 0.09812157
v 0.00265733 0.00542802 0.11088876
v 0.00132971 0.00638480 0.11651591
v 0.00251547 0.00671566 0.11849659
v 0.00200028 0.00836320 0.12370394
v -0.00012090 0.00899000 0.13184103
v 0.00121561 0.00429611 0.14884585
v -0.00027522 0.00337725 0.14835310
v 0.00065240 0.00355982 0.15011916
v -0.00023807 -0.01295927 0.03072745
v 0.00277100 0.00513496 0.10331365
v 0.00274287 0.00498915 0.10212656
v 0.00014508 0.00691191 0.13338785
v 0.00153350 0.00868088 0.13074851
v 0.00409416 0.00748665 0.15787701
v 0.00341799 -0.00623523 0.04243108
v 0.00400441 -0.00449312 0.04968499
v 0.00487477 -0.00688539 0.04962477
v 0.00392855 -0.00668439 0.05014358
v 0.00290043 -0.00511415 0.05299021
v 0.00526456 -0.00342075 0.06006648
v 0.00224142 0.00474251 0.14472270
v 0.00216650 0.00431377 0.14582762
v 0.00234750 0.00413126 0.14880324
v 0.00180137 0.00352542 0.14935063
v 0.00191818 0.00388204 0.15225290
v 0.00111538 0.00354398 0.15069873
v 0.00288732 0.00534800 0.15479470
v 0.00550986 -0.00565250 0.05576579
v 0.00524728 -0.00559293 0.05571585
v 0.00546429 -0.00347816 0.06034133
v 0.00464786 -0.00380656 0.05865252
v 0.00354906 0.00425165 0.15262944
v 0.00301830 0.00456819 0.15282317
v 0.00307335 0.00397840 0.15121119
v 0.00283353 0.00367038 0.15364414
v 0.00271783 0.00371244 0.15370837
v 0.00338428 0.00374911 0.15454307
v 0.00345388 0.00655848 0.15643020
v 0.00204024 0.00859549 0.16159635
v 0.00412033 0.00727299 0.16010272
v 0.00707398 -0.00484712 0.05351251
v 0.00440694 -0.00723762 0.04497824
v 0.00707639 -0.00394406 0.05476626
v 0.00662354 -0.00337999 0.05758571
v 0.00564966 -0.00646961 0.05017922
v 0.00585203 -0.00277865 0.06042089
v 0.00789942 -0.00037834 0.06498887
v 0.00644547 -0.00215490 0.06287488
v 0.00633399 -0.00241255 0.06263835
v 0.00413736 0.00529740 0.15630971
v 0.00777449 -0.00355929 0.05643197
v 0.00694041 -0.00517949 0.05300779
v 0.00905773 -0.00300123 0.05911586
v 0.00727585 -0.00511103 0.05440076
v 0.00575315 -0.00529614 0.05705097
v 0.00652792 -0.00178302 0.06280529
v 0.00841912 0.00018007 0.06775715
v 0.00914207 -0.00352044 0.06034585
v 0.01038513 0.00106454 0.07370804
v 0.01033991 0.00198654 0.07491032
v 0.00894375 -0.00320200 0.05870653
v 0.01042015 0.00302903 0.07580748
v 0.01094637 0.00314304 0.07578169
v 0.01434040 0.00443780 0.08411066
v 0.01079808 -0.00180413 0.06359011
v 0.00878666 -0.00113421 0.06642904
v 0.01255840 0.00035550 0.07127094
v 0.01289638 0.00327777 0.08418514
v 0.01384491 0.00561517 0.09173785
v 0.01439238 0.00326619 0.07809445
v 0.01538003 0.00460423 0.08357009
v 0.01479377 0.00342721 0.07964778
v 0.01535502 0.00426811 0.08279883
v 0.01284199 0.00500275 0.08622231
v 0.01425686 0.00591554 0.09388225
v 0.01415528 0.00595143 0.09313804
v 0.01498414 0.00665724 0.09610207
v 0.01401852 0.00556163 0.09284825
v 0.01498244 0.00641952 0.09787373
v 0.01577793 0.00437654 0.08421122
v 0.01486293 0.00272331 0.07975968
v 0.01495408 0.00322246 0.08014501
v 0.01669552 0.00571631 0.09073793
v 0.01471033 0.00373627 0.08869047
v 0.01591920 0.00741995 0.09905255
v 0.01706568 0.00544370 0.09115790
v 0.01568009 0.00339921 0.08429769
v 0.01661958 0.00451240 0.08845665
v 0.01709717 0.00617740 0.10323263
v 0.01729194 0.00637882 0.10397193
v 0.01727239 0.00886268 0.10973150
v 0.01850715 0.01054240 0.11503163
v 0.01810676 0.00608893 0.09569137
v 0.01795441 0.00577786 0.09468701
v 0.01833531 0.00648181 0.09747594
v 0.01955873 0.00682603 0.10209325
v 0.01965764 0.00677110 0.10390881
v 0.01747576 0.00767392 0.10113380
v 0.02088104 0.00970151 0.11340935
v 0.01969024 0.00968655 0.11076478
v 0.01916754 0.01108123 0.11592607
v 0.02215349 0.01001911 0.11638076
v 0.02261797 0.01092199 0.11990855
v 0.02296541 0.01052310 0.11986255
v 0.02182982 0.01200353 0.12206252
v 0.02017591 0.01204244 0.12186148
v 0.02035533 0.01214369 0.12360597
v 0.02151656 0.01299084 0.12665771
v 0.02134036 0.01282287 0.12851616
v 0.02203522 0.01349504 0.13098118
v 0.02237156 0.01378644 0.13179042
v 0.01925570 0.00987881 0.11813966
v 0.02027519 0.01166795 0.12381518
v 0.02418304 0.01380596 0.13120787
v 0.02337421 0.01384302 0.13434055
v 0.02312287 0.01158164 0.13083100
v 0.02421347 0.01269833 0.12882660
v 0.02278787 0.01020851 0.11880670
v 0.02202612 0.00962577 0.12030429
v 0.02365953 0.01126492 0.13039461
v 0.02391735 0.01210259 0.13399487
v 0.02489418 0.01424397 0.13661621
v 0.02433404 0.01307835 0.14071165
v 0.02411097 0.01255097 0.14238937
v 0.02583249 0.01291196 0.13489756
v 0.02464202 0.01402272 0.13306507
v 0.02624471 0.01285491 0.13714182
v 0.02477780 0.01247894 0.14305438
v 0.02564614 0.01164227 0.14544833
v 0.02540645 0.01184719 0.14589510
v 0.02620383 0.01149941 0.14554598
v 0.02524582 0.01138087 0.14751051
v 0.02530038 0.01138903 0.14769627
v 0.02477806 0.01173700 0.15057340
v 0.02500796 0.01130060 0.15197012
v 0.02434568 0.01147966 0.15315857
v 0.02457200 0.01211313 0.15506582
v 0.02477909 0.01231032 0.15642925
v 0.02486284 0.01196351 0.15716169
v 0.02655531 0.01389850 0.16257103
v 0.02673285 0.01187671 0.14003702
v 0.02505967 0.01220855 0.15287230
v 0.02546620 0.01095732 0.15467725
v 0.02641247 0.01398372 0.16250309
v 0.02611211 0.01043790 0.14656806
v 0.02780571 0.01120001 0.14684183
v 0.02740450 0.01527319 0.16243271
v 0.02808591 0.01087192 0.14704511
v 0.02745128 0.01111996 0.14368170
v 0.02718866 0.01121882 0.14260980
v 0.02800099 0.01081917 0.14951770
v 0.02949913 0.01125461 0.15148864
v 0.03038961 0.01146768 0.15034374
v 0.03082400 0.01389069 0.15667350
v 0.03107711 0.01497446 0.16177446
v 0.03201869 0.01162660 0.15243755
v 0.03168897 0.01308472 0.15734839
v 0.03158190 0.01493171 0.16232519
v 0.03213386 0.01520141 0.16092499
v 0.03182467 0.01401149 0.16156780
v 0.03266794 0.01442210 0.16171871
v 0.03131574 0.01428951 0.16189676
v -0.04517607 -0.00415134 0.12769667
v -0.04467367 -0.00321480 0.12885820
v -0.04093541 -0.00206875 0.12849215
v -0.04383876 0.00206299 0.13537931
v -0.04351067 0.00263224 0.13577954
v -0.04336520 0.00276994 0.13565152
v -0.04345879 0.00254087 0.13584778
v -0.04594611 -0.00274578 0.12884374
v -0.04248879 -0.00343561 0.12573156
v -0.04380331 -0.00383129 0.12863015
v -0.04306618 -0.00419314 0.12789823
v -0.04270963 0.00077800 0.13235807
v -0.04219124 0.00051226 0.13191019
v -0.04319453 0.00138839 0.13306800
v -0.04278637 0.00198257 0.13451310
v -0.04375086 0.00169048 0.13485904
v -0.04356270 0.00153216 0.13435534
v -0.04357794 0.00143385 0.13464621
v -0.04314637 0.00173182 0.13438560
v -0.04392624 0.00171094 0.13513665
v -0.04366935 0.00138295 0.13481688
v -0.04330913 0.00280101 0.13553958
v -0.04347418 0.00191063 0.13587689
v -0.04377864 0.00166350 0.13569532
v -0.04071833 0.00012216 0.11654821
v -0.04051886 -0.00031653 0.11608004
v -0.04372356 -0.00372429 0.12595595
v -0.04229218 -0.00191114 0.12210781
v -0.04228540 -0.00195755 0.12231509
v -0.04231377 -0.00217073 0.12274595
v -0.04221783 -0.00425445 0.12738341
v -0.03987736 -0.00078877 0.13025513
v -0.03874632 0.00064635 0.11013306
v -0.03769467 0.00052260 0.10682785
v -0.04015262 0.00053736 0.11480369
v -0.03540446 -0.00031907 0.10086902
v -0.04022544 -0.00427486 0.12434157
v -0.03993236 -0.00264064 0.12555598
v -0.03925008 -0.00328521 0.12569301
v -0.04053269 -0.00360896 0.12356839
v -0.04076173 -0.00435231 0.12637278
v -0.04034609 -0.00429827 0.12639812
v -0.03958870 0.00118512 0.11303539
v -0.03660390 -0.00004217 0.11383475
v -0.03936407 -0.00190923 0.11990401
v -0.03796241 -0.00127567 0.11831943
v -0.03920141 -0.00345544 0.12556626
v -0.03931454 -0.00363901 0.12791745
v -0.04057966 -0.00111962 0.12975414
v -0.03871540 -0.00279185 0.12927751
v -0.03932794 -0.00305655 0.12924783
v -0.03884184 -0.00242105 0.12933346
v -0.03845303 -0.00264442 0.12831529
v -0.03356171 -0.00048793 0.09604198
v -0.03374689 -0.00048913 0.09678916
v -0.03741087 0.00062975 0.11600150
v -0.03372053 0.00043792 0.09560083
v -0.02806775 -0.04028469 -0.18429507
v -0.03187093 -0.00053909 0.09107572
v -0.03402937 -0.00048631 0.09688578
v -0.03257773 -0.00049869 0.09287511
v -0.03346071 -0.00049788 0.09539945
v -0.03137225 -0.00024511 0.09774686
v -0.03180301 -0.00093063 0.09870328
v -0.03351395 -0.00027172 0.10448174
v -0.03229219 -0.00068363 0.10050677
v -0.03387144 -0.00036028 0.10554712
v -0.03068021 -0.04648147 -0.13989744
v -0.03070831 -0.04685204 -0.14104165
v -0.03028752 -0.04477456 -0.13109149
v -0.02572644 0.00020520 0.07676784
v -0.02906317 -0.00061861 0.08086314
v -0.02949064 -0.00026688 0.09280312
v -0.03033792 -0.00039057 0.09524640
v -0.03147823 -0.00070254 0.09817946
v -0.02661198 -0.02837964 -0.13018678
v -0.02917343 -0.00028061 0.08111389
v -0.02852673 0.00113404 0.08880767
v -0.02647987 0.00056109 0.08368373
v -0.02933605 0.00024592 0.09231348
v -0.02575246 -0.00188169 0.07010707
v -0.02308019 -0.02935928 -0.13614370
v -0.02318927 -0.02958250 -0.13169898
v -0.02445586 -0.02806187 -0.10838898
v -0.02413803 -0.02969144 -0.11767904
v -0.02392404 -0.03004300 -0.12663532
v -0.02482342 -0.02735177 -0.10513067
v -0.02421297 -0.02794888 -0.10271522
v -0.02580477 0.00054452 0.08160539
v -0.02750992 -0.00016415 0.08648413
v -0.02516661 0.00014165 0.07917856
v -0.02778657 -0.00046300 0.08702400
v -0.02246771 -0.03024109 -0.13442038
v -0.02416245 -0.02854589 -0.09674722
v -0.02697693 -0.03900886 -0.09582434
v -0.02300812 -0.02574641 -0.08632169
v -0.02289299 -0.02579965 -0.08624398
v -0.02113823 -0.04838221 -0.19819275
v -0.02162640 -0.04723291 -0.19338340
v -0.02290103 -0.02565744 -0.08559183
v -0.02837972 -0.00073877 0.08139795
v -0.02421738 0.00296956 0.14409485
v -0.02501345 0.00440685 0.14674284
v -0.02588492 0.00382343 0.14854224
v -0.02497740 0.00603511 0.15000074
v -0.02503958 0.00601588 0.14995062
v -0.02468460 0.00657392 0.15088761
v -0.02551931 0.00625490 0.15206914
v -0.02566973 0.00601217 0.15230291
v -0.02144803 -0.04878401 -0.19949667
v -0.02103257 -0.04965162 -0.20005136
v -0.02138777 -0.04832431 -0.19840708
v -0.02134198 -0.04836422 -0.19860242
v -0.02139456 -0.04789818 -0.19797911
v -0.02155219 -0.04805414 -0.19805086
v -0.02139454 -0.04802370 -0.19810560
v -0.02142568 -0.04964526 -0.19693569
v -0.02163537 -0.04843290 -0.19611447
v -0.02153532 -0.04717475 -0.19326901
v -0.02158086 -0.04703469 -0.19280139
v -0.02001898 -0.04641024 -0.18985854
v -0.02106516 -0.00295072 0.06665318
v -0.02122411 -0.00271218 0.06669890
v -0.02503452 0.00529490 0.15200997
v -0.01999213 -0.04642303 -0.19004796
v -0.01801545 -0.04857726 -0.19523618
v -0.02165457 -0.02578994 -0.05882560
v -0.01952911 -0.02421824 -0.06051864
v -0.02356902 0.00070319 0.14172931
v -0.02432557 0.00293200 0.14407494
v -0.02339941 0.00170575 0.14234892
v -0.02405897 0.00280651 0.14453651
v -0.02408195 0.00133894 0.14529747
v -0.02320607 0.00130105 0.14150932
v -0.02128514 0.00198780 0.13872871
v -0.02063239 0.00122381 0.14293128
v -0.02353996 0.00114470 0.14454228
v -0.01705598 -0.04720512 -0.19345345
v -0.01762156 -0.04706356 -0.19330618
v -0.01773429 -0.04714358 -0.19328092
v -0.01770355 -0.04705732 -0.19376287
v -0.01745295 -0.04694360 -0.19349079
v -0.01751939 -0.04698878 -0.19358769
v -0.01728247 -0.04691459 -0.19311604
v -0.01741584 -0.04706573 -0.19289707
v -0.01750284 -0.04705661 -0.19240059
v -0.01744319 -0.04714939 -0.19250250
v -0.01735408 -0.04741671 -0.19258910
v -0.01665812 -0.00472316 0.05388497
v -0.02413503 -0.00181895 0.06696049
v -0.01839577 0.00465591 0.10286390
v -0.01879350 0.00424806 0.10746868
v -0.01902890 0.00334482 0.11123549
v -0.01885543 0.00332414 0.11104462
v -0.01931132 0.00383002 0.11323634
v -0.01815816 0.00305361 0.10933667
v -0.02036577 0.00446938 0.12879445
v -0.02204507 0.00096715 0.14201289
v -0.02268219 0.00098688 0.14253404
v -0.02171734 0.00038440 0.14208420
v -0.02026344 0.00716348 0.14977693
v -0.02023604 0.00707854 0.14998091
v -0.02059264 0.00672350 0.14980458
v -0.01705990 -0.04720915 -0.19343929
v -0.02063701 -0.04402355 -0.08868492
v -0.02090467 -0.04432810 -0.09004170
v -0.02069526 -0.00259580 0.06520796
v -0.01543403 0.00468268 0.07584209
v -0.01638993 0.00490005 0.08554347
v -0.01684654 0.00345397 0.10154477
v -0.01656139 0.00446580 0.09480648
v -0.01661809 0.00506017 0.08430428
v -0.01773788 0.00510078 0.10145775
v -0.01855640 0.00319883 0.10845684
v -0.01799063 0.00429522 0.09996431
v -0.01850891 0.00322716 0.10858525
v -0.01766518 0.00438401 0.11631248
v -0.01862198 0.00499950 0.12105593
v -0.01858587 0.00484066 0.13185648
v -0.01856124 0.00425641 0.13220111
v -0.01941710 0.00216208 0.14221074
v -0.01973547 0.00067410 0.14275393
v -0.01999672 0.00349274 0.14555618
v -0.01952363 0.00693135 0.14998765
v -0.01632010 -0.04807944 -0.19290742
v -0.01530691 -0.04835367 -0.19321775
v -0.01538105 -0.04825562 -0.19341763
v -0.02183469 -0.04895270 -0.19646138
v -0.01481234 0.00451344 0.07864148
v -0.01578311 0.00409711 0.09797825
v -0.01596637 0.00410098 0.09823131
v -0.01629447 0.00397166 0.09897153
v -0.01595810 0.00354373 0.10141952
v -0.01611860 0.00426488 0.11070017
v -0.01731546 0.00497711 0.12091069
v -0.01780083 0.00559736 0.12504663
v -0.01736581 0.00513726 0.12165174
v -0.01742182 0.00534083 0.12241214
v -0.01955495 0.00190855 0.13994164
v -0.01915077 0.00215526 0.14237013
v -0.01898541 0.00463133 0.14611416
v -0.01888599 0.00592821 0.14782248
v -0.01853577 0.00254249 0.14510149
v -0.01890572 0.00481744 0.14876758
v -0.01447450 -0.02165724 -0.03834819
v -0.01440782 -0.00527745 0.05145406
v -0.01695770 -0.00408984 0.05876000
v -0.01358519 0.00384545 0.06909071
v -0.01474264 0.00463156 0.07949573
v -0.01510236 0.00430168 0.09883961
v -0.01570610 0.00363102 0.10895605
v -0.01452992 0.00588164 0.09494375
v -0.01472209 0.00538324 0.09900523
v -0.01569750 0.00370213 0.10932367
v -0.01624316 0.00439498 0.11245855
v -0.01494282 0.00465735 0.10210936
v -0.01506762 0.00486744 0.10268383
v -0.01577349 0.00393940 0.10954114
v -0.01648559 0.00461392 0.11503591
v -0.01652391 0.00384002 0.11477427
v -0.01331523 -0.01993581 -0.02898136
v -0.01348780 -0.02003605 -0.02992310
v -0.01341995 -0.02003563 -0.02962734
v -0.01281053 -0.01981497 -0.02618458
v -0.01316374 -0.00509261 0.05434976
v -0.01209029 0.00621375 0.07815750
v -0.01404820 0.00544507 0.09365633
v -0.01275580 0.00615720 0.08355615
v -0.01434009 0.00578915 0.09473161
v -0.01329955 0.00591628 0.08755611
v -0.01181356 -0.04507297 -0.14604340
v -0.01178867 -0.01980725 -0.01909353
v -0.01268723 -0.02123345 -0.00354669
v -0.01180698 -0.04522363 -0.14677464
v -0.01125579 -0.04545049 -0.14427537
v -0.01147146 -0.04492889 -0.14244948
v -0.01148142 -0.04503733 -0.14367831
v -0.01155876 -0.01866070 -0.01185517
v -0.01516250 -0.02574997 -0.02295599
v -0.01237945 -0.02236319 -0.00571355
v -0.00945666 -0.01864984 0.01085166
v -0.01037523 -0.02062423 0.00425433
v -0.00859813 -0.01056853 0.03590659
v -0.01079398 -0.00628974 0.04746763
v -0.01771756 -0.00476805 0.05912103
v -0.01146278 -0.00639654 0.05166839
v -0.01033775 -0.04487774 -0.13255075
v -0.01150686 -0.01883702 -0.01243121
v -0.01066517 -0.01813451 -0.00232511
v -0.00978395 -0.00019286 0.05749630
v -0.01060596 -0.00103844 0.05596884
v -0.01241258 -0.04661119 -0.09405993
v -0.00760056 -0.02647971 -0.04378552
v -0.00875664 -0.02248399 -0.03028552
v -0.00910385 -0.02192166 -0.03079823
v -0.00862477 -0.02027437 -0.01918740
v -0.00870382 -0.01875639 -0.01145978
v -0.00877274 -0.01868045 -0.01069698
v -0.01141485 -0.00717403 0.04635276
v -0.00857524 -0.00548694 0.04790429
v -0.00838842 -0.00588143 0.04837654
v -0.01013029 -0.00216864 0.05424163
v -0.00871702 -0.00354826 0.05227929
v -0.00865610 -0.00159445 0.05523276
v -0.00830133 -0.00233664 0.05404346
v -0.00749704 0.00061730 0.05553014
v -0.01005686 -0.03582889 -0.07677842
v -0.00954024 -0.02937731 -0.05655314
v -0.00928041 -0.03371433 -0.06620258
v -0.00923047 -0.03326799 -0.06569478
v -0.00853894 -0.02652608 -0.04613362
v -0.00781234 -0.02629079 -0.04411848
v -0.00848668 -0.01736876 -0.00094841
v -0.00839165 -0.01730679 -0.00051050
v -0.00831547 -0.01717867 0.00080574
v -0.01133574 -0.01872567 -0.00461555
v -0.00868584 -0.01692306 0.00487581
v -0.00955042 -0.00781852 0.04696136
v -0.00763895 -0.01081914 0.03954696
v -0.00773236 -0.00577874 0.04830867
v -0.00804475 -0.00344957 0.04982572
v -0.00769906 -0.00375676 0.05187175
v -0.00688957 -0.00064150 0.05350632
v -0.00758420 0.00082596 0.05574271
v -0.00773465 -0.02631512 -0.04417853
v -0.00753881 -0.01561871 0.01355843
v -0.00802503 -0.01650862 0.00622700
v -0.00787213 -0.01644602 0.00679754
v -0.00734963 -0.01530640 0.01552461
v -0.00769892 -0.01638299 0.00732275
v -0.00743566 -0.01571720 0.01257930
v -0.00722707 -0.00011511 0.05526204
v -0.00521275 -0.01882051 -0.00766699
v -0.00546372 -0.01973419 -0.01218013
v -0.00504367 -0.01823061 -0.00476548
v -0.00880542 -0.02332900 -0.00654757
v -0.00367921 -0.00681185 0.04163561
v -0.00364053 -0.00707281 0.04112409
v -0.00425393 -0.00438713 0.04559842
v -0.00490210 -0.03425596 -0.06187094
v -0.00410645 -0.03195332 -0.05562693
v -0.00311195 -0.03083333 -0.05208911
v -0.00349220 -0.02409482 -0.01929596
v -0.00341520 -0.01355781 0.02048358
v -0.00336984 -0.01245675 0.02409389
v -0.00319223 -0.01203352 0.02593340
v -0.00389314 -0.01307959 0.02163865
v -0.00337330 -0.00625976 0.04388203
v -0.00286409 -0.00678090 0.04402153
v -0.00312809 -0.00610968 0.04597884
v -0.00273261 -0.00697805 0.04618357
v -0.00215514 -0.00229583 0.05445410
v -0.00159268 0.00311676 0.06785181
v -0.00124719 0.00412326 0.08245711
v -0.00417921 0.00722195 0.16073628
v -0.00326471 -0.04946336 -0.12327675
v -0.00221904 -0.03096343 -0.05488303
v -0.00183292 -0.03398386 -0.06472331
v -0.00222264 -0.02943101 -0.05069436
v -0.00296654 -0.02701076 -0.04221283
v -0.00269326 -0.01675667 0.02152865
v -0.00151937 -0.00994705 0.03411777
v 0.00045845 0.00234172 0.07619589
v -0.00119703 0.00414146 0.08650036
v -0.00123339 0.00401870 0.08339285
v -0.00121990 0.00405684 0.08744429
v 0.00080660 0.00476310 0.09664927
v -0.00116977 0.00434606 0.08761685
v -0.00128362 0.00435004 0.09047370
v -0.00122973 0.00454401 0.09285473
v -0.00113327 0.00421832 0.09358341
v -0.00107788 0.00404576 0.09532474
v -0.00115524 0.00421877 0.09316932
v -0.00108785 0.00471690 0.09907690
v -0.00122913 0.00521867 0.10101517
v -0.00122878 0.00732430 0.12201836
v -0.00156404 0.00846529 0.13249613
v -0.00170472 0.00810131 0.13436806
v -0.00161898 0.00850440 0.12955144
v -0.00246848 -0.04913180 -0.14300565
v -0.00163092 -0.04874768 -0.13980152
v -0.00095896 -0.03888782 -0.08071344
v -0.00124767 -0.03691260 -0.07367952
v -0.00186426 -0.03318847 -0.06231216
v -0.00166261 -0.03448763 -0.06654609
v -0.00140173 -0.03466939 -0.06650019
v -0.00168881 -0.03317092 -0.06233006
v 0.00189246 0.00034590 0.05980613
v 0.00041505 0.00240492 0.07656130
v -0.00024509 0.00294844 0.08406634
v -0.00118375 0.00719385 0.12252936
v -0.00185350 0.00653819 0.14030758
v -0.00172198 0.00625292 0.14194363
v -0.00160325 0.00553050 0.14411011
v -0.00153680 0.00564768 0.14449263
v -0.00128979 0.00509427 0.14309575
v -0.00217034 0.00577822 0.15743040
v -0.00333656 0.00722235 0.16119178
v -0.00290816 0.00735911 0.16126141
v -0.00198598 -0.02981807 -0.05175429
v 0.00020047 -0.01208800 0.03043221
v 0.00139758 -0.00674032 0.03862797
v 0.00105130 -0.00588888 0.04357016
v 0.00072444 -0.00663635 0.04738976
v 0.00107326 -0.00641858 0.04786418
v 0.00136966 -0.00632592 0.04848776
v 0.00112293 -0.00604582 0.04802452
v 0.00140021 -0.00568456 0.04763173
v 0.00139519 -0.00567012 0.04742434
v 0.00095534 -0.00602140 0.04800630
v 0.00142788 -0.00582908 0.04785495
v 0.00115693 -0.00616663 0.04804103
v 0.00151769 -0.00589955 0.04788434
v 0.00158251 -0.00131828 0.05395236
v 0.00129496 -0.00049651 0.05509485
v 0.00198456 0.00298574 0.06522015
v 0.00195078 0.00398775 0.07122784
v 0.00198117 0.00425822 0.07702599
v 0.00232118 0.00356202 0.07608002
v 0.00185220 0.00432652 0.07455045
v 0.00189099 0.00429783 0.07496867
v 0.00188272 0.00431014 0.07531027
v 0.00179636 0.00423952 0.07933343
v 0.00191776 0.00430789 0.07671738
v 0.00039454 0.00688777 0.12537505
v 0.00041051 0.00691128 0.12526771
v 0.00045999 0.00694470 0.12538086
v 0.00051690 0.00697037 0.12536428
v 0.00038913 0.00683035 0.12498142
v 0.00043453 0.00686148 0.12536995
v 0.00051551 0.00695620 0.12536163
v 0.00048399 0.00691483 0.12545119
v 0.00049463 0.00686312 0.12546124
v 0.00064562 0.00635264 0.14267267
v -0.00148742 0.00600733 0.14361477
v -0.00141476 0.00470628 0.15136104
v -0.00039996 0.00371686 0.15189634
v -0.00164770 0.00510614 0.15484130
v 0.00165424 -0.00580593 0.04746493
v 0.00112248 -0.00699491 0.04758549
v 0.00176281 -0.00648137 0.04909043
v 0.00234727 0.00190921 0.06939166
v 0.00244353 0.00362558 0.07989204
v 0.00252165 0.00350676 0.08240308
v 0.00260429 0.00399632 0.08914255
v 0.00258692 0.00383767 0.08864779
v 0.00211939 0.00430189 0.08224748
v 0.00213497 0.00426318 0.08137685
v 0.00202568 0.00440302 0.08427044
v 0.00228595 0.00433185 0.08362751
v 0.00102155 0.00482754 0.09658477
v 0.00279772 0.00487607 0.10248248
v 0.00188248 0.00767623 0.12698978
v 0.00178083 0.00717784 0.13393076
v 0.00208260 0.00795080 0.12826719
v 0.00366032 -0.00480152 0.05597352
v 0.00185458 0.00431748 0.10718063
v 0.00123314 0.00852529 0.12008385
v 0.00185314 0.00726628 0.13540947
v 0.00170924 0.00467744 0.14363130
v 0.00204918 0.00562037 0.14112028
v -0.00037206 0.00369759 0.15174393
v 0.00045538 0.00329856 0.15017308
v 0.00059847 0.00327573 0.15010932
v 0.00065766 0.00341013 0.15014119
v 0.00103171 0.00344424 0.15038361
v 0.00187036 0.00390441 0.15204047
v 0.00142762 0.00370991 0.15133689
v 0.00242969 0.01000963 0.16255601
v 0.00688314 -0.00550384 0.05523124
v 0.00498184 -0.00337727 0.05902348
v 0.00452993 -0.00393189 0.05710949
v 0.00503249 -0.00371296 0.05958681
v 0.00231663 0.00419638 0.15231498
v 0.00206755 0.00425400 0.15291122
v 0.00230739 0.00443897 0.15284913
v 0.00297589 0.00551326 0.15519118
v 0.00206540 0.00387035 0.15283456
v 0.00353509 0.00662929 0.15618163
v 0.00242175 0.00411622 0.15379500
v 0.00501303 -0.00561835 0.05531487
v 0.00336965 0.00436367 0.15246899
v 0.00371553 0.00431121 0.15299668
v 0.00454000 0.00506235 0.15555833
v 0.00611471 -0.00269593 0.06206175
v 0.00507397 -0.00477676 0.05798589
v 0.00867552 -0.00360708 0.05783776
v 0.00888121 -0.00359586 0.05855639
v 0.00994317 -0.00249854 0.06129465
v 0.00957571 0.00210449 0.07224078
v 0.00975363 0.00195043 0.07162280
v 0.01004622 0.00217600 0.07175997
v 0.01143335 -0.00076700 0.06514341
v 0.01125431 -0.00093929 0.06461819
v 0.01097259 -0.00031414 0.06516035
v 0.01154175 0.00009672 0.06649133
v 0.01197007 0.00040846 0.06755385
v 0.01120554 0.00013136 0.06609061
v 0.01221729 0.00203684 0.07125007
v 0.01178167 -0.00020681 0.07046076
v 0.01075225 0.00240379 0.07320105
v 0.01222814 0.00437093 0.08428484
v 0.01254983 0.00473309 0.08567034
v 0.01171721 0.00387170 0.08203852
v 0.01327703 0.00178664 0.07241692
v 0.01324124 0.00225843 0.07289389
v 0.01422114 0.00334252 0.07774573
v 0.01414416 0.00501188 0.09179579
v 0.01304754 0.00514182 0.08778718
v 0.01420214 0.00604074 0.09268025
v 0.01520573 0.00437843 0.08272394
v 0.01538385 0.00460011 0.08352187
v 0.01540780 0.00459269 0.08387416
v 0.01583515 0.00500947 0.08644819
v 0.01520829 0.00683716 0.09617097
v 0.01570004 0.00696436 0.10157861
v 0.01846027 0.01056947 0.11351389
v 0.01894317 0.00861207 0.11447520
v 0.01719414 0.00519637 0.09121114
v 0.01730855 0.00518772 0.09189130
v 0.02071187 0.00948899 0.11972120
v 0.02139128 0.00962598 0.12094131
v 0.02224203 0.00986104 0.12317481
v 0.01768370 0.00712702 0.10703818
v 0.01726318 0.00501309 0.09600733
v 0.02002831 0.00700802 0.10433908
v 0.02018894 0.00731466 0.10582404
v 0.02176463 0.00897262 0.11388633
v 0.02065131 0.00800380 0.10880683
v 0.02274160 0.01001321 0.11873663
v 0.02158751 0.00865632 0.11313343
v 0.02202028 0.01192212 0.12174870
v 0.02040962 0.01001267 0.12137014
v 0.02230882 0.01207926 0.13087264
v 0.02429835 0.01340885 0.13836180
v 0.02370921 0.01354463 0.13891537
v 0.02374165 0.01103161 0.12381849
v 0.02497225 0.01230895 0.13016566
v 0.02370716 0.01088955 0.12390151
v 0.02495915 0.01181932 0.13128669
v 0.02370618 0.01076385 0.12431695
v 0.02458350 0.01163988 0.12883937
v 0.02163527 0.00938430 0.12034712
v 0.02440501 0.01139852 0.13064025
v 0.02535507 0.01207055 0.13483743
v 0.02483403 0.01186070 0.14568253
v 0.02518303 0.01129349 0.14720576
v 0.02571876 0.01106286 0.14890952
v 0.02538784 0.01113993 0.14893956
v 0.02494243 0.01114449 0.15078505
v 0.02476327 0.01222044 0.15383844
v 0.02489369 0.01246273 0.15817192
v 0.02503762 0.01235146 0.15837382
v 0.02568115 0.01324268 0.15820752
v 0.02754955 0.01434615 0.16239921
v 0.02589277 0.01377477 0.15911165
v 0.02623008 0.01234199 0.13750591
v 0.02583094 0.01076617 0.14882209
v 0.02626928 0.01104289 0.14941753
v 0.02592760 0.01149232 0.15078566
v 0.02541190 0.01128653 0.15251714
v 0.02524347 0.01119582 0.15245584
v 0.02553026 0.01128661 0.15365902
v 0.02624682 0.01416648 0.15967552
v 0.02668094 0.01348064 0.15887757
v 0.02673299 0.01380736 0.16256400
v 0.02700791 0.01474597 0.16271252
v 0.02636173 0.01043144 0.14840752
v 0.02769085 0.01064199 0.14915445
v 0.02610687 0.01142422 0.15246067
v 0.02758715 0.01483522 0.16193901
v 0.02829450 0.01055042 0.14761867
v 0.02816278 0.01049367 0.14714453
v 0.02682235 0.01111007 0.14221833
v 0.02832621 0.01094439 0.14988806
v 0.03015278 0.01132070 0.14994200
v 0.02951851 0.01120566 0.14927955
v 0.03124492 0.01235487 0.15250635
v 0.03185312 0.01297814 0.15725876
v 0.02910987 0.00974612 0.14941824
v 0.03074311 0.01307027 0.15530001
v 0.03034274 0.01182642 0.15198591
v -0.03425094 -0.04943088 -0.19715645
v -0.03410299 -0.04939379 -0.19589382
v -0.03398352 -0.04970029 -0.19386604
v -0.03341498 -0.04952494 -0.18988483
v -0.03343607 -0.04889272 -0.19110829
v -0.03236875 -0.04711714 -0.18386611
v -0.03215735 -0.04805795 -0.18248971
v -0.03259708 -0.04977674 -0.18294373
v -0.03216995 -0.04968725 -0.17914686
v -0.03274542 -0.05001904 -0.18363857
v -0.03180920 -0.05007513 -0.17231832
v -0.03156477 -0.05012524 -0.16668990
v -0.03167397 -0.05002758 -0.16911937
v -0.03111468 -0.04898663 -0.15245701
v -0.03095345 -0.04842406 -0.14926103
v -0.03106227 -0.04972762 -0.15514505
v -0.03112978 -0.04965723 -0.15355390
v -0.03113689 -0.04969701 -0.15341930
v -0.03095753 -0.04883102 -0.15037481
v -0.03094739 -0.04856014 -0.14959936
v -0.03096034 -0.04891735 -0.15061823
v -0.03108526 -0.04948657 -0.15303056
v -0.03097569 -0.04899029 -0.15087007
v -0.03112652 -0.04965678 -0.15371919
v -0.03074410 -0.04921049 -0.14708409
v -0.02965113 -0.04801024 -0.13727517
v -0.02974984 -0.04778724 -0.13662431
v -0.02960757 -0.04809187 -0.13750106
v -0.02943414 -0.04934156 -0.14160363
v -0.02957039 -0.04842930 -0.13863368
v -0.02852145 -0.04891189 -0.13684206
v -0.02988984 -0.04999683 -0.14560424
v -0.02496234 -0.04940604 -0.20729893
v -0.02399163 -0.05001363 -0.20512772
v -0.02427417 -0.05005727 -0.20644654
v -0.02412754 -0.05001737 -0.20567364
v -0.02773797 -0.04932026 -0.13618992
v -0.02328198 -0.04954933 -0.20163047
v -0.02698726 -0.04793998 -0.12838739
v -0.02085462 -0.04992664 -0.20008680
v -0.02112545 -0.04886629 -0.19952202
v -0.02133700 -0.04853065 -0.19937798
v -0.02067318 -0.04999233 -0.20016679
v -0.02050075 -0.04923260 -0.19849154
v -0.02052835 -0.04926126 -0.19862637
v -0.01992926 -0.04989888 -0.19829254
v -0.02061509 -0.04922714 -0.19881693
v -0.02012518 -0.04974611 -0.19853117
v -0.02143566 -0.04927573 -0.19768842
v -0.02148571 -0.04871475 -0.19608416
v -0.02110822 -0.04997757 -0.19702145
v -0.02146544 -0.04977290 -0.19686992
v -0.02134782 -0.04992838 -0.19682502
v -0.02221252 -0.04938739 -0.19774973
v -0.02136267 -0.04997351 -0.19685277
v -0.02510548 -0.04449992 -0.10434944
v -0.02100017 -0.04901942 -0.19953582
v -0.02075334 -0.04794415 -0.19751555
v -0.01812033 -0.04932873 -0.19586632
v -0.02122340 -0.04798376 -0.19806248
v -0.01821765 -0.04839534 -0.19523785
v -0.01827602 -0.04835127 -0.19523811
v -0.01782895 -0.04867383 -0.19515456
v -0.01752213 -0.04920341 -0.19527205
v -0.01725311 -0.04723210 -0.19363263
v -0.02269340 -0.04699083 -0.10445270
v -0.02216480 -0.05007853 -0.11816337
v -0.01606763 -0.04966566 -0.19521378
v -0.01643352 -0.04819064 -0.19387136
v -0.01610503 -0.04971770 -0.19523982
v -0.01884825 -0.04869046 -0.10517703
v -0.01796225 -0.04782929 -0.10153277
v -0.02048565 -0.04945278 -0.11134693
v -0.01964474 -0.04802961 -0.10422794
v -0.01914716 -0.04757231 -0.10134675
v -0.01682198 -0.04966605 -0.10847488
v -0.01294439 -0.04976655 -0.18098807
v -0.01373786 -0.04805944 -0.18275975
v -0.01535632 -0.04932884 -0.10887469
v -0.01333583 -0.04999187 -0.11177410
v -0.01086655 -0.04951839 -0.10919821
v -0.00928163 -0.04909810 -0.10509940
v -0.00926387 -0.04984576 -0.10995395
v -0.00743920 -0.04989425 -0.11508447
v -0.00908835 -0.05000457 -0.11165756
v -0.00941094 -0.04977190 -0.10945760
v -0.00950141 -0.04967837 -0.10889075
v -0.00932513 -0.04979856 -0.10957300
v -0.00957238 -0.04998038 -0.11110998
v -0.00417008 -0.04978230 -0.15111639
v -0.00319172 -0.04923336 -0.14731836
v -0.00434561 -0.04964387 -0.15283719
v -0.00468595 -0.04991931 -0.12305464
v -0.00455285 -0.04998990 -0.12506339
v -0.00447834 -0.04921630 -0.11540561
v -0.00329410 -0.04965530 -0.14518274
v -0.00295316 -0.04951188 -0.14247859
v -0.00296412 -0.04951547 -0.14421438
v -0.00277829 -0.04947626 -0.14116012
v -0.00416170 -0.04999950 -0.12682554
v -0.00421264 -0.04999847 -0.12699187
v -0.00369266 -0.05001130 -0.12795278
v -0.00320975 -0.04938221 -0.12274381
v -0.00346962 -0.04977295 -0.12594290
v -0.00321395 -0.04981491 -0.13196425
v -0.00321370 -0.04944806 -0.12501824
v -0.00295236 -0.04979756 -0.13621315
v -0.02883755 -0.04787208 -0.20964096
v -0.02909337 -0.04785040 -0.20952602
v -0.02930201 -0.04784805 -0.20948406
v -0.02998951 -0.04765774 -0.20848992
v -0.02769224 -0.04760094 -0.20781521
v -0.02732416 -0.04797086 -0.20807199
v -0.02781841 -0.04667413 -0.20541054
v -0.02805924 -0.04799465 -0.20967966
v -0.02599396 -0.04948254 -0.20915742
v -0.03449621 -0.04859994 -0.20462120
v -0.03191826 -0.04840816 -0.20985682
v -0.03155140 -0.04843564 -0.20966260
v -0.03262250 -0.04815541 -0.20927968
v -0.03207625 -0.04840387 -0.21000184
v -0.02528742 -0.04971378 -0.20891762
v -0.02521360 -0.04978628 -0.20901535
v -0.02634815 -0.04834286 -0.20570429
v -0.03453922 -0.04870682 -0.20432851
v -0.03525399 -0.04980493 -0.20843716
v -0.03390409 -0.04783000 -0.20353937
v -0.03477812 -0.04904029 -0.20632680
v -0.03442379 -0.04849323 -0.20414145
v -0.03517373 -0.04962782 -0.20882244
v -0.02724250 -0.04840009 -0.20874251
v -0.02713240 -0.04823380 -0.20817220
v -0.02740867 -0.04861057 -0.20960915
vn -0.660406 0.499044 -0.561087
vn -0.386050 -0.760217 0.522527
vn -0.088532 -0.796201 0.598519
vn -0.817719 0.276363 0.504935
vn 0.340129 0.817517 -0.464735
vn -0.910533 0.405092 -0.082647
vn -0.457029 0.848999 -0.265191
vn -0.339729 0.219312 -0.914596
vn -0.525497 0.062033 -0.848531
vn -0.401780 0.884140 -0.238471
vn -0.912420 -0.296049 -0.282568
vn -0.242452 -0.876771 -0.415318
vn -0.025602 -0.901274 -0.432493
vn -0.542906 -0.730836 -0.413681
vn -0.085476 -0.821293 0.564067
vn 0.557985 -0.806191 -0.196748
vn 0.783484 -0.620052 0.041083
vn -0.615715 0.771989 -0.157888
vn -0.825456 0.557382 0.089147
vn -0.938712 0.313369 0.143598
vn -0.210027 -0.976154 -0.054881
vn -0.944715 0.084199 -0.316897
vn -0.203013 -0.976140 -0.077051
vn 0.946952 0.001409 0.321371
vn -0.947082 0.317071 -0.050014
vn -0.800587 0.528268 -0.282832
vn -0.872539 -0.395399 -0.286939
vn 0.632920 0.756972 0.162496
vn -0.995184 -0.078205 0.059093
vn -0.211389 0.911039 -0.354008
vn -0.127042 0.949353 -0.287383
vn -0.998789 0.042024 0.025590
vn -0.933430 -0.205566 -0.294025
vn 0.928392 -0.234040 0.288642
vn 0.838320 -0.514750 0.179590
vn 0.711754 -0.655741 0.251814
vn 0.241651 0.922139 -0.302099
vn -0.425521 0.892677 -0.148525
vn -0.898014 0.435505 -0.062501
vn -0.944743 -0.306899 0.115207
vn -0.999034 0.003855 0.043767
vn -0.997537 -0.063207 0.030428
vn -0.189551 -0.981554 -0.024925
vn 0.609535 0.736183 -0.294112
vn 0.926355 -0.228029 0.299782
vn -0.673902 -0.714884 0.186541
vn -0.850577 -0.500078 0.162603
vn -0.718645 0.693016 0.057255
vn -0.832492 0.409602 -0.373072
vn 0.827275 0.514696 -0.225175
vn 0.940191 0.340498 0.010099
vn 0.115230 0.991008 -0.068002
vn 0.428460 0.902861 0.035553
vn -0.167929 0.984443 -0.051685
vn -0.696161 -0.687066 -0.208086
vn -0.732399 0.527525 -0.430476
vn -0.163554 0.965895 -0.200742
vn -0.697622 0.172459 -0.695400
vn -0.793306 0.583528 -0.173665
vn -0.546961 -0.250999 -0.798644
vn -0.173698 0.946396 -0.272331
vn -0.907898 0.184195 -0.376554
vn -0.192582 -0.906358 0.376068
vn 0.910827 -0.314880 0.266919
vn -0.657767 0.746467 -0.100644
vn 0.750483 0.593600 -0.290543
vn 0.871860 0.488262 -0.038215
vn -0.007772 0.787994 -0.615634
vn 0.883709 0.452008 0.121438
vn 0.708502 -0.505106 0.492842
vn -0.447967 0.893667 -0.026169
vn -0.595311 -0.743827 -0.303853
vn 0.876759 0.203114 0.435933
vn -0.580294 0.804455 0.126929
vn 0.456840 0.876927 -0.149321
vn 0.180474 0.982614 -0.043578
vn -0.352645 -0.909752 0.219072
vn -0.832496 0.262404 -0.487950
vn -0.739480 0.673178 0.000700
vn -0.349716 0.935716 0.046191
vn -0.952010 -0.280709 -0.121983
vn -0.649808 -0.757570 0.061949
vn -0.230940 -0.967706 0.101058
vn -0.070242 0.987610 -0.140332
vn -0.305491 -0.945946 -0.108911
vn 0.421801 0.804471 0.418222
vn -0.088840 -0.941461 -0.325204
vn 0.344921 0.782223 -0.518803
vn 0.606588 0.794807 -0.018278
vn -0.114972 -0.949760 0.291098
vn 0.232000 0.964628 -0.125175
vn -0.936672 0.322956 0.135445
vn -0.661649 0.433277 -0.611957
vn -0.291969 -0.956390 -0.008477
vn -0.904669 -0.408826 -0.120145
vn -0.648276 0.761134 0.020354
vn -0.784066 -0.616416 -0.072610
vn -0.034855 -0.998557 0.040851
vn -0.465226 -0.880895 0.087112
vn 0.461832 -0.850852 -0.250524
vn 0.983621 -0.179954 0.010344
vn 0.250316 0.933830 0.255544
vn -0.623680 0.751623 0.214678
vn -0.602598 0.770810 -0.206709
vn 0.162102 -0.948076 0.273632
vn -0.005006 -0.690678 0.723145
vn -0.165245 0.797595 -0.580117
vn -0.113129 0.991063 0.070680
vn 0.433076 0.901343 0.005031
vn -0.250648 -0.931058 0.265155
vn -0.054747 -0.969973 0.236970
vn -0.317782 0.941966 -0.108232
vn -0.071005 -0.992518 -0.099333
vn 0.150664 -0.965106 0.214176
vn 0.323208 0.940371 -0.106009
vn 0.992942 -0.054918 0.105123
vn 0.716323 0.653758 -0.243890
vn -0.559622 0.581188 -0.590799
vn -0.398763 -0.916736 -0.024159
vn 0.975491 0.181300 0.124689
vn 0.471051 -0.878673 -0.077746
vn 0.383311 0.917657 -0.104775
vn 0.025368 -0.970012 0.241728
vn 0.143600 0.962232 -0.231276
vn 0.474548 -0.878217 0.059495
vn 0.931900 0.270194 -0.241985
vn 0.975379 0.153558 -0.158287
vn 0.230173 0.973149 0.001405
vn 0.317043 0.941310 -0.115841
vn -0.110735 -0.970278 0.215169
vn 0.240593 0.934421 -0.262625
vn 0.371743 0.913180 -0.167063
vn -0.990517 0.025297 0.135042
vn -0.965314 -0.218998 0.142160
vn -0.049039 0.962219 -0.267823
vn 0.459824 0.793405 -0.398836
vn 0.283987 0.958299 -0.031850
vn 0.825132 0.556509 -0.097234
vn 0.261383 0.949641 -0.172805
vn -0.124283 -0.949725 0.287360
vn 0.252364 0.963246 -0.092025
vn 0.445119 0.880728 -0.161826
vn -0.878846 -0.412831 0.239165
vn -0.928450 -0.312929 0.200141
vn -0.109554 0.935185 -0.336789
vn -0.670485 0.559574 -0.487162
vn -0.579025 0.576618 -0.576404
vn -0.045676 0.863169 -0.502845
vn 0.457759 -0.865153 0.204857
vn 0.004318 0.999957 -0.008255
vn 0.348640 0.933474 -0.084115
vn 0.261850 0.918857 -0.295187
vn 0.516323 0.810615 -0.276251
vn 0.731853 0.411506 0.543188
vn -0.102047 -0.846034 0.523271
vn -0.186826 0.938024 -0.291903
vn 0.314226 0.905178 -0.286208
vn 0.792683 0.597803 -0.119523
vn -0.018302 0.976914 -0.212849
vn -0.213860 0.962301 -0.168048
vn -0.975954 0.002800 0.217961
vn -0.576630 0.812154 0.088903
vn -0.622151 -0.754460 0.209088
vn 0.123086 -0.827109 0.548398
vn -0.105495 0.858897 -0.501165
vn 0.513393 0.838881 -0.180851
vn 0.995737 -0.092115 0.004660
vn -0.461879 0.862679 -0.206042
vn 0.685844 0.707029 -0.172418
vn 0.002131 0.989311 -0.145805
vn -0.681255 0.727288 -0.083328
vn 0.012573 -0.955116 0.295964
vn -0.266901 0.828497 -0.492297
vn 0.640112 0.725776 -0.252002
vn 0.307667 0.838521 -0.449692
vn 0.666150 0.735128 -0.125818
vn 0.283628 -0.951248 0.121169
vn -0.034068 -0.961965 0.271039
vn -0.121131 0.955242 -0.269887
vn 0.262425 -0.852595 0.451901
vn 0.261450 0.949278 -0.174687
vn 0.326235 0.893102 -0.309741
vn 0.263402 0.946960 -0.184082
vn 0.404317 0.897830 -0.174440
vn -0.004540 0.987302 -0.158788
vn 0.034251 0.982359 -0.183841
vn -0.355253 0.901657 -0.246598
vn 0.190221 -0.954674 0.228940
vn -0.404791 0.892474 -0.199084
vn -0.052005 0.883409 -0.465708
vn -0.298504 0.892877 -0.337142
vn 0.571290 0.808671 -0.140281
vn 0.422998 -0.891881 0.160067
vn 0.113583 0.937523 -0.328862
vn 0.152684 -0.927121 0.342250
vn 0.019192 -0.857628 0.513911
vn -0.023107 0.901906 -0.431313
vn -0.984155 -0.145531 0.101289
vn 0.339940 -0.938084 0.066635
vn -0.257307 0.913280 -0.315773
vn -0.401210 0.867964 -0.292694
vn -0.164273 0.943943 -0.286332
vn 0.885701 -0.464140 0.010408
vn 0.890322 -0.455203 0.010841
vn -0.135957 0.955651 -0.261242
vn -0.184597 0.979331 -0.082673
vn -0.978533 0.201316 -0.044097
vn -0.858315 -0.511460 0.041284
vn -0.051931 0.998624 -0.007263
vn -0.906025 -0.423221 -0.001453
vn -0.732222 -0.680348 0.031270
vn -0.975650 0.219318 0.002731
vn -0.296452 0.880766 -0.369281
vn 0.503017 -0.859020 0.095178
vn 0.305507 -0.909831 0.280843
vn -0.562698 0.789748 -0.244273
vn -0.147909 0.957963 -0.245826
vn -0.278924 0.912546 -0.299100
vn 0.992202 -0.083955 0.092120
vn 0.879337 -0.472679 0.057802
vn 0.776255 0.600053 -0.193301
vn -0.328759 -0.942014 0.067279
vn -0.735238 -0.672663 0.083363
vn -0.624231 -0.780336 0.037570
vn -0.336167 -0.935108 0.112095
vn -0.788066 -0.606789 -0.103725
vn -0.951334 0.260288 -0.164966
vn -0.877793 -0.471966 -0.082017
vn 0.867225 -0.289806 0.404887
vn 0.771671 -0.635900 -0.012461
vn 0.421431 0.883951 -0.202551
vn 0.959679 0.277859 -0.042545
vn 0.580882 0.788171 -0.203376
vn 0.515428 0.784387 -0.345066
vn -0.877286 0.476039 -0.061280
vn 0.396304 -0.601525 0.693621
vn -0.065326 0.145428 0.987210
vn 0.854584 -0.495365 0.155883
vn 0.502406 0.774802 -0.383757
vn 0.522562 -0.844106 0.120060
vn 0.531732 0.833813 -0.148380
vn 0.587560 -0.806962 0.059881
vn 0.071668 0.981183 -0.179286
vn 0.485687 0.873471 -0.034005
vn 0.082526 -0.995905 0.036908
vn -0.453267 -0.891336 -0.008268
vn 0.103669 -0.992197 -0.069269
vn -0.347737 -0.917755 -0.191848
vn -0.065485 -0.923894 0.377004
vn 0.279408 0.674578 0.683283
vn -0.372306 -0.828749 0.417807
vn 0.744021 0.666766 -0.043077
vn 0.466606 0.883170 -0.047846
vn 0.767446 0.639923 -0.039047
vn 0.987450 -0.157919 0.002066
vn -0.462309 -0.885262 0.050803
vn -0.274289 -0.959898 -0.057982
vn 0.396569 -0.892506 0.214860
vn 0.998155 -0.058440 -0.016475
vn 0.997204 0.042613 -0.061383
vn 0.343666 -0.934893 0.088704
vn -0.203049 -0.946659 0.250217
vn 0.725281 -0.688395 -0.008936
vn -0.088281 -0.965717 0.244125
vn -0.402956 0.914314 -0.040699
vn -0.929761 0.130278 0.344344
vn -0.804366 -0.340566 0.486837
vn 0.726343 -0.669580 -0.155202
vn -0.729898 0.626610 0.273147
vn -0.603548 -0.703537 0.375187
vn -0.874719 0.484630 -0.000117
vn -0.991274 0.082487 -0.102817
vn -0.278799 0.938169 0.205205
vn 0.187402 0.914931 -0.357465
vn -0.943017 0.131200 0.305787
vn -0.019450 0.938985 -0.343408
vn 0.710104 -0.704072 0.005873
vn 0.045275 0.979615 -0.195716
vn 0.896124 -0.431670 -0.103065
vn -0.058117 0.968221 -0.243250
vn 0.926147 0.276311 -0.256717
vn -0.968089 0.177971 0.176439
vn 0.817434 0.506220 -0.274849
vn -0.411472 -0.887419 0.207794
vn 0.729919 0.639762 -0.240672
vn 0.150795 0.959484 -0.238014
vn -0.903672 -0.339413 0.261105
vn 0.972973 0.095335 -0.210321
vn 0.686381 -0.727106 -0.014027
vn 0.164805 -0.974792 0.150399
vn -0.966306 0.193999 0.169168
vn 0.783833 0.570855 -0.244397
vn 0.563025 0.783765 -0.262135
vn 0.137011 0.966076 -0.218919
vn -0.571460 0.820434 -0.017942
vn -0.963283 0.183386 0.196100
vn 0.007272 0.998307 -0.057701
vn -0.246422 -0.945668 0.212102
vn 0.271163 0.959567 0.075515
vn -0.285145 -0.957977 -0.031185
vn 0.331583 -0.939032 0.090953
vn 0.015733 -0.998343 -0.055348
vn -0.901941 0.375110 0.213996
vn 0.797703 0.564560 -0.211998
vn 0.954946 -0.211508 -0.208187
vn -0.822628 0.338014 -0.457198
vn -0.923644 0.357202 0.138885
vn -0.756225 0.654023 0.019410
vn 0.970130 0.196569 -0.142157
vn 0.980546 -0.077582 -0.180309
vn 0.041875 -0.987152 0.154198
vn 0.055827 0.977600 -0.202931
vn -0.612628 0.779590 -0.130103
vn 0.736557 0.492344 -0.463769
vn 0.870500 0.485625 -0.079988
vn 0.917351 -0.313343 -0.245525
vn -0.588617 0.739212 0.327256
vn 0.404307 0.754654 -0.516752
vn -0.673439 0.731863 -0.104197
vn -0.819632 0.520266 -0.239847
vn -0.735463 -0.137776 0.663409
vn 0.270015 0.948752 0.164196
vn -0.006764 -0.746242 0.665641
vn -0.321834 -0.797231 -0.510730
vn 0.034892 0.602314 0.797496
vn -0.840662 -0.151574 -0.519917
vn -0.806125 0.580629 -0.114162
vn -0.840665 -0.151545 -0.519919
vn -0.840671 -0.151567 -0.519903
vn 0.188375 0.930744 0.313418
vn 0.020022 0.597535 0.801593
vn 0.240425 0.911276 0.334324
vn -0.934123 0.340560 0.106924
vn 0.160197 0.937898 -0.307709
vn -0.924265 -0.257818 -0.281538
vn -0.939597 -0.164762 -0.300017
vn -0.181384 0.177215 0.967313
vn -0.304744 -0.853475 0.422742
vn -0.433072 -0.889673 -0.144677
vn 0.693866 0.692395 -0.197837
vn 0.476986 -0.499142 0.723423
vn -0.208059 0.933258 0.292816
vn -0.011889 0.998618 -0.051184
vn 0.509402 -0.859382 0.044400
vn 0.058132 -0.998142 0.018256
vn -0.855432 0.421663 -0.300726
vn -0.258128 0.955246 -0.144484
vn -0.209874 -0.976289 -0.053040
vn -0.091689 -0.995341 -0.029837
vn 0.918691 -0.252149 0.304021
vn 0.898801 -0.328853 0.289848
vn 0.941768 0.006531 0.336200
vn -0.819063 0.432848 -0.376534
vn 0.940117 -0.154022 0.304068
vn 0.912160 0.409816 0.003923
vn 0.988980 -0.140109 0.047827
vn 0.914625 -0.289822 0.281895
vn 0.870793 0.479812 0.107238
vn 0.770489 0.615543 -0.165693
vn 0.946361 0.235458 -0.221270
vn -0.823979 0.400272 -0.401049
vn 0.337456 0.848099 -0.408475
vn -0.161476 0.749670 0.641810
vn -0.709004 0.171853 -0.683945
vn -0.469653 0.866921 -0.166957
vn -0.230383 0.935492 -0.267914
vn -0.338684 0.653623 -0.676809
vn -0.663337 0.628376 -0.406358
vn -0.189913 -0.402318 -0.895585
vn -0.604230 0.660610 -0.445534
vn -0.261425 0.917346 -0.300223
vn -0.662001 0.630555 -0.405160
vn 0.773328 0.586068 0.241842
vn 0.937675 0.194741 0.287822
vn 0.965546 -0.195197 0.172102
vn 0.270995 0.876836 -0.397141
vn -0.180589 0.767715 -0.614818
vn -0.113276 0.744893 0.657497
vn -0.296473 0.785214 0.543638
vn 0.628693 0.502358 -0.593617
vn -0.133923 0.778640 -0.613012
vn 0.824563 0.529302 0.199839
vn 0.514821 -0.637297 0.573421
vn 0.335220 0.941871 -0.022521
vn -0.924045 -0.369712 -0.097231
vn -0.897902 0.439956 0.014504
vn 0.001298 0.922220 -0.386664
vn 0.422425 -0.506033 0.751989
vn -0.579198 0.807861 0.109039
vn -0.113200 0.947945 -0.297635
vn -0.792386 0.600168 -0.109192
vn -0.389925 -0.916238 -0.092010
vn -0.163746 -0.980046 -0.112684
vn -0.264700 0.952500 0.150589
vn 0.486105 -0.428488 0.761643
vn 0.445546 -0.472304 0.760537
vn 0.504315 -0.441037 0.742397
vn 0.162655 -0.950740 0.263888
vn 0.786271 0.593881 -0.170538
vn -0.465700 -0.878813 -0.103974
vn -0.053598 0.998082 0.030978
vn -0.067803 -0.997196 0.031676
vn -0.384258 -0.912972 0.137211
vn 0.816926 -0.568860 -0.095025
vn 0.678798 0.717394 0.156777
vn -0.519716 -0.722609 0.455776
vn 0.074376 0.785484 0.614397
vn 0.675780 0.648809 0.349812
vn -0.991189 -0.074874 -0.109267
vn 0.397293 -0.913315 0.089520
vn -0.349169 -0.890335 -0.292206
vn -0.007623 -0.999270 -0.037422
vn 0.469391 -0.882424 -0.031624
vn -0.089108 0.995259 0.038990
vn 0.323780 -0.925890 0.194665
vn 0.363597 -0.929949 0.054697
vn 0.825109 -0.536287 0.177737
vn 0.116814 0.922547 -0.367779
vn 0.728712 0.618330 -0.294358
vn -0.092463 0.945784 -0.311358
vn 0.713284 0.561519 0.419431
vn 0.526427 -0.849841 -0.025407
vn 0.983318 0.134805 0.122121
vn 0.967901 0.216271 0.128040
vn -0.289707 0.955878 -0.048655
vn -0.084071 -0.990182 0.111678
vn 0.970514 0.188960 0.149655
vn 0.984718 0.080617 0.154376
vn 0.941363 0.305997 0.142133
vn 0.933495 0.333966 -0.130590
vn -0.545933 0.600845 -0.583902
vn -0.336051 0.823278 -0.457475
vn 0.752125 0.654374 -0.078121
vn 0.759598 0.614006 -0.214496
vn -0.237212 -0.946303 0.219637
vn -0.499520 -0.829410 0.250116
vn 0.266633 0.961302 -0.069322
vn 0.877015 0.468752 -0.105436
vn 0.905541 0.410434 0.107420
vn 0.659616 -0.667311 0.345835
vn -0.193586 -0.953550 0.230798
vn 0.293329 0.945338 -0.142457
vn -0.373729 0.821084 -0.431447
vn 0.181014 -0.710434 0.680086
vn 0.728038 -0.463245 0.505336
vn 0.998259 -0.058645 -0.006305
vn 0.995651 -0.093074 0.004161
vn 0.038033 0.991881 -0.121347
vn 0.046613 0.991278 -0.123265
vn 0.488977 0.741654 0.459185
vn 0.335213 -0.757078 0.560772
vn 0.662311 0.691024 -0.289536
vn 0.497002 0.818349 -0.288608
vn 0.007853 0.992360 -0.123123
vn 0.018310 0.990987 -0.132702
vn -0.615674 -0.749036 0.244727
vn -0.107531 0.934828 -0.338428
vn -0.942631 -0.324557 -0.078164
vn 0.468195 0.860458 -0.201012
vn -0.067772 0.881496 -0.467303
vn 0.732150 0.675742 -0.085606
vn 0.001047 0.883510 -0.468411
vn 0.388096 0.818027 -0.424516
vn 0.927877 0.350961 0.125980
vn -0.959396 0.281997 0.006032
vn 0.816149 -0.577826 0.004370
vn 0.892520 -0.450950 0.007192
vn -0.274151 -0.877264 0.394017
vn 0.285988 -0.932650 0.219942
vn -0.999887 0.014610 -0.003559
vn -0.337858 0.940717 0.030055
vn -0.694623 -0.715810 -0.071516
vn -0.530194 0.650776 0.543494
vn 0.624635 0.756060 -0.195458
vn -0.361568 0.886360 -0.289196
vn 0.584200 0.775763 -0.238541
vn 0.962435 -0.269198 -0.035373
vn -0.306686 0.906786 -0.289280
vn 0.634024 -0.768652 0.084785
vn -0.995612 0.089751 -0.026484
vn -0.934322 0.324102 0.148326
vn -0.506590 -0.575489 0.642011
vn -0.490471 -0.593047 0.638540
vn 0.265561 0.674445 0.688913
vn 0.445912 -0.891388 0.081184
vn 0.490337 0.871532 -0.000907
vn 0.178639 -0.976981 0.116603
vn -0.101682 -0.992965 0.060680
vn 0.261169 -0.853208 -0.451472
vn -0.281535 -0.959380 0.018133
vn 0.988339 -0.112916 0.102161
vn 0.261204 -0.853194 -0.451479
vn -0.914473 0.395330 -0.086328
vn 0.586255 0.796984 0.145335
vn -0.900695 -0.171621 0.399117
vn -0.944082 0.046754 0.326379
vn 0.997906 0.061275 -0.020725
vn -0.288940 0.954822 -0.069492
vn 0.229665 -0.957793 0.172877
vn 0.715932 -0.690656 0.102150
vn 0.986253 -0.163901 -0.020996
vn 0.988090 -0.141010 -0.061595
vn 0.350355 0.892529 -0.283978
vn 0.332979 -0.353957 0.873979
vn 0.483713 0.868245 -0.110330
vn 0.778694 -0.602734 -0.174206
vn 0.333033 -0.354014 0.873935
vn 0.333022 -0.353930 0.873974
vn 0.557276 0.788408 -0.260491
vn -0.561359 0.644739 -0.518833
vn -0.192277 0.948059 -0.253406
vn -0.647539 -0.656687 0.386595
vn -0.047630 0.854634 -0.517041
vn 0.215545 -0.969088 -0.120035
vn -0.875734 -0.089454 0.474434
vn 0.902885 0.090980 -0.420145
vn -0.270801 -0.863954 0.424560
vn -0.930639 -0.219559 0.292756
vn -0.747313 -0.604105 0.276731
vn -0.902667 0.419750 0.094878
vn 0.504544 0.724616 -0.469434
vn -0.970770 0.150684 0.186817
vn 0.920849 0.239652 -0.307578
vn 0.813034 0.506601 -0.286936
vn -0.792963 0.605227 0.070071
vn -0.177151 0.970007 -0.166447
vn -0.650702 0.758106 -0.043161
vn -0.515492 -0.817141 0.257970
vn -0.255111 -0.937517 0.236602
vn 0.949621 -0.253999 -0.183590
vn 0.955867 0.194471 -0.220224
vn 0.943923 -0.306361 -0.123094
vn 0.122964 0.987671 0.096878
vn -0.902224 -0.392490 0.178725
vn -0.113274 0.989860 -0.085707
vn 0.927776 -0.357238 -0.107760
vn 0.441279 0.889369 0.119562
vn 0.262330 0.942675 0.206268
vn -0.932492 0.258508 0.252253
vn -0.538383 0.632365 -0.557009
vn 0.441800 0.883979 0.152953
vn 0.398748 0.915198 0.058411
vn -0.649875 0.483011 -0.586824
vn -0.937963 -0.305437 -0.164115
vn -0.991943 -0.060688 0.111204
vn 0.247123 -0.924347 0.290711
vn 0.519605 -0.810019 -0.271808
vn 0.972774 0.119306 0.198688
vn 0.745571 0.665741 0.030199
vn 0.789918 0.611627 -0.044069
vn 0.172605 -0.984433 0.033142
vn 0.012052 0.966337 -0.256996
vn 0.810557 0.381967 -0.443958
vn 0.720119 0.686301 -0.102078
vn 0.722103 0.499658 -0.478444
vn 0.650787 -0.678682 -0.340393
vn 0.652090 0.429171 -0.624973
vn -0.639578 -0.681116 0.356401
vn 0.091809 -0.937109 0.336746
vn -0.918467 0.364523 -0.153434
vn 0.554138 0.749228 0.362751
vn 0.406971 -0.886631 0.219681
vn -0.959448 0.242032 0.144498
vn -0.906117 -0.421927 0.030498
vn 0.993397 0.107400 -0.040335
vn -0.819972 -0.554974 0.140177
vn -0.932267 0.360510 -0.030185
vn -0.997538 -0.061254 0.034155
vn -0.829869 0.551436 -0.085064
vn -0.906662 -0.398659 0.137968
vn -0.520930 -0.828987 0.203500
vn 0.978316 -0.062992 -0.197306
vn -0.859020 -0.476347 0.187557
vn -0.589561 -0.776623 0.221979
vn 0.509721 0.704384 -0.493992
vn -0.139308 -0.955151 0.261306
vn 0.977164 -0.087959 -0.193424
vn 0.945455 0.282931 -0.161449
vn 0.835317 0.484819 -0.259221
vn -0.086717 -0.987078 0.134746
vn 0.752727 -0.649232 -0.109090
vn 0.506043 -0.860056 0.064988
vn 0.777992 -0.615092 -0.128024
vn 0.373807 -0.927507 -0.000441
vn 0.814263 -0.580464 0.006072
vn 0.615547 -0.787137 0.038944
vn -0.885632 0.463394 0.030365
vn -0.022722 0.948676 -0.315433
vn 0.350960 0.902064 -0.251211
vn 0.849329 0.424150 -0.314223
vn -0.887302 0.460095 0.031739
vn -0.623245 0.774609 -0.107461
vn -0.818935 0.573862 -0.005282
vn -0.791438 0.610879 -0.021271
vn 0.887845 0.378204 -0.262092
vn 0.915290 0.309949 -0.257246
vn 0.818025 0.192273 0.542094
vn -0.932113 -0.360788 0.031572
vn -0.897945 -0.348367 -0.268951
vn -0.445323 0.172474 -0.878601
vn -0.421132 0.901285 -0.101649
vn -0.395548 -0.777352 -0.489148
vn 0.020240 -0.729994 0.683154
vn 0.390478 -0.532494 0.750984
vn -0.874220 0.481386 -0.063297
vn -0.112302 0.515477 -0.849512
vn 0.101804 0.666579 -0.738450
vn 0.366358 -0.715571 0.594760
vn -0.362924 0.921674 -0.137122
vn -0.327801 0.926252 -0.186020
vn 0.618824 0.775629 -0.124328
vn -0.669713 -0.726989 0.151563
vn 0.052302 0.981809 0.182524
vn -0.201301 -0.898726 -0.389577
vn 0.208733 0.977739 0.021391
vn -0.294637 -0.852839 0.431110
vn -0.926876 -0.228135 -0.298084
vn 0.425527 -0.883356 -0.196490
vn 0.036353 0.809719 -0.585691
vn 0.890288 0.385247 0.242842
vn -0.241195 -0.894200 -0.377135
vn -0.177973 -0.942134 -0.284094
vn 0.979241 -0.082719 0.185051
vn 0.492232 -0.849909 -0.188047
vn 0.458720 0.802693 0.381129
vn 0.821872 -0.568618 -0.034659
vn 0.393350 -0.683404 0.615008
vn -0.712858 0.695453 -0.090436
vn -0.943990 0.314017 0.101374
vn -0.301985 0.942103 -0.145762
vn -0.911354 -0.299365 -0.282515
vn -0.848202 0.434293 -0.303221
vn 0.122719 0.992434 -0.003956
vn -0.030084 -0.999300 -0.022243
vn -0.936128 0.350292 0.030991
vn -0.965060 0.261669 -0.013733
vn -0.940362 0.096752 -0.326127
vn -0.239306 0.963197 -0.122414
vn -0.893323 -0.357181 -0.272755
vn -0.916609 -0.273000 -0.292061
vn -0.883234 -0.359177 -0.301480
vn -0.453392 0.864985 -0.215025
vn 0.476361 0.834052 -0.278275
vn -0.485413 0.853638 -0.188883
vn -0.999220 -0.034118 0.019902
vn -0.955267 0.282417 0.087782
vn -0.856926 0.425982 -0.290202
vn -0.925687 0.197473 -0.322657
vn -0.916797 -0.240179 -0.319055
vn -0.951174 0.049524 -0.304656
vn -0.792561 -0.545967 -0.271601
vn -0.283115 -0.954930 -0.089192
vn 0.085036 -0.995704 0.036627
vn -0.209360 -0.976779 -0.045514
vn 0.956619 -0.009495 0.291187
vn 0.531556 0.832340 0.157030
vn -0.161017 0.951404 -0.262497
vn -0.641567 0.752798 -0.147268
vn -0.254516 0.924929 -0.282361
vn -0.999319 -0.001795 0.036845
vn -0.937622 0.346467 -0.028734
vn -0.967121 -0.232219 0.103685
vn -0.082010 -0.996626 -0.003287
vn 0.530217 0.825774 0.192269
vn 0.368235 0.926288 -0.079961
vn -0.617687 0.783275 -0.070305
vn -0.282616 0.952110 -0.116682
vn 0.336364 0.877391 -0.342116
vn -0.653110 -0.733238 0.189234
vn -0.918382 -0.372591 0.133233
vn -0.915309 -0.382859 0.125014
vn -0.603938 -0.774809 0.186893
vn -0.956680 -0.255999 0.138662
vn -0.269019 -0.961282 -0.059719
vn 0.603465 0.733893 -0.311818
vn -0.580787 -0.787999 0.204314
vn 0.942822 0.333090 -0.011758
vn -0.357613 0.932847 -0.043690
vn -0.114005 0.973140 -0.200002
vn 0.820525 0.570243 -0.039516
vn -0.825493 0.416410 -0.381004
vn -0.781538 -0.594565 0.188919
vn 0.494019 0.852942 -0.168627
vn -0.827207 0.452998 -0.332448
vn -0.604259 0.774474 -0.187244
vn -0.705482 0.176782 -0.686326
vn -0.486966 -0.205707 -0.848851
vn -0.824888 0.543981 -0.153766
vn -0.792123 0.588789 -0.160837
vn -0.537009 0.842728 -0.037835
vn 0.956346 0.290795 -0.029007
vn 0.679709 0.692225 -0.242529
vn -0.899089 -0.414955 0.139468
vn -0.688013 -0.704911 0.172448
vn 0.809822 0.558117 -0.180811
vn -0.968470 -0.134207 0.209894
vn 0.971830 -0.006792 0.235586
vn -0.419883 -0.817909 0.393349
vn 0.214180 0.866481 -0.450929
vn -0.967583 0.101501 -0.231259
vn -0.833837 0.544162 -0.092756
vn -0.262896 0.964034 -0.039034
vn -0.505036 0.862389 0.034970
vn 0.271384 0.961368 -0.046057
vn 0.785237 0.583439 -0.207367
vn 0.822829 0.537990 -0.183084
vn 0.788751 0.614605 -0.011503
vn 0.815689 0.574468 -0.068100
vn -0.784933 0.444359 -0.431770
vn -0.684056 0.540915 -0.489366
vn -0.603722 0.647281 -0.465347
vn -0.911374 0.257591 -0.321006
vn -0.108381 0.779597 -0.616832
vn -0.539171 0.841624 0.031038
vn -0.807801 -0.551405 -0.208351
vn -0.254767 0.912378 0.320406
vn -0.945223 -0.240973 -0.220196
vn 0.900824 -0.073928 0.427844
vn 0.559633 0.497708 -0.662645
vn 0.871848 0.452133 0.188298
vn 0.220429 0.974378 -0.044698
vn -0.315737 -0.927175 0.201635
vn -0.256109 -0.943406 0.210699
vn -0.658933 -0.722775 0.208334
vn -0.699451 -0.674443 0.236422
vn -0.773540 0.225082 -0.592431
vn 0.042181 0.982279 -0.182617
vn -0.964789 0.251449 -0.077176
vn -0.561618 0.826501 0.038492
vn -0.942103 0.329410 -0.062696
vn -0.978441 0.184318 -0.093170
vn -0.324696 0.940095 -0.103897
vn -0.989926 -0.060419 -0.128050
vn -0.259723 -0.965681 -0.001831
vn 0.301533 -0.926116 -0.226686
vn -0.445321 0.884480 -0.139224
vn -0.637716 -0.770263 -0.003702
vn 0.543707 0.826752 -0.144445
vn 0.206248 0.977667 -0.040371
vn 0.642985 0.764498 -0.045962
vn -0.092617 0.995272 -0.029266
vn 0.050486 0.994466 -0.092137
vn -0.849566 -0.480466 0.217692
vn -0.562220 -0.781391 0.270810
vn 0.457754 0.862313 -0.216512
vn -0.145336 -0.981136 0.127470
vn -0.917014 0.394700 -0.057429
vn -0.994801 0.017232 -0.100371
vn -0.942779 0.317626 -0.101394
vn -0.777090 0.628876 -0.025428
vn -0.856313 -0.498058 -0.136621
vn -0.983109 -0.149405 -0.105711
vn -0.613000 0.789549 0.029036
vn -0.584985 0.810093 0.039261
vn -0.715671 0.692455 -0.091224
vn -0.121034 0.990921 0.058527
vn -0.817167 -0.561544 -0.130022
vn -0.789576 -0.597477 -0.139967
vn 0.023186 -0.998760 0.044044
vn 0.186845 -0.974330 0.125581
vn 0.153959 0.988044 0.008145
vn 0.981101 0.141841 0.131612
vn 0.961832 0.256781 0.094567
vn 0.392870 -0.913093 -0.109157
vn -0.241773 0.969380 -0.042999
vn -0.517043 0.695762 -0.498580
vn -0.761123 0.627367 -0.164629
vn -0.925318 0.315561 -0.210256
vn -0.915409 -0.318874 0.245655
vn -0.427772 -0.550964 0.716554
vn -0.180081 0.843778 -0.505578
vn 0.982779 0.178507 -0.047767
vn -0.243456 -0.455043 0.856543
vn 0.222296 0.676762 -0.701839
vn 0.840300 0.532251 -0.102977
vn -0.470486 -0.851857 0.230182
vn -0.203634 -0.952210 0.227661
vn -0.104996 -0.970343 0.217737
vn -0.222470 -0.941105 0.254614
vn -0.884114 0.459957 0.082353
vn -0.856135 -0.499625 -0.131937
vn -0.609988 0.787570 -0.087458
vn -0.949385 0.284279 -0.133621
vn -0.292476 -0.956253 -0.006238
vn -0.412285 -0.910450 -0.033179
vn -0.059177 0.998229 -0.006094
vn -0.657578 -0.751259 -0.056578
vn 0.131843 -0.991109 0.017887
vn 0.018327 -0.988290 0.151484
vn -0.044010 -0.986333 0.158777
vn -0.454097 -0.882781 0.120388
vn 0.298332 0.948876 -0.103109
vn 0.991243 -0.045953 0.123800
vn 0.921264 0.377077 0.095318
vn 0.927234 0.364985 0.083804
vn 0.985581 -0.137541 -0.098553
vn 0.123891 0.991847 -0.029837
vn 0.521021 0.853135 0.026419
vn 0.691382 0.711079 -0.127897
vn -0.705332 0.707747 0.040019
vn -0.620098 0.507485 -0.598279
vn -0.963035 0.070116 -0.260090
vn -0.404843 -0.914223 -0.017248
vn -0.589196 -0.807141 0.037035
vn 0.431157 0.901499 -0.037457
vn 0.335771 -0.938212 0.083757
vn -0.605241 -0.796020 -0.005925
vn 0.927526 0.351005 0.128414
vn 0.228843 -0.973141 -0.025041
vn 0.383953 -0.923344 0.004022
vn 0.502072 -0.864749 0.011558
vn 0.382487 0.915559 0.124316
vn 0.108106 0.990356 0.086647
vn 0.925944 0.371066 0.070275
vn 0.974775 -0.134325 0.178243
vn 0.214913 -0.950205 0.225661
vn -0.126848 -0.954786 0.268876
vn -0.973769 -0.129627 0.187005
vn -0.923837 0.361337 0.126334
vn -0.818407 0.570665 0.067464
vn -0.630005 0.495292 -0.598147
vn 0.323184 -0.944088 0.065192
vn 0.964031 0.234707 0.124726
vn 0.838423 0.481675 -0.255020
vn 0.991654 0.051428 -0.118227
vn 0.930352 0.325187 -0.169405
vn 0.197170 -0.955393 0.219881
vn -0.173933 -0.958529 0.225762
vn -0.094336 -0.946458 0.308736
vn -0.123852 -0.955950 0.266121
vn 0.639827 0.725849 -0.252517
vn 0.601685 0.753287 -0.265581
vn 0.274480 0.954268 -0.118462
vn 0.684061 0.707661 -0.176851
vn -0.842613 0.534947 0.061920
vn -0.829651 0.554189 0.067488
vn -0.634891 0.476688 -0.608015
vn -0.624511 0.526417 -0.576950
vn -0.525324 0.637940 -0.563087
vn -0.334286 0.839348 -0.428658
vn -0.779503 -0.449014 -0.436762
vn 0.366910 0.927919 -0.065899
vn -0.202068 -0.961810 0.184635
vn 0.947655 0.273496 -0.164772
vn 0.950528 0.263427 -0.164631
vn 0.124433 0.991633 -0.034355
vn 0.951240 0.260504 -0.165166
vn 0.934507 0.314470 -0.166750
vn 0.866694 0.478787 -0.140016
vn -0.036586 -0.976944 0.210339
vn -0.306402 -0.928108 0.211505
vn 0.100000 -0.969374 0.224308
vn -0.183037 -0.961447 0.205222
vn 0.308642 0.905747 -0.290453
vn 0.141105 0.971538 -0.190271
vn -0.895203 -0.387890 0.219438
vn -0.979426 -0.066178 0.190646
vn -0.985726 0.005597 0.168265
vn -0.816649 0.572123 0.075893
vn -0.881787 -0.418848 0.216838
vn -0.900846 0.427997 0.072772
vn -0.831456 -0.496893 0.248552
vn -0.961055 0.241547 0.134268
vn 0.051944 0.983772 -0.171742
vn -0.867671 -0.496279 0.029245
vn 0.109100 0.793612 -0.598563
vn 0.173166 0.809834 -0.560520
vn 0.153696 0.987349 -0.038991
vn 0.929310 0.346301 -0.128293
vn 0.716043 0.694412 -0.071233
vn 0.180917 0.979994 -0.082951
vn 0.182929 0.968148 -0.170956
vn 0.491880 0.820829 -0.290335
vn -0.098169 0.983669 -0.150855
vn -0.234820 0.963348 -0.129692
vn -0.422023 0.906425 -0.017007
vn -0.584742 0.811158 0.009971
vn -0.933908 -0.340227 -0.109820
vn 0.696107 0.581746 0.420722
vn 0.229462 -0.895247 0.381943
vn 0.329042 0.901345 -0.281616
vn -0.093403 0.886210 -0.453771
vn 0.620862 0.766279 -0.165369
vn 0.726683 0.680358 -0.095104
vn -0.255199 -0.919983 0.297498
vn 0.010428 0.953386 -0.301574
vn -0.278847 0.928318 -0.245909
vn -0.279163 0.932613 -0.228695
vn 0.291885 0.911149 -0.290880
vn 0.767699 0.626653 -0.133960
vn -0.408798 0.905453 -0.114194
vn -0.150501 0.979197 -0.136100
vn -0.748761 0.662076 0.031823
vn -0.901699 -0.347337 0.257481
vn -0.968482 0.194071 0.156135
vn -0.224813 0.886197 -0.405110
vn -0.854086 0.224586 -0.469146
vn -0.763795 0.508829 -0.397127
vn -0.477379 0.752370 -0.453925
vn -0.271788 0.806441 -0.525151
vn 0.703977 -0.482544 0.521122
vn 0.127840 0.987598 -0.091148
vn -0.098954 -0.976812 0.189859
vn 0.714719 0.655545 -0.243799
vn 0.548691 0.801623 -0.237357
vn 0.760710 0.596112 -0.256850
vn -0.363513 0.906149 -0.216223
vn -0.450629 0.871983 -0.191258
vn 0.065918 -0.956827 0.283083
vn 0.811389 0.572099 -0.119796
vn 0.470830 0.855528 -0.215386
vn 0.230685 0.964668 -0.127277
vn 0.140782 0.980385 -0.137931
vn 0.092044 0.897819 -0.430638
vn -0.999162 0.039069 0.012165
vn -0.228136 0.891642 -0.391061
vn -0.685994 -0.725854 0.050488
vn -0.300216 0.780006 -0.549054
vn 0.446294 -0.706190 0.549652
vn 0.333779 0.887064 -0.318917
vn 0.511820 -0.710921 0.482320
vn -0.190616 0.807448 -0.558294
vn 0.132199 0.981566 -0.138030
vn -0.188177 -0.966971 0.171917
vn 0.067147 0.982202 -0.175416
vn 0.240276 0.958628 -0.152640
vn -0.121535 -0.968569 0.217034
vn -0.715824 -0.659427 0.229679
vn -0.400667 0.858509 -0.320045
vn -0.332657 0.819123 -0.467308
vn 0.480750 -0.703027 0.524053
vn 0.903886 -0.159934 0.396751
vn 0.042934 0.909293 -0.413936
vn 0.369358 0.921583 -0.119410
vn 0.163668 0.977764 -0.131110
vn 0.278033 -0.948198 0.153684
vn 0.015377 -0.980405 0.196393
vn 0.051320 0.983561 -0.173130
vn -0.191876 -0.954619 0.227787
vn -0.234087 -0.939983 0.248266
vn -0.176140 -0.919923 0.350310
vn 0.155787 0.954644 -0.253741
vn 0.288783 0.941326 -0.174670
vn -0.141859 0.976627 -0.161478
vn -0.139721 -0.961433 0.236907
vn 0.349393 0.888374 -0.297853
vn 0.019703 -0.947498 0.319153
vn -0.018787 0.907749 -0.419093
vn 0.383993 0.842338 -0.378175
vn 0.334108 0.935012 -0.118846
vn 0.195019 -0.934203 0.298718
vn 0.246513 0.919597 -0.305897
vn -0.434071 0.886139 -0.162298
vn -0.473982 0.871536 -0.125564
vn -0.222612 0.969088 -0.106358
vn -0.938277 -0.334886 0.086536
vn -0.354905 0.872841 -0.334950
vn 0.274296 -0.951206 0.141312
vn -0.244512 0.930631 -0.272287
vn 0.119698 0.930173 -0.347059
vn -0.334988 0.890037 -0.309220
vn -0.609317 0.736867 -0.292847
vn -0.663181 0.698600 -0.268603
vn -0.197034 0.936407 -0.290380
vn 0.692500 0.707125 -0.142888
vn 0.981966 -0.187584 0.023563
vn 0.402308 -0.904577 0.141025
vn 0.303503 -0.938549 0.164351
vn 0.889610 -0.456622 0.009502
vn 0.178210 0.900019 -0.397752
vn -0.111041 0.930329 -0.349511
vn -0.150965 -0.898599 0.411982
vn -0.828492 -0.527942 0.186759
vn -0.681401 0.731825 -0.011159
vn -0.977207 0.212211 -0.005796
vn -0.737661 -0.672731 0.057360
vn -0.990117 0.136837 -0.030726
vn -0.603751 0.797020 -0.015612
vn -0.551643 -0.832614 0.049428
vn -0.883530 -0.467168 0.033611
vn -0.615266 -0.785692 0.064307
vn -0.525111 0.850811 -0.019482
vn -0.535836 0.843996 -0.023453
vn -0.061709 0.983806 -0.168281
vn -0.336901 0.934606 0.114057
vn -0.972126 -0.216091 -0.090974
vn -0.473363 -0.094508 0.875783
vn -0.405201 -0.834157 0.374158
vn 0.678210 -0.734161 -0.032215
vn 0.332166 -0.940432 0.072486
vn 0.550589 -0.832117 0.066581
vn 0.426307 -0.893723 0.139719
vn 0.304870 0.942517 -0.136804
vn 0.411187 -0.896288 0.166112
vn 0.636997 -0.736619 0.227218
vn -0.229513 0.946584 -0.226501
vn -0.544963 0.799023 -0.254122
vn 0.015338 0.962527 -0.270750
vn -0.683705 0.695772 -0.220110
vn -0.328641 0.896495 -0.297138
vn -0.225760 0.923425 -0.310351
vn 0.429522 -0.871827 0.235432
vn 0.401327 -0.899346 0.173532
vn 0.823720 -0.562538 0.070964
vn -0.380449 0.903567 -0.197043
vn 0.101496 -0.979473 0.174160
vn 0.479386 -0.870851 0.108661
vn -0.935373 -0.348132 0.062306
vn -0.840780 -0.539652 0.043187
vn 0.277601 -0.955990 0.094974
vn -0.426103 -0.902734 0.059223
vn -0.350053 0.929715 -0.114428
vn -0.802198 -0.597012 0.007335
vn -0.220157 0.955173 0.197925
vn -0.113104 0.965006 0.236580
vn -0.723965 0.668538 0.170095
vn -0.124116 0.959835 0.251619
vn -0.803347 -0.584845 -0.112204
vn -0.982967 -0.096823 -0.156211
vn -0.791266 -0.606319 -0.079215
vn -0.195006 0.874550 -0.443999
vn 0.423169 0.815422 -0.394987
vn 0.486012 -0.873223 0.035692
vn 0.763233 -0.644960 0.038758
vn 0.986866 -0.144712 -0.071795
vn 0.095269 0.980970 -0.169182
vn -0.152040 0.960153 -0.234500
vn 0.048812 0.967918 -0.246480
vn 0.382569 0.911293 -0.152268
vn 0.957014 0.286734 -0.043676
vn 0.742322 -0.660859 0.110560
vn -0.279445 0.877735 -0.389219
vn 0.415388 0.856468 -0.306456
vn 0.996891 -0.071415 -0.033294
vn 0.458188 -0.818485 0.346621
vn 0.344460 -0.885710 0.311233
vn 0.857293 0.456972 -0.237117
vn 0.987864 0.128715 -0.086935
vn 0.076066 0.908919 -0.409975
vn 0.998124 -0.061174 -0.002664
vn 0.999035 -0.019705 -0.039245
vn 0.036342 0.983221 -0.178759
vn 0.199112 -0.969203 0.144911
vn 0.198169 -0.977483 0.072498
vn 0.879708 0.473642 -0.042151
vn 0.072250 0.997208 -0.018894
vn 0.700644 0.712718 -0.033631
vn 0.148102 0.988470 -0.031517
vn 0.387967 0.920150 -0.052972
vn 0.161801 0.974662 -0.154448
vn -0.444920 -0.895566 -0.002650
vn -0.337313 -0.937696 0.083337
vn -0.580153 0.809411 0.090974
vn -0.558057 0.824058 0.097469
vn -0.330920 -0.940907 0.072007
vn -0.420680 -0.907153 0.010058
vn -0.715168 0.671196 0.195015
vn -0.902882 0.394714 0.170307
vn -0.415937 -0.902260 -0.113678
vn 0.260155 -0.860824 0.437379
vn 0.806754 0.582815 -0.097337
vn 0.901242 -0.425907 0.079786
vn 0.886937 0.295562 -0.354946
vn -0.414986 0.897015 -0.152152
vn 0.814898 0.578008 -0.042984
vn 0.459190 0.886895 -0.050611
vn 0.941880 0.334084 -0.035346
vn 0.874997 0.482037 -0.044949
vn -0.118069 0.988380 -0.095736
vn 0.582177 0.810992 -0.057975
vn 0.493450 0.867846 -0.057879
vn 0.798849 0.599593 -0.048248
vn 0.967239 0.252342 -0.027798
vn 0.479030 0.876226 -0.052519
vn 0.993038 0.115984 -0.020593
vn 0.901855 -0.423466 0.085644
vn 0.007075 -0.993122 0.116867
vn 0.961912 -0.263728 0.071926
vn 0.720518 0.692331 -0.039139
vn 0.013667 0.998081 0.060403
vn 0.034744 0.972479 0.230384
vn -0.000448 -0.978689 -0.205349
vn 0.483857 0.824227 0.294165
vn 0.801451 -0.597137 0.033223
vn 0.983553 0.178281 -0.028972
vn 0.993022 -0.117724 -0.007006
vn 0.131813 -0.974433 -0.181952
vn 0.105228 0.976462 0.188279
vn 0.544019 0.740622 -0.394364
vn 0.503446 0.798569 -0.329893
vn -0.117169 0.982101 -0.147474
vn 0.348909 -0.932037 0.097820
vn -0.164333 -0.949037 0.268930
vn -0.684524 0.728520 0.026174
vn -0.870417 -0.186706 0.455538
vn 0.945450 -0.302460 -0.121005
vn 0.514571 -0.840022 -0.171986
vn 0.931596 0.338263 -0.133070
vn 0.179420 -0.965400 -0.189241
vn -0.691046 0.685972 0.227812
vn -0.633372 -0.672809 0.382319
vn -0.867695 0.496649 -0.021107
vn 0.111377 -0.973496 0.199753
vn -0.366485 -0.889997 0.271281
vn -0.414456 -0.763651 0.495038
vn -0.865805 0.472563 0.164516
vn 0.872126 0.389380 -0.296275
vn 0.336752 0.786104 -0.518304
vn 0.948819 -0.014286 -0.315498
vn -0.027289 -0.993344 0.111906
vn -0.630740 -0.658018 0.411315
vn -0.003843 -0.954726 0.297463
vn -0.712389 0.556351 -0.427756
vn -0.682592 -0.627231 0.375032
vn 0.608461 -0.554878 0.567350
vn 0.917353 0.229790 -0.325054
vn 0.931700 -0.285721 -0.224274
vn 0.357079 0.894798 -0.268014
vn -0.101084 0.956938 -0.272126
vn 0.721916 -0.689360 -0.060163
vn -0.336815 0.901367 -0.272200
vn -0.280865 0.915619 -0.287675
vn -0.936326 0.147528 0.318637
vn -0.928373 0.023553 0.370903
vn 0.498674 -0.760452 0.415978
vn 0.322713 0.886196 -0.332434
vn 0.936535 0.070218 -0.343469
vn 0.125265 0.910810 -0.393362
vn 0.787239 -0.609426 -0.094098
vn -0.013527 -0.940117 0.340584
vn -0.789849 0.611580 0.045923
vn -0.945515 -0.059518 0.320092
vn 0.397964 -0.899670 0.179497
vn -0.748096 -0.571405 0.337415
vn -0.902572 -0.306648 0.302211
vn 0.604729 0.647526 -0.463695
vn -0.033891 0.985065 -0.168816
vn 0.030317 0.979392 -0.199680
vn 0.030618 0.981528 -0.188852
vn 0.929523 -0.311601 -0.197210
vn -0.258617 -0.899962 0.350979
vn 0.401614 -0.908647 0.114306
vn -0.660001 -0.692636 0.290953
vn -0.970095 0.163211 0.179659
vn 0.841578 0.465457 -0.274036
vn -0.227426 0.963401 -0.141901
vn 0.915443 0.309073 -0.257757
vn 0.830419 0.484518 -0.275039
vn 0.024145 0.981935 -0.187671
vn -0.950379 0.276819 0.141957
vn -0.967255 0.186926 0.171689
vn -0.660715 0.749894 0.033384
vn -0.829823 -0.502172 0.243345
vn -0.963355 -0.163661 0.212513
vn 0.890717 0.385838 -0.240317
vn 0.972887 -0.151837 -0.174462
vn 0.975534 0.042613 -0.215677
vn 0.125533 0.974060 -0.188276
vn -0.177323 -0.956139 0.233140
vn 0.164888 0.956653 -0.240057
vn 0.844744 0.476647 -0.243341
vn 0.729416 -0.684009 -0.009131
vn 0.944199 -0.303495 -0.127981
vn -0.059433 -0.980226 0.188744
vn -0.272079 -0.923543 0.270260
vn -0.979206 -0.023673 0.201481
vn -0.834098 0.548353 0.059914
vn 0.759871 0.600227 -0.249648
vn 0.840252 0.477144 -0.257506
vn 0.459896 0.861739 -0.214246
vn 0.783755 0.575491 -0.233536
vn 0.281220 -0.952753 0.114789
vn 0.217001 0.950465 -0.222545
vn 0.530559 0.799947 -0.280342
vn 0.353782 0.898120 -0.261187
vn 0.077182 0.974602 -0.210223
vn 0.729769 0.621322 -0.285299
vn 0.586114 0.762662 -0.273526
vn 0.777905 0.575369 -0.252616
vn 0.198820 0.951346 -0.235397
vn -0.560368 0.827777 -0.027813
vn -0.816307 0.572723 0.075041
vn -0.234809 0.965207 -0.115067
vn -0.972376 0.117746 0.201548
vn -0.809436 0.581130 0.084275
vn -0.536599 0.843809 -0.006944
vn -0.840914 -0.469216 0.269628
vn -0.958443 -0.158713 0.237058
vn 0.283181 0.926332 -0.248430
vn -0.153289 0.981922 0.111048
vn -0.171922 -0.963215 0.206544
vn 0.762552 0.591148 -0.262790
vn 0.869368 0.426508 -0.249581
vn 0.239162 -0.962621 0.127133
vn -0.656715 -0.711796 0.249142
vn -0.440013 -0.877077 0.192677
vn 0.167920 0.974991 0.145588
vn 0.320248 0.939597 0.120825
vn -0.918631 -0.377945 0.115217
vn 0.960590 -0.227238 -0.160094
vn 0.640070 0.739232 -0.209398
vn 0.791734 0.608724 -0.051110
vn 0.519822 0.848732 0.097153
vn 0.426154 0.896062 0.124362
vn 0.534615 0.844582 0.029467
vn -0.134200 0.951200 0.277865
vn -0.973169 0.017364 0.229437
vn -0.914830 0.288039 0.283056
vn -0.661985 0.510509 -0.548778
vn -0.031324 -0.998568 0.043377
vn -0.784814 -0.619441 0.018991
vn -0.359982 0.932417 -0.031820
vn -0.745462 0.666392 -0.014438
vn -0.845178 -0.525042 0.100027
vn -0.324531 -0.826133 0.460633
vn 0.952474 -0.203931 -0.226286
vn -0.000469 0.982195 -0.187864
vn 0.284796 -0.945528 0.157694
vn -0.853547 0.117230 0.507656
vn -0.392314 -0.919831 0.000555
vn 0.913495 0.395056 -0.097255
vn -0.048460 0.991356 -0.121924
vn 0.829983 0.496704 -0.253798
vn 0.938017 -0.251340 -0.238646
vn 0.910854 -0.330139 -0.247696
vn -0.702453 0.617558 0.353809
vn -0.465552 0.862380 -0.198902
vn 0.401287 0.758182 -0.513934
vn -0.897644 0.402381 -0.179793
vn -0.787010 -0.081780 0.611496
vn 0.956471 -0.034469 -0.289783
vn 0.627724 -0.756024 0.185447
vn 0.034294 0.605451 0.795143
vn 0.178500 0.937501 -0.298713
vn 0.244111 -0.928219 0.280749
vn 0.988456 0.147330 -0.035340
vn -0.492973 -0.772728 0.399837
vn -0.837717 -0.350259 -0.418985
vn 0.397112 0.889778 -0.224936
vn -0.723232 -0.667560 0.176915
vn -0.930651 0.026153 -0.364973
vn 0.027217 0.601843 0.798150
vn 0.213965 0.908368 0.359286
vn 0.027011 0.607947 0.793518
vn -0.487523 0.652626 -0.580001
vn -0.085516 0.945226 0.315015
vn 0.638842 0.657170 0.400010
vn 0.781658 0.096618 0.616178
vn -0.285176 0.642475 -0.711266
vn -0.017362 0.788737 -0.614485
vn -0.019192 0.789203 -0.613833
vn -0.443194 0.820208 -0.361717
vn -0.840664 -0.151555 -0.519919
vn -0.826794 0.560972 -0.041509
vn -0.976553 0.205243 0.064962
vn -0.396804 0.889933 -0.224866
vn -0.840666 -0.151563 -0.519913
vn -0.840667 -0.151553 -0.519914
vn 0.214448 0.918201 0.333046
vn 0.333343 -0.532416 0.778084
vn -0.195777 -0.794090 0.575407
vn -0.930220 -0.146467 -0.336509
vn -0.070365 -0.992907 -0.095840
vn -0.359406 0.933059 0.015117
vn -0.934293 0.340168 0.106691
vn -0.934208 0.340356 0.106838
vn -0.934229 0.340291 0.106856
vn 0.425571 0.599887 0.677514
vn 0.027209 0.807886 -0.588711
vn -0.919127 -0.273812 -0.283253
vn -0.909528 -0.306716 -0.280506
vn -0.929845 -0.215367 -0.298338
vn -0.534428 -0.838016 -0.110077
vn 0.160891 -0.927842 -0.336486
vn 0.441894 0.886946 -0.134375
vn 0.875031 0.419825 -0.240972
vn 0.343064 -0.899337 -0.271110
vn 0.306818 -0.806261 0.505772
vn 0.414820 -0.908296 -0.054061
vn -0.310423 0.947453 -0.077272
vn 0.941930 -0.204205 0.266586
vn -0.534969 -0.715357 -0.449524
vn 0.190574 -0.929339 -0.316245
vn 0.935940 0.273258 0.222142
vn -0.346576 -0.893365 0.285980
vn -0.036364 0.787888 -0.614744
vn 0.771579 -0.545653 0.326999
vn 0.139193 -0.830538 0.539288
vn 0.947153 0.280689 0.155291
vn 0.614979 0.754990 -0.227575
vn 0.062966 -0.997699 0.025134
vn -0.071210 -0.997136 -0.025461
vn 0.729161 0.585403 0.354441
vn -0.510537 0.840916 -0.179478
vn -0.698575 0.710989 -0.080544
vn -0.155311 -0.987044 -0.040278
vn -0.696989 -0.685073 -0.211850
vn -0.078694 -0.996709 -0.019436
vn 0.069360 -0.997310 0.023697
vn 0.866507 0.390862 0.310472
vn -0.072445 -0.996695 0.036757
vn 0.927824 -0.207241 0.310150
vn 0.890358 -0.335846 0.307360
vn 0.947032 -0.113403 0.300450
vn -0.979510 -0.185045 0.079487
vn -0.979575 -0.186191 0.075932
vn -0.974362 -0.206179 0.090050
vn -0.055393 0.988405 -0.141374
vn -0.189414 -0.981661 0.021518
vn 0.912932 -0.291820 0.285300
vn 0.926121 -0.184082 0.329264
vn 0.906036 -0.243032 0.346459
vn 0.000913 0.998107 -0.061488
vn -0.947807 0.167734 -0.271160
vn 0.355714 0.933380 0.047634
vn 0.773664 0.572666 0.271105
vn 0.682555 0.669675 0.292668
vn -0.458511 -0.888584 -0.013603
vn -0.077580 0.985236 -0.152617
vn 0.573350 0.817454 0.055124
vn 0.928590 0.370762 -0.015996
vn 0.949731 0.313067 -0.000684
vn 0.943103 0.329496 0.044605
vn 0.984376 0.161895 -0.069239
vn 0.883078 0.469218 -0.002748
vn 0.952524 -0.120222 0.279722
vn 0.913778 -0.293752 0.280571
vn 0.958842 0.175826 0.222951
vn 0.901225 -0.332844 0.277506
vn 0.980773 -0.144183 0.131513
vn 0.917196 0.386719 -0.095917
vn -0.757269 -0.616731 0.214912
vn 0.777638 0.597581 -0.195386
vn 0.984552 0.105664 -0.139615
vn -0.832921 0.381493 -0.400881
vn -0.217690 0.928949 -0.299440
vn 0.037509 0.995937 -0.081869
vn -0.189388 -0.979688 0.065906
vn -0.155445 0.773507 -0.614429
vn 0.302160 0.856864 -0.417712
vn -0.978188 -0.207671 -0.004659
vn 0.193947 0.862953 -0.466579
vn 0.251937 0.862311 -0.439257
vn -0.015324 0.856773 -0.515466
vn -0.135546 0.742321 0.656192
vn -0.121050 0.726483 0.676439
vn -0.704752 0.173898 -0.687812
vn -0.438316 -0.118807 -0.890934
vn -0.214397 0.945904 -0.243513
vn -0.211211 0.942223 -0.260010
vn -0.324997 0.671246 -0.666188
vn -0.358362 0.648995 -0.671105
vn -0.343191 0.656047 -0.672177
vn -0.189906 -0.402316 -0.895588
vn -0.659276 0.631423 -0.408242
vn -0.997429 0.071511 0.004739
vn -0.107798 0.954907 -0.276645
vn 0.220152 0.974667 -0.039449
vn 0.603233 0.776357 0.182702
vn 0.845615 0.426381 0.321146
vn 0.473784 -0.706769 0.525363
vn 0.214920 0.976611 0.006324
vn 0.516248 0.483072 -0.707198
vn -0.850124 0.514986 0.109906
vn -0.679621 0.729098 0.080819
vn -0.801534 -0.475743 -0.362233
vn -0.138408 0.778083 -0.612723
vn -0.072245 0.790696 -0.607931
vn 0.882394 0.463963 0.078224
vn 0.530038 -0.591273 0.607829
vn 0.139293 0.987902 -0.068164
vn -0.291702 0.878420 0.378535
vn -0.659649 -0.399884 0.636361
vn 0.625700 -0.518839 0.582499
vn 0.515117 0.557883 -0.650708
vn -0.575025 0.809664 0.117431
vn -0.556842 0.822041 0.119063
vn 0.069871 0.901875 -0.426310
vn 0.081224 0.880825 -0.466423
vn 0.047547 0.905267 -0.422175
vn 0.763865 0.645376 -0.000548
vn 0.938652 0.318369 0.132564
vn 0.911804 0.349534 0.215497
vn 0.939081 0.304726 0.158962
vn 0.950722 0.264516 0.161740
vn -0.558527 0.677583 -0.478466
vn -0.390456 0.892909 -0.224181
vn -0.565874 0.823934 0.030322
vn -0.520589 0.853736 0.011006
vn -0.014474 -0.995404 0.094669
vn 0.188229 -0.978792 0.080839
vn -0.439206 -0.895129 0.076428
vn -0.261912 -0.964850 0.021576
vn 0.306070 -0.924528 -0.227087
vn 0.568862 0.465794 0.677814
vn 0.808002 0.529965 0.257429
vn 0.481048 -0.446369 0.754552
vn -0.659758 0.658174 0.362665
vn -0.672777 0.521700 0.524595
vn -0.515085 -0.182076 0.837577
vn 0.885639 0.447999 0.122230
vn -0.092000 -0.951032 0.295085
vn -0.435209 -0.859285 0.268744
vn 0.869519 0.310728 0.383908
vn -0.704234 -0.705825 -0.076587
vn -0.523280 -0.850894 -0.046448
vn -0.319498 -0.938235 -0.132801
vn -0.496594 -0.863119 -0.091761
vn -0.398612 -0.916883 -0.020837
vn 0.043338 0.992068 0.117999
vn -0.409110 -0.903271 -0.129346
vn -0.460699 -0.876128 -0.141973
vn -0.178965 -0.981272 -0.071249
vn -0.287849 -0.946341 0.146909
vn 0.121360 -0.991416 0.048634
vn 0.709611 0.626021 0.323341
vn 0.985038 0.113968 0.129274
vn 0.090783 0.965330 -0.244738
vn 0.258741 -0.905494 0.336353
vn -0.695062 0.560230 -0.450590
vn 0.544079 0.064355 0.836562
vn 0.318732 0.888543 -0.330001
vn 0.877363 0.450829 -0.164276
vn 0.907204 0.395881 -0.142332
vn 0.515124 0.833075 -0.201577
vn 0.386470 -0.916669 0.101773
vn -0.453819 -0.833219 -0.315902
vn -0.388506 -0.867870 -0.309620
vn -0.388339 -0.863087 -0.322914
vn 0.254356 -0.962985 -0.089237
vn 0.349199 0.931860 0.098478
vn 0.804131 -0.567408 0.177259
vn 0.868778 -0.470171 0.155451
vn 0.913717 -0.371740 0.164103
vn 0.936962 -0.310733 0.159832
vn -0.112752 0.946078 0.303683
vn 0.324579 0.853981 -0.406651
vn 0.163123 0.801505 -0.575310
vn 0.469186 0.754824 -0.458373
vn 0.917015 -0.369033 0.151323
vn 0.540501 -0.622447 0.566056
vn 0.972182 0.147452 -0.181991
vn -0.068173 0.951465 -0.300112
vn 0.698494 0.642247 0.315634
vn -0.195139 -0.978166 -0.071492
vn -0.053746 -0.998553 -0.001914
vn 0.613703 -0.788850 -0.032925
vn 0.728068 -0.683033 0.058166
vn 0.054762 0.997414 0.046541
vn 0.442441 0.886668 0.134409
vn 0.971095 0.213872 0.105988
vn 0.378496 0.925573 0.007457
vn 0.974756 0.184347 0.125965
vn 0.935262 0.328353 0.132173
vn 0.971469 0.207438 0.114967
vn 0.987037 -0.077667 0.140448
vn 0.546258 -0.817364 0.183082
vn 0.118152 0.978279 -0.170323
vn 0.653006 0.742176 -0.150856
vn 0.125630 0.983819 -0.127740
vn 0.959373 0.239179 -0.149653
vn 0.776188 0.224302 0.589254
vn 0.174009 0.984238 0.031558
vn 0.919716 0.368442 0.135545
vn 0.931613 0.338401 0.132598
vn 0.901111 0.411688 0.136057
vn 0.984284 0.110768 0.137531
vn 0.711432 0.692448 -0.119916
vn 0.865994 0.480452 -0.138639
vn -0.990126 0.006814 0.140015
vn 0.898323 0.411102 -0.154951
vn 0.368882 0.924507 -0.095986
vn 0.552917 0.829607 -0.077691
vn 0.619160 0.780880 -0.082873
vn 0.804939 0.583783 -0.106162
vn -0.920839 -0.325795 0.214275
vn -0.401451 -0.889686 0.217475
vn -0.937906 0.339923 0.069178
vn -0.536461 -0.805281 0.252454
vn -0.572119 0.777324 -0.261625
vn -0.024659 0.953754 -0.299576
vn 0.083985 -0.957873 0.274637
vn 0.249414 -0.886437 0.389900
vn 0.618429 0.777673 -0.113006
vn 0.860072 0.498964 -0.106353
vn 0.193107 0.970154 -0.146669
vn 0.187318 -0.902319 0.388243
vn -0.093410 -0.844759 0.526931
vn -0.037486 -0.977451 0.207810
vn 0.921102 0.351681 -0.167007
vn 0.677339 0.726556 -0.115450
vn 0.348618 0.927421 -0.135486
vn -0.000385 0.984397 -0.175962
vn 0.515381 0.847792 -0.125024
vn -0.594797 0.799939 -0.079465
vn -0.893952 -0.005337 -0.448132
vn 0.433423 0.822228 0.368898
vn 0.624358 0.357783 0.694384
vn -0.165211 -0.858484 0.485501
vn 0.038042 -0.846631 0.530820
vn 0.589848 -0.588292 0.553165
vn 0.611648 -0.574581 0.543823
vn 0.951755 0.287646 0.106873
vn 0.433815 0.867060 -0.244972
vn 0.753497 0.603989 -0.259693
vn 0.991519 -0.128990 0.015867
vn 0.995691 -0.092633 0.004390
vn 0.484311 0.830834 -0.274148
vn 0.220646 0.969431 -0.107324
vn -0.077712 0.991957 -0.099910
vn -0.141211 0.986077 -0.087810
vn 0.046383 0.991523 -0.121370
vn -0.620455 0.784206 -0.007552
vn -0.513901 0.856794 -0.042546
vn 0.124044 -0.910801 0.393770
vn -0.170976 -0.932002 0.319592
vn 0.085380 -0.857214 0.507833
vn -0.256080 0.835302 -0.486513
vn 0.836509 -0.341286 0.428692
vn 0.735193 0.663741 -0.137621
vn 0.928449 0.351282 0.120765
vn 0.785263 0.567949 -0.246568
vn -0.483880 0.872336 -0.069926
vn 0.059962 0.990193 -0.126180
vn 0.039942 0.991217 -0.126070
vn -0.168996 0.979504 -0.109603
vn 0.032508 0.991415 -0.126645
vn -0.001218 0.991715 -0.128452
vn 0.938078 0.321464 0.129113
vn 0.570127 0.799274 -0.190044
vn 0.567421 0.801883 -0.187130
vn 0.702027 0.688780 -0.180944
vn -0.029545 -0.976444 0.213737
vn -0.035519 0.885217 -0.463820
vn -0.044511 0.888526 -0.456662
vn 0.101157 0.906481 -0.409951
vn 0.041648 0.949889 -0.309800
vn 0.009309 0.955127 -0.296051
vn -0.642679 0.711592 -0.283904
vn 0.668957 -0.736202 0.102487
vn 0.069893 0.959624 -0.272463
vn 0.179431 0.945482 -0.271788
vn 0.178641 0.954954 -0.236960
vn -0.273985 0.942225 -0.192730
vn 0.638912 0.764560 -0.085084
vn 0.117061 0.951515 -0.284458
vn -0.758549 0.603640 -0.245402
vn -0.802410 -0.594372 0.053473
vn -0.911649 0.403084 -0.080121
vn -0.918598 0.382357 -0.099905
vn -0.913247 0.407398 0.002750
vn -0.830172 -0.389910 0.398479
vn 0.792423 -0.609868 0.011232
vn -0.815498 0.544763 -0.195437
vn -0.708367 0.666790 -0.231532
vn -0.761742 0.609133 -0.220695
vn 0.417780 0.886878 -0.197249
vn 0.526442 -0.835348 0.158283
vn -0.537752 0.828172 -0.157968
vn 0.053106 -0.987509 0.148341
vn -0.998953 0.045283 0.006513
vn -0.999869 -0.010324 0.012439
vn -0.902432 -0.429938 0.027754
vn 0.016547 0.998663 -0.048978
vn -0.866931 0.498020 -0.020157
vn -0.987245 0.153758 -0.041300
vn -0.697212 0.716405 -0.025663
vn -0.940538 -0.339625 0.006496
vn -0.931067 -0.364791 -0.006533
vn -0.996208 -0.069166 0.052779
vn -0.883518 -0.464316 0.061697
vn -0.728180 0.674912 -0.119361
vn -0.827451 -0.561454 0.009707
vn -0.862252 0.505674 0.028537
vn -0.991566 0.129329 -0.008481
vn -0.995775 0.086808 -0.029933
vn 0.747109 -0.655248 -0.111707
vn 0.950630 -0.268142 -0.156214
vn 0.591295 0.786330 -0.179041
vn 0.602290 0.768616 -0.215582
vn -0.371802 0.882050 -0.289397
vn -0.337098 0.894995 -0.292145
vn 0.601203 0.765523 -0.229195
vn 0.599006 0.766682 -0.231064
vn 0.896122 0.409732 -0.170544
vn -0.471802 -0.880191 0.051638
vn 0.559932 -0.824448 0.082231
vn -0.933682 -0.357988 -0.009103
vn -0.864063 0.480537 0.149930
vn -0.866721 0.472130 0.160896
vn -0.981688 0.141934 0.127058
vn -0.909102 0.382083 0.165968
vn -0.841525 -0.518326 -0.152232
vn 0.925765 0.351939 0.138199
vn -0.182440 0.090011 0.979088
vn 0.402607 -0.635684 0.658645
vn 0.585405 0.783495 -0.208414
vn 0.972382 -0.229785 -0.040892
vn 0.463290 0.831281 -0.307138
vn 0.752960 0.560140 -0.345392
vn -0.501477 -0.582185 0.639986
vn -0.508670 -0.577105 0.638908
vn -0.631717 0.774104 0.041199
vn -0.073672 0.134088 0.988227
vn 0.811851 0.524646 0.256214
vn 0.999817 -0.019089 -0.001501
vn -0.085466 0.148685 0.985184
vn 0.277191 0.666279 0.692270
vn -0.073128 0.114808 0.990692
vn 0.282509 0.653094 0.702607
vn 0.862254 0.468230 -0.193077
vn 0.818817 0.518377 -0.246625
vn 0.938339 0.334080 -0.088938
vn 0.127557 0.984577 -0.119742
vn 0.850699 0.523515 -0.047356
vn 0.933286 0.356214 -0.045715
vn 0.576884 0.816822 0.002528
vn 0.538450 0.842650 -0.003462
vn 0.548865 0.835742 -0.016829
vn -0.198893 0.979425 -0.034168
vn -0.221981 0.974040 -0.044397
vn -0.593655 0.796519 0.114593
vn -0.583962 0.809051 0.066510
vn 0.261183 -0.853202 -0.451475
vn 0.988021 -0.116061 0.101703
vn -0.270365 -0.955754 0.115918
vn -0.226743 -0.972764 0.048150
vn 0.988338 -0.113212 0.101834
vn 0.261183 -0.853202 -0.451475
vn 0.988382 -0.113080 0.101553
vn 0.261342 0.939755 0.220364
vn -0.116294 0.986429 0.115905
vn 0.334629 0.941620 0.037075
vn 0.940964 -0.130206 0.312462
vn 0.202963 0.937910 -0.281301
vn 0.538820 0.810086 0.231158
vn -0.926762 0.079937 0.367047
vn -0.928385 -0.024353 0.370821
vn 0.996208 -0.086908 -0.004049
vn 0.989951 0.139675 -0.022089
vn 0.995769 0.089484 -0.020914
vn 0.997611 0.067457 -0.014863
vn 0.991911 -0.126935 0.000769
vn 0.147555 0.988270 -0.039376
vn 0.216788 0.975406 -0.039827
vn -0.062317 0.997216 -0.040941
vn 0.276538 0.960622 -0.027052
vn -0.173431 0.977434 -0.120598
vn 0.885637 -0.463757 0.024028
vn 0.742080 -0.668025 0.055326
vn 0.908890 -0.416705 -0.016610
vn 0.996134 0.082457 0.030298
vn -0.901077 0.385021 0.199548
vn 0.155024 -0.984382 0.083429
vn 0.295448 0.949283 -0.107574
vn 0.959734 -0.266148 -0.089865
vn 0.111535 -0.969369 -0.218825
vn 0.948565 -0.297191 -0.109093
vn 0.959499 0.241481 0.145080
vn 0.333001 -0.353966 0.873967
vn 0.332997 -0.353936 0.873981
vn 0.333016 -0.353956 0.873965
vn -0.622420 -0.683377 0.381561
vn -0.712634 0.651917 0.259146
vn -0.710518 0.650997 0.267145
vn 0.410815 -0.425300 0.806443
vn 0.400385 -0.908111 0.122579
vn -0.512408 0.852737 -0.101373
vn -0.179683 0.963987 -0.196070
vn -0.478898 -0.716024 0.507904
vn -0.392320 0.907416 0.150600
vn -0.629353 0.756784 -0.176615
vn -0.590958 0.782242 -0.197145
vn -0.784771 0.614736 -0.078961
vn -0.649330 -0.651724 0.391953
vn -0.328793 0.856062 -0.398815
vn -0.651034 -0.503316 0.568179
vn -0.141369 -0.936787 0.320071
vn 0.664574 0.703469 -0.251939
vn 0.515060 0.778050 -0.359655
vn 0.996747 -0.070543 -0.038980
vn -0.368780 -0.785657 0.496733
vn -0.350201 -0.861035 0.368752
vn 0.927463 -0.279145 -0.248780
vn 0.901714 -0.378733 -0.208501
vn 0.941062 -0.170728 -0.291984
vn -0.179253 0.952717 -0.245355
vn -0.495253 0.855870 -0.149033
vn -0.181414 0.948859 -0.258370
vn 0.964798 -0.120078 -0.233981
vn 0.940333 0.125127 -0.316412
vn 0.502444 0.723149 -0.473926
vn 0.558371 0.700636 -0.444220
vn 0.576199 0.691779 -0.435244
vn -0.007770 0.926394 -0.376476
vn 0.105052 0.969588 -0.221050
vn 0.094664 -0.960317 0.262354
vn -0.044544 0.967560 -0.248682
vn -0.969647 0.160969 0.184050
vn -0.973162 0.131020 0.189183
vn -0.968606 0.168389 0.182888
vn 0.965342 0.069782 -0.251487
vn 0.844023 0.454305 -0.285013
vn 0.808366 0.518606 -0.278553
vn -0.640585 -0.728657 0.242302
vn -0.662965 0.748403 0.019235
vn -0.655607 0.754940 0.015677
vn -0.255605 0.945784 -0.200396
vn 0.765913 0.595262 -0.242982
vn -0.166870 0.979649 -0.111548
vn -0.148990 0.979888 -0.132746
vn -0.323663 0.941257 -0.096325
vn -0.891377 0.447136 0.074276
vn -0.669231 0.741571 -0.046914
vn -0.174512 -0.959904 0.219386
vn 0.961439 -0.226318 -0.156252
vn 0.945997 -0.284758 -0.154928
vn -0.174497 -0.959991 0.219015
vn -0.323173 -0.915479 0.239701
vn -0.702208 -0.660001 0.267028
vn -0.223248 -0.945834 0.235709
vn 0.216980 -0.966933 0.134020
vn 0.797362 0.564718 -0.212855
vn 0.936671 0.288738 -0.198186
vn 0.958750 0.158134 -0.236204
vn 0.965714 0.138877 -0.219338
vn 0.964898 -0.218011 -0.146437
vn 0.969474 -0.191571 -0.153040
vn 0.505039 0.817915 -0.275592
vn -0.855200 -0.441311 0.271804
vn -0.628816 -0.734534 0.255049
vn -0.184477 0.951650 0.245622
vn -0.778019 0.591223 0.212466
vn 0.956989 -0.255459 -0.137521
vn 0.889154 0.384053 -0.248813
vn 0.933230 -0.340183 -0.115573
vn 0.939528 -0.317382 -0.128667
vn 0.931304 -0.346128 -0.113437
vn 0.934798 -0.334705 -0.118850
vn 0.802279 -0.588410 -0.100612
vn 0.856708 -0.500256 -0.125677
vn 0.882187 -0.437415 -0.174399
vn -0.965146 0.106936 0.238869
vn -0.742959 -0.669075 -0.018725
vn 0.154881 0.961088 -0.228740
vn -0.278224 0.925844 -0.255743
vn -0.476616 -0.878946 0.017057
vn -0.631594 0.748258 -0.202976
vn -0.731423 0.681826 -0.011532
vn -0.914945 -0.232980 0.329538
vn -0.011280 0.951513 -0.307401
vn 0.700894 -0.694320 0.163301
vn 0.653003 0.575956 -0.491794
vn 0.720476 -0.653181 -0.232955
vn -0.096745 -0.974791 0.201056
vn 0.849785 0.525563 0.040621
vn 0.243978 0.949150 -0.198968
vn 0.255700 -0.966682 0.011996
vn 0.462500 -0.885724 0.039824
vn 0.217053 -0.975902 -0.022427
vn -0.442128 0.864379 -0.239526
vn 0.758295 0.458173 -0.463752
vn 0.567854 -0.791581 0.225702
vn 0.095104 0.097111 0.990719
vn -0.384847 -0.894079 0.229162
vn 0.058553 0.976580 0.207035
vn 0.661031 -0.748657 0.050508
vn 0.305871 0.882037 -0.358403
vn 0.947356 -0.218844 -0.233718
vn 0.933120 -0.268860 -0.238750
vn 0.311778 -0.912668 -0.264258
vn -0.631201 0.698786 0.336575
vn 0.402323 0.756511 -0.515585
vn 0.401194 0.757095 -0.515606
vn 0.483184 0.809317 -0.333974
vn 0.422830 -0.871136 0.249672
vn -0.078507 -0.983652 0.162067
vn -0.904488 0.387491 -0.178191
vn -0.335718 0.917275 -0.214242
vn -0.840193 0.501462 0.206424
vn -0.876017 0.469651 0.109649
vn -0.894911 0.437372 0.088548
vn -0.958340 0.252778 0.132998
vn -0.961227 0.262949 0.083068
vn -0.964008 0.245473 0.102131
vn -0.988484 0.122530 0.088798
vn -0.974188 0.204342 0.095924
vn -0.984720 0.156514 0.076351
vn -0.961086 0.249732 0.118097
vn -0.992158 0.116632 0.044938
vn -0.968776 -0.244512 0.041080
vn 0.998807 0.026006 -0.041320
vn -0.825246 -0.547646 0.138030
vn -0.823822 -0.549639 0.138614
vn -0.807596 -0.572445 0.141756
vn -0.986585 0.161442 -0.024207
vn -0.994814 -0.099960 0.018803
vn -0.995682 -0.082362 0.042831
vn -0.997498 -0.059424 0.038300
vn -0.995333 -0.086749 0.042260
vn -0.833575 0.545923 -0.084388
vn -0.792354 0.602835 -0.093628
vn -0.839605 0.536910 -0.082403
vn -0.910824 -0.390596 0.133545
vn -0.540085 -0.817273 0.200930
vn -0.565131 -0.800433 0.199833
vn -0.513708 -0.833788 0.202242
vn -0.658451 -0.728430 0.189294
vn -0.679328 -0.709000 0.189293
vn -0.610381 -0.767529 0.195791
vn -0.663635 -0.722482 0.193931
vn 0.624236 0.730836 -0.276060
vn 0.852299 0.473943 -0.221280
vn 0.928700 -0.308390 -0.205942
vn -0.603907 -0.784725 0.139653
vn -0.547996 -0.812755 0.197812
vn 0.821398 0.516829 -0.241233
vn -0.610684 -0.773923 0.167654
vn -0.447979 -0.208783 -0.869324
vn 0.554222 0.575981 -0.600902
vn 0.755364 0.566932 -0.328655
vn 0.538268 0.571083 -0.619783
vn 0.768415 0.557089 -0.314944
vn 0.779840 0.560467 -0.278793
vn 0.763784 0.558436 -0.323702
vn 0.771854 0.560705 -0.299752
vn 0.770615 0.562145 -0.300243
vn -0.982583 -0.068529 -0.172727
vn -0.991777 -0.125367 0.025728
vn -0.786672 -0.576624 -0.220573
vn -0.189909 -0.402318 -0.895586
vn -0.189910 -0.402322 -0.895584
vn 0.803084 0.528238 -0.275718
vn 0.761594 0.512725 -0.396342
vn -0.752380 -0.630507 0.190748
vn 0.638912 0.569346 -0.517336
vn 0.633704 0.504491 -0.586436
vn 0.633046 0.505425 -0.586343
vn 0.729106 0.544703 -0.414372
vn 0.369048 0.418404 -0.829905
vn 0.285082 0.372219 -0.883279
vn 0.572345 0.488650 -0.658515
vn 0.581669 0.482307 -0.655012
vn 0.502985 0.536536 -0.677595
vn -0.562325 -0.802474 0.199565
vn -0.461593 -0.869572 0.175433
vn 0.121938 0.676813 -0.725986
vn 0.174228 0.681575 -0.710704
vn -0.262796 0.576133 -0.773957
vn -0.155654 -0.953223 0.259110
vn -0.099714 -0.961942 0.254410
vn -0.543358 -0.808527 0.225933
vn -0.555273 -0.799595 0.228737
vn -0.600163 -0.767446 0.225456
vn 0.136939 -0.964679 0.225039
vn 0.825832 0.508339 -0.244116
vn 0.863156 0.481331 -0.152588
vn 0.260449 -0.943216 0.206179
vn -0.045695 -0.979164 0.197862
vn -0.231861 -0.948420 0.216196
vn -0.135337 -0.975451 0.173719
vn 0.285492 -0.951845 0.111738
vn 0.240607 -0.964249 0.111053
vn 0.291457 -0.949930 0.112634
vn -0.106111 -0.982866 0.150715
vn -0.088098 -0.984340 0.152691
vn -0.108107 -0.983249 0.146747
vn -0.137731 -0.980919 0.137217
vn 0.793151 -0.596794 -0.121442
vn 0.796257 -0.593059 -0.119397
vn 0.908699 0.332791 -0.252026
vn 0.434818 -0.898001 0.067287
vn 0.472433 -0.879169 0.062199
vn 0.285923 -0.953469 0.095634
vn 0.371425 -0.928463 -0.000424
vn 0.334879 -0.942192 0.011432
vn 0.647629 -0.758282 -0.074727
vn 0.585663 -0.809427 -0.042740
vn 0.328352 -0.941505 0.075854
vn -0.102394 -0.994425 0.025199
vn 0.211729 -0.972375 0.098278
vn 0.807508 -0.589805 0.007757
vn 0.817458 -0.575975 0.003959
vn 0.599604 -0.799348 0.038953
vn 0.550619 -0.833414 0.047334
vn 0.516346 -0.855764 0.032477
vn 0.203686 0.922846 -0.326906
vn -0.169198 0.921282 -0.350160
vn -0.045010 0.959654 -0.277557
vn -0.187261 0.914238 -0.359307
vn 0.511235 0.806178 -0.297852
vn 0.597827 0.749606 -0.284066
vn 0.279617 0.903772 -0.324054
vn 0.562556 0.779559 -0.275352
vn 0.148935 0.951176 -0.270337
vn -0.778043 0.624061 -0.072088
vn 0.074243 0.892284 -0.445328
vn -0.055193 0.906842 -0.417842
vn -0.207843 0.937037 -0.280648
vn 0.189199 0.965755 -0.177542
vn 0.394838 0.883105 -0.253434
vn 0.472617 0.840095 -0.266221
vn 0.938613 -0.282050 -0.198628
vn -0.886699 0.461310 0.030964
vn -0.886366 0.461957 0.030851
vn -0.623245 0.774609 -0.107461
vn 0.955234 -0.283940 -0.083096
vn 0.953681 -0.289467 -0.081861
vn -0.039750 0.973339 -0.225899
vn 0.965059 -0.238922 -0.107595
vn 0.940665 -0.329305 -0.081897
vn 0.931485 0.268085 -0.245899
f 597//597 1245//1245 1//1
f 1//1 1245//1245 598//598
f 598//598 1245//1245 1238//1238
f 5//5 1245//1245 597//597
f 1//1 598//598 597//597
f 599//599 598//598 1238//1238
f 2//2 598//598 599//599
f 604//604 598//598 603//603
f 603//603 2//2 323//323
f 598//598 2//2 603//603
f 604//604 597//597 598//598
f 323//323 3//3 603//603
f 3//3 2//2 599//599
f 1245//1245 5//5 1239//1239
f 602//602 1238//1238 324//324
f 1238//1238 1245//1245 1264//1264
f 604//604 608//608 597//597
f 608//608 1248//1248 597//597
f 597//597 1248//1248 5//5
f 3//3 608//608 603//603
f 606//606 600//600 601//601
f 328//328 1258//1258 1253//1253
f 1258//1258 329//329 1257//1257
f 1253//1253 1257//1257 326//326
f 1258//1258 1257//1257 1253//1253
f 6//6 1255//1255 605//605
f 1255//1255 1254//1254 605//605
f 601//601 600//600 9//9
f 4//4 1241//1241 612//612
f 612//612 1261//1261 4//4
f 1242//1242 325//325 1244//1244
f 330//330 1243//1243 1259//1259
f 331//331 325//325 1242//1242
f 331//331 1242//1242 1244//1244
f 1261//1261 1260//1260 334//334
f 1264//1264 1245//1245 1246//1246
f 1246//1246 1245//1245 1239//1239
f 1239//1239 1247//1247 1246//1246
f 1247//1247 1248//1248 1246//1246
f 1239//1239 1248//1248 1247//1247
f 1238//1238 608//608 599//599
f 599//599 608//608 3//3
f 608//608 604//604 603//603
f 1241//1241 1240//1240 612//612
f 7//7 609//609 10//10
f 10//10 609//609 610//610
f 327//327 6//6 605//605
f 327//327 605//605 1254//1254
f 606//606 607//607 8//8
f 601//601 607//607 606//606
f 9//9 600//600 8//8
f 600//600 606//606 8//8
f 610//610 1256//1256 1252//1252
f 1256//1256 7//7 1252//1252
f 610//610 609//609 1256//1256
f 609//609 7//7 1256//1256
f 332//332 330//330 1259//1259
f 332//332 1259//1259 1243//1243
f 334//334 1260//1260 611//611
f 611//611 1260//1260 341//341
f 1263//1263 621//621 324//324
f 1264//1264 1246//1246 342//342
f 1266//1266 333//333 1265//1265
f 1266//1266 1267//1267 333//333
f 1265//1265 1267//1267 1266//1266
f 1268//1268 1246//1246 1248//1248
f 337//337 1246//1246 1268//1268
f 1250//1250 1286//1286 1249//1249
f 1250//1250 1249//1249 1251//1251
f 338//338 612//612 1285//1285
f 1285//1285 612//612 1240//1240
f 22//22 630//630 632//632
f 22//22 631//631 1271//1271
f 631//631 11//11 1270//1270
f 1271//1271 1270//1270 335//335
f 631//631 1270//1270 1271//1271
f 335//335 1272//1272 336//336
f 11//11 617//617 1270//1270
f 1270//1270 1272//1272 335//335
f 617//617 1272//1272 1270//1270
f 654//654 1263//1263 339//339
f 634//634 1263//1263 654//654
f 617//617 1262//1262 1272//1272
f 1272//1272 1262//1262 336//336
f 343//343 1280//1280 613//613
f 613//613 1280//1280 342//342
f 342//342 1246//1246 613//613
f 614//614 13//13 1277//1277
f 621//621 13//13 614//614
f 613//613 1246//1246 615//615
f 621//621 614//614 324//324
f 324//324 614//614 602//602
f 614//614 1238//1238 602//602
f 608//608 1238//1238 614//614
f 1246//1246 337//337 615//615
f 1268//1268 1248//1248 608//608
f 1278//1278 337//337 1268//1268
f 1278//1278 1268//1268 608//608
f 1269//1269 619//619 1250//1250
f 619//619 1286//1286 1250//1250
f 338//338 15//15 616//616
f 1250//1250 1251//1251 1269//1269
f 611//611 615//615 334//334
f 616//616 1261//1261 612//612
f 616//616 612//612 338//338
f 616//616 15//15 1261//1261
f 341//341 1260//1260 15//15
f 1260//1260 1261//1261 15//15
f 621//621 1263//1263 634//634
f 621//621 12//12 13//13
f 621//621 622//622 12//12
f 634//634 622//622 621//621
f 12//12 622//622 618//618
f 622//622 1282//1282 618//618
f 615//615 1293//1293 613//613
f 625//625 1293//1293 615//615
f 12//12 618//618 13//13
f 618//618 1282//1282 13//13
f 16//16 624//624 13//13
f 13//13 624//624 1274//1274
f 1277//1277 13//13 14//14
f 1274//1274 14//14 13//13
f 1274//1274 624//624 1279//1279
f 625//625 615//615 1275//1275
f 625//625 1275//1275 340//340
f 1285//1285 1279//1279 624//624
f 1277//1277 1279//1279 614//614
f 1279//1279 1278//1278 614//614
f 1278//1278 608//608 614//614
f 615//615 1290//1290 1275//1275
f 1290//1290 340//340 1275//1275
f 337//337 1285//1285 1240//1240
f 1278//1278 1285//1285 337//337
f 1279//1279 1285//1285 1278//1278
f 1269//1269 1286//1286 619//619
f 627//627 15//15 1288//1288
f 1289//1289 1290//1290 611//611
f 611//611 1290//1290 615//615
f 341//341 1287//1287 620//620
f 627//627 341//341 15//15
f 620//620 1289//1289 611//611
f 620//620 611//611 341//341
f 622//622 634//634 23//23
f 622//622 23//23 1282//1282
f 16//16 344//344 1281//1281
f 16//16 1281//1281 623//623
f 1281//1281 24//24 1293//1293
f 623//623 1293//1293 1284//1284
f 1281//1281 1293//1293 623//623
f 13//13 1283//1283 16//16
f 1282//1282 1283//1283 13//13
f 16//16 626//626 624//624
f 16//16 623//623 626//626
f 623//623 1284//1284 626//626
f 1293//1293 625//625 1284//1284
f 626//626 1285//1285 624//624
f 17//17 1285//1285 626//626
f 625//625 1276//1276 1284//1284
f 340//340 1276//1276 625//625
f 1284//1284 1276//1276 1290//1290
f 1276//1276 340//340 1290//1290
f 1284//1284 1290//1290 626//626
f 1290//1290 1289//1289 626//626
f 626//626 1287//1287 17//17
f 1289//1289 1287//1287 626//626
f 338//338 1285//1285 15//15
f 15//15 1285//1285 1288//1288
f 1288//1288 1285//1285 1287//1287
f 1287//1287 1285//1285 17//17
f 1288//1288 1287//1287 341//341
f 1287//1287 1289//1289 620//620
f 635//635 25//25 628//628
f 635//635 628//628 1782//1782
f 635//635 1782//1782 629//629
f 635//635 629//629 20//20
f 26//26 637//637 632//632
f 637//637 22//22 632//632
f 26//26 632//632 638//638
f 632//632 630//630 638//638
f 27//27 640//640 641//641
f 640//640 22//22 637//637
f 640//640 637//637 641//641
f 27//27 639//639 640//640
f 639//639 11//11 631//631
f 640//640 631//631 22//22
f 639//639 631//631 640//640
f 347//347 638//638 633//633
f 638//638 630//630 633//633
f 630//630 342//342 1280//1280
f 633//633 1280//1280 343//343
f 630//630 1280//1280 633//633
f 654//654 339//339 1273//1273
f 654//654 1273//1273 21//21
f 633//633 343//343 613//613
f 36//36 24//24 1281//1281
f 36//36 1281//1281 344//344
f 1293//1293 28//28 613//613
f 1293//1293 24//24 28//28
f 635//635 1784//1784 25//25
f 25//25 1785//1785 645//645
f 644//644 25//25 636//636
f 644//644 636//636 666//666
f 346//346 648//648 637//637
f 641//641 651//651 27//27
f 633//633 667//667 347//347
f 26//26 346//346 637//637
f 1273//1273 1297//1297 21//21
f 339//339 1297//1297 1273//1273
f 654//654 663//663 634//634
f 634//634 1301//1301 23//23
f 663//663 1301//1301 634//634
f 350//350 1302//1302 1304//1304
f 1304//1304 28//28 24//24
f 1302//1302 28//28 1304//1304
f 31//31 1899//1899 628//628
f 642//642 628//628 25//25
f 644//644 642//642 25//25
f 645//645 636//636 25//25
f 29//29 636//636 645//645
f 647//647 648//648 346//346
f 33//33 649//649 650//650
f 649//649 637//637 648//648
f 649//649 648//648 650//650
f 33//33 651//651 649//649
f 649//649 641//641 637//637
f 651//651 641//641 649//649
f 26//26 638//638 1294//1294
f 638//638 347//347 1294//1294
f 656//656 667//667 633//633
f 656//656 633//633 28//28
f 613//613 28//28 633//633
f 31//31 37//37 643//643
f 642//642 31//31 628//628
f 37//37 31//31 642//642
f 659//659 38//38 642//642
f 659//659 642//642 644//644
f 42//42 29//29 645//645
f 693//693 29//29 1307//1307
f 29//29 42//42 1305//1305
f 29//29 1305//1305 1307//1307
f 636//636 646//646 666//666
f 636//636 29//29 646//646
f 648//648 647//647 650//650
f 650//650 1314//1314 33//33
f 348//348 1296//1296 349//349
f 349//349 1298//1298 1299//1299
f 1298//1298 1296//1296 1291//1291
f 1299//1299 1291//1291 345//345
f 1298//1298 1291//1291 1299//1299
f 1296//1296 1298//1298 349//349
f 1296//1296 652//652 653//653
f 652//652 1292//1292 653//653
f 1292//1292 345//345 1291//1291
f 653//653 1291//1291 1296//1296
f 1292//1292 1291//1291 653//653
f 663//663 654//654 674//674
f 654//654 21//21 674//674
f 21//21 652//652 674//674
f 674//674 652//652 1296//1296
f 663//663 34//34 35//35
f 43//43 1312//1312 34//34
f 656//656 664//664 667//667
f 663//663 35//35 1301//1301
f 656//656 352//352 1300//1300
f 656//656 1300//1300 664//664
f 35//35 655//655 1303//1303
f 655//655 28//28 1302//1302
f 1303//1303 1302//1302 350//350
f 655//655 1302//1302 1303//1303
f 1312//1312 352//352 656//656
f 1312//1312 656//656 34//34
f 656//656 28//28 655//655
f 34//34 655//655 35//35
f 656//656 655//655 34//34
f 643//643 1893//1893 31//31
f 668//668 37//37 642//642
f 642//642 38//38 657//657
f 642//642 657//657 668//668
f 659//659 657//657 658//658
f 658//658 657//657 1295//1295
f 658//658 1295//1295 38//38
f 659//659 668//668 657//657
f 659//659 658//658 38//38
f 659//659 644//644 679//679
f 679//679 644//644 1319//1319
f 39//39 660//660 661//661
f 660//660 40//40 662//662
f 661//661 662//662 41//41
f 660//660 662//662 661//661
f 47//47 671//671 670//670
f 671//671 41//41 662//662
f 670//670 662//662 40//40
f 671//671 662//662 670//670
f 1305//1305 1306//1306 1307//1307
f 1306//1306 41//41 671//671
f 1307//1307 671//671 693//693
f 1306//1306 671//671 1307//1307
f 671//671 47//47 693//693
f 1313//1313 665//665 666//666
f 666//666 646//646 678//678
f 678//678 646//646 48//48
f 1387//1387 347//347 667//667
f 1309//1309 1338//1338 348//348
f 1338//1338 674//674 348//348
f 674//674 1296//1296 348//348
f 1312//1312 43//43 351//351
f 43//43 34//34 663//663
f 1312//1312 351//351 1311//1311
f 1312//1312 1311//1311 352//352
f 668//668 659//659 679//679
f 1319//1319 644//644 666//666
f 666//666 52//52 1319//1319
f 665//665 52//52 666//666
f 678//678 1313//1313 666//666
f 678//678 48//48 54//54
f 1314//1314 650//650 647//647
f 1308//1308 1387//1387 667//667
f 426//426 43//43 674//674
f 357//357 1327//1327 1329//1329
f 1327//1327 45//45 1310//1310
f 1329//1329 1310//1310 351//351
f 1327//1327 1310//1310 1329//1329
f 1315//1315 1317//1317 373//373
f 664//664 1317//1317 667//667
f 667//667 1317//1317 1315//1315
f 674//674 43//43 663//663
f 664//664 1300//1300 1317//1317
f 1317//1317 352//352 354//354
f 1300//1300 352//352 1317//1317
f 352//352 1311//1311 45//45
f 1311//1311 351//351 1310//1310
f 1311//1311 1310//1310 45//45
f 643//643 675//675 44//44
f 643//643 37//37 675//675
f 675//675 37//37 668//668
f 668//668 679//679 692//692
f 1810//1810 676//676 669//669
f 676//676 1816//1816 669//669
f 669//669 694//694 46//46
f 47//47 672//672 694//694
f 672//672 46//46 694//694
f 665//665 1313//1313 678//678
f 665//665 678//678 52//52
f 1324//1324 1321//1321 355//355
f 52//52 678//678 1337//1337
f 673//673 29//29 693//693
f 682//682 1332//1332 673//673
f 646//646 29//29 673//673
f 1364//1364 646//646 696//696
f 353//353 56//56 681//681
f 353//353 681//681 49//49
f 667//667 1315//1315 1308//1308
f 354//354 1316//1316 1317//1317
f 1316//1316 373//373 1317//1317
f 45//45 1327//1327 354//354
f 1327//1327 357//357 1326//1326
f 1327//1327 1326//1326 354//354
f 668//668 692//692 675//675
f 692//692 691//691 675//675
f 52//52 1320//1320 1319//1319
f 1323//1323 1330//1330 358//358
f 356//356 1330//1330 1323//1323
f 1323//1323 358//358 355//355
f 1816//1816 694//694 669//669
f 51//51 356//356 1331//1331
f 356//356 677//677 1331//1331
f 677//677 1322//1322 1321//1321
f 1322//1322 356//356 1323//1323
f 1321//1321 1323//1323 355//355
f 1322//1322 1323//1323 1321//1321
f 677//677 1325//1325 1331//1331
f 693//693 1835//1835 682//682
f 1325//1325 677//677 1321//1321
f 1325//1325 1321//1321 1324//1324
f 693//693 682//682 673//673
f 1337//1337 678//678 54//54
f 673//673 1332//1332 743//743
f 743//743 1332//1332 682//682
f 646//646 673//673 743//743
f 1309//1309 1318//1318 1338//1338
f 1318//1318 55//55 746//746
f 1318//1318 746//746 1338//1338
f 1315//1315 53//53 1308//1308
f 1326//1326 357//357 1328//1328
f 1326//1326 373//373 1316//1316
f 1326//1326 1316//1316 354//354
f 1319//1319 680//680 679//679
f 1330//1330 356//356 51//51
f 1330//1330 51//51 691//691
f 680//680 1319//1319 1320//1320
f 680//680 358//358 1330//1330
f 1835//1835 693//693 694//694
f 693//693 47//47 694//694
f 1331//1331 1325//1325 1324//1324
f 359//359 360//360 1333//1333
f 359//359 1333//1333 683//683
f 1334//1334 1331//1331 1324//1324
f 1333//1333 360//360 683//683
f 78//78 361//361 709//709
f 49//49 681//681 361//361
f 681//681 56//56 709//709
f 681//681 709//709 361//361
f 426//426 674//674 1338//1338
f 373//373 1326//1326 1328//1328
f 1425//1425 675//675 66//66
f 371//371 1336//1336 1356//1356
f 1336//1336 371//371 1357//1357
f 675//675 691//691 66//66
f 680//680 692//692 679//679
f 691//691 692//692 680//680
f 691//691 680//680 1330//1330
f 691//691 51//51 707//707
f 708//708 707//707 51//51
f 51//51 1331//1331 708//708
f 743//743 682//682 1835//1835
f 1337//1337 54//54 48//48
f 1331//1331 1334//1334 695//695
f 646//646 743//743 696//696
f 646//646 1365//1365 48//48
f 1364//1364 1365//1365 646//646
f 709//709 710//710 78//78
f 56//56 710//710 709//709
f 1387//1387 1308//1308 727//727
f 727//727 1308//1308 53//53
f 426//426 1338//1338 746//746
f 1360//1360 374//374 1359//1359
f 62//62 737//737 684//684
f 737//737 1341//1341 684//684
f 698//698 1341//1341 737//737
f 698//698 1361//1361 1341//1341
f 1342//1342 1343//1343 1344//1344
f 699//699 1342//1342 1344//1344
f 700//700 684//684 379//379
f 363//363 1346//1346 1345//1345
f 378//378 363//363 1345//1345
f 378//378 1345//1345 1346//1346
f 1341//1341 1361//1361 684//684
f 684//684 1361//1361 379//379
f 59//59 685//685 57//57
f 58//58 364//364 1347//1347
f 1347//1347 686//686 58//58
f 364//364 686//686 1347//1347
f 687//687 60//60 1348//1348
f 689//689 688//688 59//59
f 365//365 688//688 689//689
f 59//59 688//688 685//685
f 685//685 365//365 57//57
f 688//688 365//365 685//685
f 1350//1350 1349//1349 61//61
f 366//366 1349//1349 1350//1350
f 61//61 366//366 1350//1350
f 1353//1353 1352//1352 1351//1351
f 367//367 1352//1352 1353//1353
f 367//367 1353//1353 1351//1351
f 368//368 1355//1355 370//370
f 1829//1829 701//701 1828//1828
f 701//701 1335//1335 1828//1828
f 702//702 703//703 701//701
f 703//703 65//65 701//701
f 1335//1335 701//701 65//65
f 372//372 370//370 1355//1355
f 1355//1355 368//368 372//372
f 1829//1829 1356//1356 701//701
f 1356//1356 690//690 701//701
f 702//702 690//690 1357//1357
f 701//701 690//690 702//702
f 690//690 1336//1336 1357//1357
f 1356//1356 1336//1336 690//690
f 706//706 66//66 705//705
f 691//691 705//705 66//66
f 695//695 708//708 1331//1331
f 724//724 725//725 1835//1835
f 1835//1835 725//725 743//743
f 712//712 62//62 684//684
f 712//712 684//684 700//700
f 381//381 377//377 1367//1367
f 375//375 697//697 1369//1369
f 1369//1369 697//697 69//69
f 1367//1367 377//377 1339//1339
f 376//376 362//362 1340//1340
f 376//376 1340//1340 699//699
f 375//375 64//64 1361//1361
f 375//375 1361//1361 697//697
f 63//63 698//698 737//737
f 362//362 1343//1343 1340//1340
f 1340//1340 1342//1342 699//699
f 1343//1343 1342//1342 1340//1340
f 697//697 1361//1361 70//70
f 1361//1361 698//698 70//70
f 379//379 1361//1361 64//64
f 704//704 384//384 1362//1362
f 1839//1839 380//380 1837//1837
f 65//65 703//703 1362//1362
f 1358//1358 1362//1362 703//703
f 1358//1358 703//703 702//702
f 705//705 67//67 706//706
f 691//691 67//67 705//705
f 691//691 707//707 67//67
f 707//707 708//708 740//740
f 56//56 711//711 710//710
f 726//726 710//710 711//711
f 78//78 710//710 726//726
f 374//374 1360//1360 1404//1404
f 385//385 715//715 71//71
f 715//715 386//386 716//716
f 765//765 394//394 1371//1371
f 68//68 381//381 1368//1368
f 62//62 712//712 1366//1366
f 1339//1339 713//713 1367//1367
f 713//713 68//68 1368//1368
f 1367//1367 1368//1368 381//381
f 713//713 1368//1368 1367//1367
f 1369//1369 382//382 375//375
f 697//697 70//70 718//718
f 697//697 718//718 69//69
f 737//737 105//105 63//63
f 63//63 383//383 1370//1370
f 698//698 1370//1370 70//70
f 63//63 1370//1370 698//698
f 384//384 704//704 75//75
f 1362//1362 1358//1358 704//704
f 704//704 721//721 75//75
f 1358//1358 721//721 704//704
f 1358//1358 702//702 739//739
f 1358//1358 739//739 721//721
f 1425//1425 66//66 706//706
f 707//707 706//706 67//67
f 1845//1845 723//723 724//724
f 723//723 1403//1403 724//724
f 744//744 743//743 725//725
f 399//399 714//714 1364//1364
f 714//714 1365//1365 1364//1364
f 91//91 1365//1365 742//742
f 1365//1365 714//714 742//742
f 714//714 399//399 741//741
f 742//742 741//741 91//91
f 714//714 741//741 742//742
f 696//696 143//143 92//92
f 55//55 841//841 746//746
f 841//841 917//917 746//746
f 426//426 746//746 1482//1482
f 1392//1392 734//734 385//385
f 84//84 385//385 71//71
f 734//734 715//715 385//385
f 715//715 716//716 71//71
f 715//715 734//734 85//85
f 715//715 72//72 717//717
f 72//72 715//715 87//87
f 717//717 386//386 715//715
f 1366//1366 717//717 87//87
f 717//717 72//72 87//87
f 716//716 386//386 1372//1372
f 386//386 717//717 700//700
f 717//717 1366//1366 712//712
f 717//717 712//712 700//700
f 736//736 394//394 765//765
f 765//765 1371//1371 1373//1373
f 1366//1366 737//737 62//62
f 87//87 737//737 1366//1366
f 382//382 1369//1369 1396//1396
f 1369//1369 69//69 1396//1396
f 1395//1395 382//382 1396//1396
f 73//73 1395//1395 1396//1396
f 718//718 1396//1396 69//69
f 73//73 1396//1396 718//718
f 1370//1370 1374//1374 70//70
f 383//383 1374//1374 1370//1370
f 73//73 718//718 70//70
f 74//74 1377//1377 1376//1376
f 1380//1380 1378//1378 1379//1379
f 387//387 1378//1378 1380//1380
f 387//387 1380//1380 1379//1379
f 1844//1844 1375//1375 575//575
f 719//719 1375//1375 1844//1844
f 1401//1401 720//720 388//388
f 575//575 88//88 738//738
f 1376//1376 389//389 74//74
f 389//389 1376//1376 1377//1377
f 1384//1384 1382//1382 1383//1383
f 1381//1381 720//720 1401//1401
f 388//388 720//720 1381//1381
f 1384//1384 1383//1383 1385//1385
f 1384//1384 1385//1385 1382//1382
f 75//75 721//721 76//76
f 739//739 76//76 721//721
f 799//799 740//740 708//708
f 778//778 722//722 77//77
f 778//778 723//723 722//722
f 722//722 723//723 1845//1845
f 708//708 695//695 799//799
f 90//90 725//725 1403//1403
f 725//725 724//724 1403//1403
f 90//90 744//744 725//725
f 695//695 1334//1334 399//399
f 696//696 744//744 143//143
f 743//743 744//744 696//696
f 92//92 1364//1364 696//696
f 727//727 390//390 1387//1387
f 746//746 172//172 1482//1482
f 1404//1404 1360//1360 1444//1444
f 1444//1444 1359//1359 408//408
f 1360//1360 1359//1359 1444//1444
f 749//749 748//748 747//747
f 748//748 81//81 730//730
f 747//747 730//730 79//79
f 748//748 730//730 747//747
f 81//81 731//731 730//730
f 731//731 391//391 728//728
f 730//730 728//728 79//79
f 731//731 728//728 730//730
f 80//80 729//729 1389//1389
f 729//729 79//79 1388//1388
f 1389//1389 1388//1388 391//391
f 729//729 1388//1388 1389//1389
f 733//733 731//731 81//81
f 391//391 731//731 733//733
f 97//97 757//757 758//758
f 757//757 81//81 751//751
f 758//758 751//751 95//95
f 757//757 751//751 758//758
f 1389//1389 732//732 80//80
f 97//97 82//82 733//733
f 757//757 733//733 81//81
f 97//97 733//733 757//757
f 1389//1389 391//391 732//732
f 732//732 84//84 414//414
f 391//391 84//84 732//732
f 391//391 733//733 84//84
f 84//84 733//733 385//385
f 733//733 1392//1392 385//385
f 82//82 1392//1392 733//733
f 1391//1391 1390//1390 392//392
f 98//98 1390//1390 1391//1391
f 84//84 71//71 761//761
f 1392//1392 83//83 734//734
f 789//789 734//734 83//83
f 393//393 85//85 734//734
f 734//734 735//735 393//393
f 393//393 1394//1394 85//85
f 393//393 735//735 1394//1394
f 85//85 1394//1394 735//735
f 761//761 71//71 716//716
f 85//85 735//735 715//715
f 715//715 735//735 87//87
f 761//761 716//716 86//86
f 764//764 87//87 735//735
f 394//394 736//736 103//103
f 87//87 764//764 737//737
f 764//764 105//105 737//737
f 1397//1397 396//396 397//397
f 396//396 1397//1397 395//395
f 395//395 1397//1397 397//397
f 769//769 768//768 1420//1420
f 406//406 768//768 769//769
f 768//768 406//406 770//770
f 768//768 770//770 1421//1421
f 407//407 1398//1398 1399//1399
f 773//773 106//106 407//407
f 768//768 766//766 1420//1420
f 771//771 768//768 1421//1421
f 1398//1398 1400//1400 1399//1399
f 1399//1399 773//773 407//407
f 1400//1400 773//773 1399//1399
f 106//106 773//773 1400//1400
f 766//766 768//768 771//771
f 775//775 706//706 109//109
f 89//89 706//706 707//707
f 111//111 778//778 777//777
f 777//777 778//778 77//77
f 723//723 778//778 1402//1402
f 723//723 1402//1402 1403//1403
f 111//111 1402//1402 778//778
f 398//398 1403//1403 1402//1402
f 799//799 695//695 831//831
f 419//419 695//695 832//832
f 832//832 695//695 745//745
f 745//745 695//695 399//399
f 399//399 1364//1364 745//745
f 1364//1364 112//112 745//745
f 112//112 1364//1364 800//800
f 1404//1404 1444//1444 421//421
f 783//783 755//755 782//782
f 755//755 783//783 749//749
f 783//783 409//409 749//749
f 95//95 752//752 409//409
f 752//752 749//749 409//409
f 1406//1406 400//400 1409//1409
f 94//94 787//787 1406//1406
f 787//787 113//113 1408//1408
f 1406//1406 1408//1408 400//400
f 787//787 1408//1408 1406//1406
f 747//747 79//79 750//750
f 749//749 750//750 755//755
f 747//747 750//750 749//749
f 96//96 755//755 753//753
f 753//753 750//750 79//79
f 755//755 750//750 753//753
f 786//786 782//782 401//401
f 81//81 748//748 751//751
f 748//748 749//749 752//752
f 751//751 752//752 95//95
f 748//748 752//752 751//751
f 96//96 753//753 754//754
f 753//753 79//79 729//729
f 754//754 729//729 80//80
f 753//753 729//729 754//754
f 786//786 401//401 756//756
f 401//401 1410//1410 756//756
f 1410//1410 80//80 756//756
f 400//400 1408//1408 1407//1407
f 1408//1408 113//113 1407//1407
f 80//80 732//732 756//756
f 1413//1413 1411//1411 1407//1407
f 1411//1411 392//392 1412//1412
f 1407//1407 1412//1412 400//400
f 1411//1411 1412//1412 1407//1407
f 1393//1393 1413//1413 1407//1407
f 402//402 98//98 759//759
f 402//402 759//759 1413//1413
f 98//98 1391//1391 759//759
f 1391//1391 392//392 1411//1411
f 759//759 1411//1411 1413//1413
f 1391//1391 1411//1411 759//759
f 1392//1392 82//82 403//403
f 788//788 789//789 1393//1393
f 403//403 83//83 1392//1392
f 789//789 83//83 1393//1393
f 114//114 790//790 789//789
f 791//791 99//99 1414//1414
f 791//791 1414//1414 114//114
f 791//791 790//790 99//99
f 1415//1415 734//734 789//789
f 1415//1415 789//789 790//790
f 417//417 1433//1433 416//416
f 1433//1433 404//404 735//735
f 1433//1433 735//735 416//416
f 735//735 404//404 100//100
f 761//761 1416//1416 404//404
f 734//734 1415//1415 735//735
f 1415//1415 416//416 735//735
f 1416//1416 86//86 716//716
f 1416//1416 761//761 86//86
f 716//716 405//405 1416//1416
f 404//404 1416//1416 1417//1417
f 1416//1416 405//405 762//762
f 1417//1417 762//762 101//101
f 1416//1416 762//762 1417//1417
f 100//100 764//764 735//735
f 762//762 763//763 101//101
f 405//405 763//763 762//762
f 102//102 716//716 1436//1436
f 716//716 1372//1372 1436//1436
f 102//102 405//405 716//716
f 101//101 763//763 100//100
f 796//796 100//100 763//763
f 796//796 763//763 405//405
f 1372//1372 1418//1418 1436//1436
f 418//418 102//102 1436//1436
f 736//736 1418//1418 103//103
f 418//418 1436//1436 1437//1437
f 1436//1436 1418//1418 1437//1437
f 736//736 765//765 104//104
f 764//764 1373//1373 105//105
f 1419//1419 1373//1373 764//764
f 765//765 1373//1373 767//767
f 765//765 767//767 104//104
f 104//104 767//767 766//766
f 766//766 767//767 1420//1420
f 104//104 766//766 736//736
f 736//736 766//766 1418//1418
f 1373//1373 769//769 767//767
f 769//769 1420//1420 767//767
f 1419//1419 769//769 1373//1373
f 406//406 769//769 1419//1419
f 1441//1441 770//770 406//406
f 1421//1421 770//770 1441//1441
f 1439//1439 1438//1438 771//771
f 1438//1438 766//766 771//771
f 771//771 772//772 1439//1439
f 1421//1421 772//772 771//771
f 88//88 1422//1422 738//738
f 738//738 107//107 1848//1848
f 1422//1422 107//107 738//738
f 1847//1847 1848//1848 774//774
f 107//107 1422//1422 88//88
f 1424//1424 108//108 1423//1423
f 1424//1424 1423//1423 577//577
f 1423//1423 108//108 797//797
f 1423//1423 797//797 578//578
f 1425//1425 797//797 108//108
f 1425//1425 706//706 934//934
f 706//706 775//775 934//934
f 775//775 127//127 825//825
f 775//775 825//825 934//934
f 798//798 89//89 707//707
f 798//798 109//109 706//706
f 798//798 706//706 89//89
f 707//707 740//740 798//798
f 799//799 129//129 740//740
f 110//110 779//779 776//776
f 779//779 111//111 777//777
f 776//776 777//777 77//77
f 779//779 777//777 776//776
f 830//830 398//398 1402//1402
f 829//829 1402//1402 111//111
f 830//830 1402//1402 829//829
f 695//695 419//419 831//831
f 831//831 419//419 832//832
f 90//90 398//398 830//830
f 132//132 112//112 800//800
f 800//800 1364//1364 92//92
f 927//927 143//143 744//744
f 927//927 744//744 830//830
f 821//821 1496//1496 841//841
f 118//118 801//801 1386//1386
f 801//801 93//93 841//841
f 1386//1386 841//841 55//55
f 801//801 841//841 1386//1386
f 93//93 821//821 841//841
f 727//727 53//53 864//864
f 746//746 917//917 172//172
f 782//782 781//781 783//783
f 1405//1405 783//783 781//781
f 1405//1405 781//781 785//785
f 781//781 119//119 785//785
f 785//785 119//119 803//803
f 785//785 784//784 1405//1405
f 409//409 783//783 1405//1405
f 1405//1405 784//784 1409//1409
f 803//803 784//784 785//785
f 1446//1446 784//784 1426//1426
f 1426//1426 803//803 410//410
f 784//784 803//803 1426//1426
f 1446//1446 94//94 784//784
f 412//412 1446//1446 809//809
f 809//809 1446//1446 822//822
f 784//784 94//94 1406//1406
f 784//784 1406//1406 1409//1409
f 809//809 810//810 121//121
f 756//756 414//414 786//786
f 411//411 1427//1427 1428//1428
f 1430//1430 113//113 809//809
f 1430//1430 809//809 121//121
f 412//412 809//809 113//113
f 1428//1428 1429//1429 411//411
f 1427//1427 1429//1429 1428//1428
f 1407//1407 113//113 1430//1430
f 121//121 413//413 1430//1430
f 413//413 788//788 1430//1430
f 1430//1430 788//788 1407//1407
f 732//732 414//414 756//756
f 812//812 813//813 1431//1431
f 813//813 414//414 1431//1431
f 1407//1407 788//788 1393//1393
f 788//788 760//760 789//789
f 760//760 114//114 789//789
f 1448//1448 1457//1457 760//760
f 760//760 1457//1457 790//790
f 414//414 84//84 1431//1431
f 1431//1431 84//84 1452//1452
f 760//760 791//791 114//114
f 792//792 115//115 814//814
f 790//790 791//791 760//760
f 115//115 792//792 84//84
f 792//792 1452//1452 84//84
f 1448//1448 1456//1456 1457//1457
f 1456//1456 115//115 815//815
f 1457//1457 815//815 415//415
f 1456//1456 815//815 1457//1457
f 815//815 115//115 793//793
f 815//815 793//793 415//415
f 793//793 116//116 415//415
f 115//115 84//84 761//761
f 790//790 1457//1457 1415//1415
f 1415//1415 415//415 416//416
f 1457//1457 415//415 1415//1415
f 115//115 795//795 793//793
f 793//793 795//795 116//116
f 795//795 115//115 761//761
f 761//761 404//404 794//794
f 761//761 794//794 795//795
f 795//795 794//794 1435//1435
f 794//794 404//404 1433//1433
f 1435//1435 1433//1433 417//417
f 794//794 1433//1433 1435//1435
f 1435//1435 417//417 1434//1434
f 795//795 1434//1434 116//116
f 1435//1435 1434//1434 795//795
f 116//116 1434//1434 1432//1432
f 1434//1434 417//417 1432//1432
f 100//100 796//796 1419//1419
f 796//796 1440//1440 1419//1419
f 764//764 100//100 1419//1419
f 418//418 1437//1437 1438//1438
f 1437//1437 1418//1418 1438//1438
f 1441//1441 406//406 1419//1419
f 1441//1441 1419//1419 1440//1440
f 1418//1418 766//766 1438//1438
f 1438//1438 1439//1439 418//418
f 796//796 772//772 1440//1440
f 405//405 772//772 796//796
f 1439//1439 772//772 405//405
f 1440//1440 772//772 1441//1441
f 772//772 1421//1421 1441//1441
f 129//129 799//799 139//139
f 829//829 111//111 779//779
f 829//829 779//779 110//110
f 830//830 744//744 90//90
f 117//117 745//745 112//112
f 1442//1442 117//117 112//112
f 92//92 143//143 818//818
f 780//780 818//818 857//857
f 818//818 780//780 835//835
f 780//780 819//819 835//835
f 819//819 780//780 857//857
f 864//864 420//420 390//390
f 1443//1443 420//420 864//864
f 727//727 864//864 390//390
f 1444//1444 1462//1462 421//421
f 408//408 1462//1462 1444//1444
f 432//432 802//802 124//124
f 802//802 781//781 782//782
f 802//802 843//843 1445//1445
f 124//124 802//802 805//805
f 805//805 802//802 782//782
f 1445//1445 804//804 781//781
f 802//802 1445//1445 781//781
f 119//119 781//781 804//804
f 786//786 124//124 805//805
f 119//119 804//804 806//806
f 804//804 1445//1445 807//807
f 806//806 807//807 1446//1446
f 804//804 807//807 806//806
f 119//119 806//806 410//410
f 806//806 1446//1446 1426//1426
f 806//806 1426//1426 410//410
f 1445//1445 822//822 807//807
f 807//807 822//822 1446//1446
f 805//805 782//782 786//786
f 822//822 125//125 810//810
f 822//822 810//810 809//809
f 429//429 1466//1466 1464//1464
f 810//810 125//125 422//422
f 808//808 120//120 1464//1464
f 808//808 1464//1464 1466//1466
f 810//810 422//422 1447//1447
f 810//810 1447//1447 121//121
f 1450//1450 1449//1449 813//813
f 813//813 786//786 414//414
f 1449//1449 786//786 813//813
f 120//120 808//808 1453//1453
f 808//808 1466//1466 1454//1454
f 1453//1453 1454//1454 424//424
f 808//808 1454//1454 1453//1453
f 1447//1447 413//413 121//121
f 812//812 1450//1450 813//813
f 413//413 1447//1447 811//811
f 1447//1447 422//422 1448//1448
f 1447//1447 1448//1448 811//811
f 120//120 1453//1453 423//423
f 1453//1453 424//424 1455//1455
f 1453//1453 1455//1455 423//423
f 788//788 413//413 811//811
f 1455//1455 814//814 1451//1451
f 1455//1455 1451//1451 423//423
f 760//760 788//788 811//811
f 760//760 811//811 1448//1448
f 812//812 1431//1431 1452//1452
f 814//814 1455//1455 792//792
f 1455//1455 424//424 1452//1452
f 1455//1455 1452//1452 792//792
f 934//934 825//825 122//122
f 934//934 122//122 902//902
f 825//825 127//127 826//826
f 825//825 826//826 122//122
f 829//829 110//110 817//817
f 123//123 140//140 817//817
f 817//817 140//140 829//829
f 131//131 139//139 831//831
f 831//831 854//854 131//131
f 153//153 745//745 833//833
f 832//832 745//745 153//153
f 745//745 117//117 1442//1442
f 425//425 1459//1459 1460//1460
f 425//425 1460//1460 1458//1458
f 1460//1460 1459//1459 1458//1458
f 1461//1461 834//834 1442//1442
f 836//836 800//800 92//92
f 92//92 818//818 836//836
f 835//835 819//819 820//820
f 857//857 818//818 856//856
f 857//857 856//856 144//144
f 835//835 836//836 818//818
f 819//819 133//133 820//820
f 857//857 144//144 858//858
f 819//819 858//858 133//133
f 857//857 858//858 819//819
f 858//858 144//144 134//134
f 858//858 134//134 133//133
f 93//93 801//801 839//839
f 839//839 118//118 135//135
f 801//801 118//118 839//839
f 145//145 1481//1481 1443//1443
f 1443//1443 135//135 420//420
f 1481//1481 135//135 1443//1443
f 896//896 837//837 840//840
f 837//837 93//93 839//839
f 840//840 839//839 135//135
f 837//837 839//839 840//840
f 1496//1496 821//821 838//838
f 821//821 93//93 837//837
f 838//838 837//837 896//896
f 821//821 837//837 838//838
f 145//145 1443//1443 864//864
f 154//154 421//421 1462//1462
f 843//843 865//865 163//163
f 802//802 865//865 843//843
f 843//843 163//163 1487//1487
f 843//843 822//822 1445//1445
f 822//822 843//843 149//149
f 1463//1463 823//823 842//842
f 842//842 823//823 427//427
f 842//842 786//786 1463//1463
f 1463//1463 786//786 1449//1449
f 1463//1463 1465//1465 823//823
f 1465//1465 429//429 1467//1467
f 1465//1465 1467//1467 823//823
f 149//149 125//125 822//822
f 428//428 427//427 823//823
f 823//823 1467//1467 428//428
f 428//428 1467//1467 120//120
f 1467//1467 429//429 1464//1464
f 1467//1467 1464//1464 120//120
f 126//126 797//797 883//883
f 797//797 1425//1425 934//934
f 797//797 934//934 883//883
f 137//137 127//127 775//775
f 845//845 127//127 1471//1471
f 127//127 845//845 826//826
f 845//845 1471//1471 844//844
f 826//826 844//844 122//122
f 845//845 844//844 826//826
f 775//775 109//109 798//798
f 775//775 798//798 137//137
f 1468//1468 1471//1471 127//127
f 137//137 798//798 128//128
f 740//740 128//128 798//798
f 827//827 130//130 828//828
f 827//827 828//828 852//852
f 1858//1858 827//827 816//816
f 816//816 852//852 123//123
f 827//827 852//852 816//816
f 139//139 799//799 831//831
f 130//130 851//851 828//828
f 851//851 140//140 852//852
f 851//851 852//852 828//828
f 140//140 123//123 852//852
f 830//830 829//829 140//140
f 854//854 139//139 131//131
f 854//854 831//831 153//153
f 831//831 832//832 153//153
f 833//833 855//855 153//153
f 833//833 745//745 834//834
f 745//745 1442//1442 834//834
f 876//876 132//132 800//800
f 143//143 927//927 435//435
f 143//143 1476//1476 818//818
f 1476//1476 435//435 856//856
f 1476//1476 856//856 818//818
f 836//836 1513//1513 800//800
f 435//435 1477//1477 856//856
f 1477//1477 144//144 856//856
f 877//877 876//876 800//800
f 820//820 133//133 861//861
f 820//820 861//861 835//835
f 860//860 134//134 144//144
f 133//133 134//134 1470//1470
f 134//134 860//860 1470//1470
f 836//836 835//835 861//861
f 133//133 1470//1470 861//861
f 917//917 841//841 1496//1496
f 840//840 135//135 896//896
f 896//896 916//916 838//838
f 172//172 1483//1483 1482//1482
f 1482//1482 880//880 426//426
f 1483//1483 880//880 1482//1482
f 147//147 136//136 866//866
f 124//124 136//136 432//432
f 432//432 431//431 865//865
f 432//432 865//865 802//802
f 842//842 881//881 124//124
f 842//842 124//124 786//786
f 842//842 427//427 881//881
f 126//126 883//883 824//824
f 1471//1471 848//848 844//844
f 848//848 869//869 847//847
f 844//844 847//847 122//122
f 848//848 847//847 844//844
f 848//848 849//849 869//869
f 1471//1471 849//849 848//848
f 902//902 122//122 1472//1472
f 137//137 128//128 846//846
f 1468//1468 849//849 1471//1471
f 138//138 1468//1468 1474//1474
f 1468//1468 138//138 849//849
f 849//849 138//138 869//869
f 846//846 150//150 137//137
f 1468//1468 1473//1473 1474//1474
f 1473//1473 433//433 1474//1474
f 869//869 138//138 151//151
f 1474//1474 433//433 138//138
f 128//128 740//740 846//846
f 868//868 150//150 846//846
f 868//868 846//846 740//740
f 871//871 868//868 740//740
f 903//903 1489//1489 1859//1859
f 1859//1859 853//853 850//850
f 853//853 140//140 851//851
f 850//850 851//851 130//130
f 853//853 851//851 850//850
f 1489//1489 140//140 853//853
f 1489//1489 853//853 1859//1859
f 830//830 140//140 885//885
f 872//872 139//139 854//854
f 873//873 886//886 854//854
f 153//153 873//873 854//854
f 873//873 153//153 434//434
f 855//855 434//434 153//153
f 833//833 834//834 855//855
f 834//834 141//141 855//855
f 855//855 141//141 875//875
f 830//830 1533//1533 927//927
f 1461//1461 430//430 834//834
f 142//142 834//834 1469//1469
f 1469//1469 834//834 430//430
f 875//875 142//142 892//892
f 1533//1533 435//435 927//927
f 438//438 142//142 1469//1469
f 1485//1485 1469//1469 430//430
f 438//438 1469//1469 1485//1485
f 430//430 1475//1475 1485//1485
f 1485//1485 1475//1475 438//438
f 836//836 861//861 859//859
f 836//836 893//893 1513//1513
f 859//859 893//893 836//836
f 861//861 895//895 859//859
f 144//144 862//862 860//860
f 144//144 1477//1477 436//436
f 1477//1477 435//435 1479//1479
f 1477//1477 1479//1479 436//436
f 895//895 863//863 161//161
f 895//895 861//861 863//863
f 861//861 1470//1470 863//863
f 863//863 1470//1470 894//894
f 863//863 894//894 161//161
f 838//838 916//916 1496//1496
f 1481//1481 896//896 135//135
f 916//916 896//896 1481//1481
f 408//408 880//880 1462//1462
f 136//136 124//124 148//148
f 431//431 867//867 148//148
f 867//867 147//147 866//866
f 148//148 866//866 136//136
f 867//867 866//866 148//148
f 431//431 878//878 865//865
f 878//878 163//163 865//865
f 1488//1488 1487//1487 163//163
f 155//155 1487//1487 1488//1488
f 148//148 124//124 881//881
f 149//149 843//843 1487//1487
f 440//440 1487//1487 921//921
f 1487//1487 440//440 149//149
f 579//579 824//824 883//883
f 1472//1472 151//151 902//902
f 433//433 150//150 870//870
f 138//138 870//870 151//151
f 433//433 870//870 138//138
f 151//151 870//870 884//884
f 870//870 150//150 868//868
f 884//884 868//868 871//871
f 870//870 868//868 884//884
f 1484//1484 151//151 884//884
f 871//871 129//129 437//437
f 740//740 129//129 871//871
f 871//871 437//437 1484//1484
f 871//871 1484//1484 884//884
f 1484//1484 437//437 923//923
f 129//129 923//923 437//437
f 923//923 129//129 139//139
f 854//854 886//886 1504//1504
f 156//156 886//886 887//887
f 887//887 886//886 152//152
f 909//909 830//830 885//885
f 886//886 873//873 889//889
f 152//152 886//886 889//889
f 855//855 873//873 434//434
f 855//855 157//157 873//873
f 830//830 909//909 1533//1533
f 855//855 874//874 157//157
f 855//855 875//875 874//874
f 874//874 875//875 891//891
f 141//141 834//834 875//875
f 834//834 142//142 875//875
f 892//892 891//891 875//875
f 892//892 142//142 1486//1486
f 800//800 1513//1513 877//877
f 893//893 859//859 1513//1513
f 1470//1470 860//860 894//894
f 860//860 862//862 894//894
f 895//895 1478//1478 859//859
f 859//859 1478//1478 171//171
f 864//864 1481//1481 145//145
f 878//878 431//431 148//148
f 878//878 148//148 146//146
f 146//146 897//897 878//878
f 1498//1498 864//864 154//154
f 154//154 864//864 879//879
f 879//879 864//864 53//53
f 919//919 1462//1462 880//880
f 154//154 1462//1462 919//919
f 918//918 146//146 148//148
f 918//918 148//148 920//920
f 920//920 148//148 1518//1518
f 163//163 1499//1499 1488//1488
f 1499//1499 444//444 1500//1500
f 1488//1488 1500//1500 155//155
f 1499//1499 1500//1500 1488//1488
f 921//921 1487//1487 164//164
f 439//439 899//899 881//881
f 881//881 899//899 148//148
f 899//899 439//439 882//882
f 921//921 427//427 440//440
f 901//901 881//881 427//427
f 439//439 881//881 901//901
f 902//902 950//950 934//934
f 923//923 902//902 151//151
f 923//923 151//151 1484//1484
f 903//903 441//441 1489//1489
f 1489//1489 441//441 140//140
f 885//885 140//140 441//441
f 872//872 923//923 139//139
f 1504//1504 872//872 854//854
f 178//178 885//885 441//441
f 886//886 156//156 1504//1504
f 906//906 904//904 1505//1505
f 446//446 447//447 1507//1507
f 446//446 1507//1507 167//167
f 885//885 178//178 909//909
f 168//168 156//156 887//887
f 907//907 887//887 152//152
f 168//168 887//887 907//907
f 908//908 168//168 907//907
f 888//888 907//907 152//152
f 908//908 907//907 888//888
f 152//152 889//889 453//453
f 889//889 873//873 157//157
f 890//890 874//874 1492//1492
f 157//157 874//874 890//890
f 890//890 1491//1491 157//157
f 890//890 1492//1492 158//158
f 442//442 1492//1492 874//874
f 442//442 874//874 891//891
f 169//169 158//158 910//910
f 169//169 910//910 911//911
f 910//910 1493//1493 911//911
f 1493//1493 442//442 891//891
f 911//911 891//891 159//159
f 1493//1493 891//891 911//911
f 911//911 159//159 1494//1494
f 1495//1495 159//159 891//891
f 1495//1495 891//891 892//892
f 912//912 1495//1495 892//892
f 914//914 892//892 1486//1486
f 914//914 160//160 892//892
f 914//914 1513//1513 160//160
f 894//894 862//862 161//161
f 916//916 929//929 1480//1480
f 1480//1480 1496//1496 916//916
f 917//917 1496//1496 1480//1480
f 880//880 1483//1483 1515//1515
f 1483//1483 172//172 1515//1515
f 1481//1481 864//864 929//929
f 864//864 443//443 929//929
f 443//443 1497//1497 162//162
f 929//929 443//443 458//458
f 450//450 162//162 1497//1497
f 864//864 1497//1497 443//443
f 450//450 1497//1497 864//864
f 458//458 878//878 897//897
f 450//450 864//864 1498//1498
f 173//173 1518//1518 148//148
f 458//458 163//163 878//878
f 1500//1500 1487//1487 155//155
f 1487//1487 1500//1500 164//164
f 921//921 164//164 1501//1501
f 1502//1502 1501//1501 445//445
f 921//921 1501//1501 1502//1502
f 1521//1521 901//901 1503//1503
f 165//165 175//175 900//900
f 1503//1503 174//174 1521//1521
f 1529//1529 1520//1520 901//901
f 1520//1520 174//174 1503//1503
f 1520//1520 1503//1503 901//901
f 165//165 900//900 899//899
f 899//899 900//900 148//148
f 882//882 165//165 899//899
f 1521//1521 439//439 901//901
f 166//166 1871//1871 883//883
f 166//166 883//883 934//934
f 950//950 166//166 934//934
f 923//923 872//872 935//935
f 178//178 441//441 903//903
f 181//181 872//872 1504//1504
f 181//181 1504//1504 905//905
f 167//167 1507//1507 1506//1506
f 1507//1507 447//447 1506//1506
f 1504//1504 904//904 905//905
f 452//452 905//905 906//906
f 905//905 904//904 906//906
f 906//906 1505//1505 1508//1508
f 1522//1522 1508//1508 1509//1509
f 1509//1509 1490//1490 1522//1522
f 906//906 1508//1508 1522//1522
f 453//453 889//889 157//157
f 158//158 169//169 926//926
f 926//926 890//890 158//158
f 1491//1491 890//890 926//926
f 157//157 1491//1491 926//926
f 169//169 911//911 925//925
f 911//911 1494//1494 925//925
f 892//892 160//160 912//912
f 160//160 170//170 913//913
f 160//160 913//913 912//912
f 912//912 925//925 1494//1494
f 938//938 925//925 912//912
f 160//160 1514//1514 170//170
f 449//449 1511//1511 1512//1512
f 1512//1512 1510//1510 448//448
f 1511//1511 1510//1510 1512//1512
f 913//913 170//170 938//938
f 913//913 938//938 912//912
f 1513//1513 1514//1514 160//160
f 859//859 1514//1514 1513//1513
f 170//170 1514//1514 1523//1523
f 449//449 1512//1512 1525//1525
f 1512//1512 448//448 1524//1524
f 1525//1525 1524//1524 454//454
f 1512//1512 1524//1524 1525//1525
f 1523//1523 1514//1514 171//171
f 1514//1514 859//859 171//171
f 435//435 940//940 1479//1479
f 1479//1479 456//456 436//436
f 940//940 456//456 1479//1479
f 179//179 171//171 1480//1480
f 915//915 171//171 1478//1478
f 1480//1480 171//171 915//915
f 1478//1478 928//928 915//915
f 915//915 917//917 1480//1480
f 928//928 917//917 915//915
f 456//456 940//940 928//928
f 1481//1481 929//929 916//916
f 146//146 918//918 897//897
f 918//918 930//930 897//897
f 897//897 898//898 458//458
f 930//930 898//898 897//897
f 930//930 918//918 920//920
f 930//930 920//920 1518//1518
f 919//919 931//931 444//444
f 450//450 1498//1498 444//444
f 931//931 451//451 1517//1517
f 1498//1498 154//154 919//919
f 1498//1498 919//919 444//444
f 931//931 1517//1517 444//444
f 1500//1500 1517//1517 164//164
f 1517//1517 451//451 164//164
f 1500//1500 444//444 1517//1517
f 445//445 1519//1519 1502//1502
f 1519//1519 451//451 921//921
f 1519//1519 921//921 1502//1502
f 175//175 174//174 922//922
f 900//900 922//922 148//148
f 175//175 922//922 900//900
f 1520//1520 1529//1529 176//176
f 176//176 933//933 1520//1520
f 933//933 460//460 173//173
f 933//933 173//173 1520//1520
f 1520//1520 173//173 922//922
f 1520//1520 922//922 174//174
f 922//922 173//173 148//148
f 427//427 921//921 901//901
f 921//921 451//451 901//901
f 932//932 1529//1529 901//901
f 902//902 923//923 935//935
f 936//936 994//994 937//937
f 936//936 937//937 1861//1861
f 1860//1860 937//937 903//903
f 1860//1860 924//924 937//937
f 924//924 1861//1861 937//937
f 937//937 994//994 178//178
f 178//178 903//903 937//937
f 935//935 872//872 181//181
f 181//181 905//905 182//182
f 905//905 452//452 182//182
f 182//182 452//452 453//453
f 1490//1490 452//452 1522//1522
f 906//906 1522//1522 452//452
f 182//182 453//453 157//157
f 943//943 157//157 926//926
f 943//943 183//183 965//965
f 925//925 183//183 943//943
f 925//925 943//943 926//926
f 926//926 169//169 925//925
f 968//968 939//939 1533//1533
f 170//170 455//455 185//185
f 170//170 185//185 938//938
f 455//455 1527//1527 1528//1528
f 1527//1527 449//449 1525//1525
f 1528//1528 1525//1525 454//454
f 1527//1527 1525//1525 1528//1528
f 1533//1533 940//940 435//435
f 1523//1523 171//171 1526//1526
f 1526//1526 455//455 1528//1528
f 1523//1523 1528//1528 454//454
f 1526//1526 1528//1528 1523//1523
f 179//179 185//185 1526//1526
f 185//185 455//455 1526//1526
f 940//940 941//941 928//928
f 1526//1526 171//171 179//179
f 941//941 940//940 947//947
f 929//929 457//457 179//179
f 1480//1480 929//929 179//179
f 180//180 1516//1516 941//941
f 928//928 941//941 917//917
f 917//917 1516//1516 172//172
f 941//941 1516//1516 917//917
f 180//180 172//172 1516//1516
f 180//180 880//880 1515//1515
f 180//180 1515//1515 172//172
f 898//898 930//930 929//929
f 929//929 458//458 898//898
f 880//880 180//180 919//919
f 949//949 457//457 930//930
f 460//460 930//930 173//173
f 173//173 930//930 1518//1518
f 901//901 451//451 931//931
f 1529//1529 932//932 464//464
f 1871//1871 166//166 950//950
f 902//902 935//935 950//950
f 994//994 936//936 958//958
f 936//936 177//177 958//958
f 993//993 935//935 181//181
f 960//960 182//182 157//157
f 1533//1533 909//909 1002//1002
f 944//944 183//183 925//925
f 1533//1533 1002//1002 968//968
f 944//944 925//925 938//938
f 938//938 186//186 944//944
f 188//188 939//939 968//968
f 185//185 186//186 938//938
f 947//947 940//940 945//945
f 945//945 1533//1533 939//939
f 940//940 1533//1533 945//945
f 179//179 953//953 185//185
f 179//179 457//457 949//949
f 179//179 949//949 946//946
f 941//941 947//947 180//180
f 929//929 930//930 457//457
f 919//919 180//180 931//931
f 1536//1536 463//463 460//460
f 460//460 949//949 930//930
f 933//933 176//176 461//461
f 461//461 1536//1536 933//933
f 933//933 1536//1536 460//460
f 1536//1536 461//461 463//463
f 901//901 931//931 932//932
f 994//994 951//951 178//178
f 182//182 942//942 181//181
f 942//942 182//182 1537//1537
f 1537//1537 182//182 960//960
f 959//959 1537//1537 960//960
f 959//959 960//960 1538//1538
f 952//952 157//157 943//943
f 952//952 943//943 192//192
f 1530//1530 1532//1532 184//184
f 459//459 1532//1532 1530//1530
f 459//459 1530//1530 1531//1531
f 1530//1530 184//184 965//965
f 1531//1531 965//965 183//183
f 1530//1530 965//965 1531//1531
f 221//221 965//965 184//184
f 184//184 944//944 186//186
f 221//221 184//184 186//186
f 1544//1544 186//186 953//953
f 186//186 185//185 953//953
f 186//186 1544//1544 1541//1541
f 954//954 1544//1544 953//953
f 939//939 188//188 945//945
f 1559//1559 954//954 187//187
f 179//179 954//954 953//953
f 179//179 187//187 954//954
f 179//179 946//946 187//187
f 946//946 189//189 187//187
f 188//188 947//947 945//945
f 189//189 946//946 948//948
f 946//946 949//949 948//948
f 970//970 948//948 949//949
f 1534//1534 462//462 190//190
f 1534//1534 1535//1535 462//462
f 190//190 1535//1535 1534//1534
f 196//196 931//931 180//180
f 932//932 196//196 1545//1545
f 932//932 1545//1545 464//464
f 931//931 196//196 932//932
f 1871//1871 1025//1025 1578//1578
f 950//950 1025//1025 1871//1871
f 992//992 958//958 1863//1863
f 1026//1026 181//181 942//942
f 1537//1537 959//959 942//942
f 998//998 959//959 1538//1538
f 200//200 998//998 960//960
f 998//998 1538//1538 960//960
f 960//960 191//191 200//200
f 157//157 952//952 960//960
f 952//952 191//191 960//960
f 202//202 964//964 1557//1557
f 964//964 191//191 952//952
f 964//964 952//952 1557//1557
f 192//192 1557//1557 952//952
f 192//192 943//943 965//965
f 1540//1540 193//193 967//967
f 1540//1540 967//967 966//966
f 968//968 966//966 967//967
f 967//967 193//193 968//968
f 966//966 968//968 1002//1002
f 968//968 1003//1003 188//188
f 1004//1004 1003//1003 220//220
f 221//221 186//186 1541//1541
f 205//205 221//221 1541//1541
f 194//194 1541//1541 1542//1542
f 1542//1542 1541//1541 1544//1544
f 1541//1541 194//194 205//205
f 1542//1542 1544//1544 1543//1543
f 1542//1542 1543//1543 194//194
f 205//205 194//194 1544//1544
f 1559//1559 1005//1005 954//954
f 1005//1005 1544//1544 954//954
f 188//188 195//195 947//947
f 195//195 180//180 947//947
f 189//189 948//948 187//187
f 970//970 187//187 948//948
f 970//970 197//197 187//187
f 949//949 460//460 970//970
f 195//195 196//196 180//180
f 1546//1546 971//971 970//970
f 971//971 197//197 970//970
f 464//464 1545//1545 196//196
f 970//970 460//460 1546//1546
f 1548//1548 196//196 972//972
f 1547//1547 1546//1546 1548//1548
f 1546//1546 1547//1547 971//971
f 1039//1039 1547//1547 1549//1549
f 198//198 1549//1549 1547//1547
f 1549//1549 955//955 1039//1039
f 198//198 955//955 1549//1549
f 1039//1039 955//955 243//243
f 198//198 1550//1550 955//955
f 198//198 956//956 1550//1550
f 198//198 973//973 956//956
f 1550//1550 206//206 955//955
f 1550//1550 956//956 206//206
f 206//206 956//956 975//975
f 975//975 465//465 974//974
f 975//975 974//974 206//206
f 214//214 1879//1879 1881//1881
f 1874//1874 990//990 992//992
f 993//993 181//181 1026//1026
f 231//231 1029//1029 1027//1027
f 1029//1029 1026//1026 1027//1027
f 217//217 1027//1027 1026//1026
f 994//994 215//215 951//951
f 215//215 995//995 951//951
f 178//178 951//951 909//909
f 951//951 995//995 909//909
f 1026//1026 942//942 959//959
f 1026//1026 959//959 998//998
f 1026//1026 998//998 217//217
f 217//217 998//998 997//997
f 998//998 200//200 997//997
f 217//217 997//997 999//999
f 997//997 200//200 963//963
f 1001//1001 218//218 1000//1000
f 961//961 1000//1000 201//201
f 1001//1001 1000//1000 961//961
f 963//963 1554//1554 997//997
f 1556//1556 1554//1554 963//963
f 1556//1556 963//963 202//202
f 202//202 963//963 964//964
f 964//964 962//962 191//191
f 963//963 962//962 964//964
f 219//219 1030//1030 192//192
f 963//963 200//200 1539//1539
f 963//963 1539//1539 962//962
f 219//219 192//192 965//965
f 1539//1539 191//191 962//962
f 1030//1030 1597//1597 1557//1557
f 1030//1030 1557//1557 192//192
f 966//966 220//220 1540//1540
f 966//966 221//221 220//220
f 193//193 220//220 1003//1003
f 193//193 1003//1003 968//968
f 965//965 221//221 966//966
f 1003//1003 1004//1004 1558//1558
f 203//203 467//467 969//969
f 467//467 204//204 969//969
f 203//203 969//969 204//204
f 1003//1003 1558//1558 195//195
f 188//188 1003//1003 195//195
f 205//205 1544//1544 1005//1005
f 1005//1005 1559//1559 971//971
f 1005//1005 971//971 478//478
f 197//197 971//971 187//187
f 1559//1559 187//187 971//971
f 195//195 972//972 196//196
f 1547//1547 1039//1039 971//971
f 972//972 1036//1036 468//468
f 972//972 1547//1547 1548//1548
f 468//468 1547//1547 972//972
f 198//198 1547//1547 468//468
f 973//973 198//198 468//468
f 468//468 1036//1036 469//469
f 1006//1006 469//469 1036//1036
f 973//973 1008//1008 956//956
f 1008//1008 223//223 1009//1009
f 1008//1008 1009//1009 956//956
f 956//956 1563//1563 975//975
f 1009//1009 1563//1563 956//956
f 974//974 978//978 1049//1049
f 974//974 1049//1049 206//206
f 955//955 206//206 1049//1049
f 974//974 465//465 1551//1551
f 978//978 1551//1551 1565//1565
f 974//974 1551//1551 978//978
f 465//465 1562//1562 1551//1551
f 1562//1562 470//470 1561//1561
f 1551//1551 1561//1561 1565//1565
f 1562//1562 1561//1561 1551//1551
f 1563//1563 1009//1009 976//976
f 976//976 1009//1009 223//223
f 1011//1011 976//976 223//223
f 1049//1049 978//978 209//209
f 223//223 224//224 1011//1011
f 470//470 207//207 977//977
f 1561//1561 977//977 1565//1565
f 470//470 977//977 1561//1561
f 976//976 1011//1011 979//979
f 976//976 980//980 1563//1563
f 979//979 980//980 976//976
f 1563//1563 980//980 208//208
f 981//981 208//208 980//980
f 981//981 980//980 979//979
f 224//224 222//222 1011//1011
f 222//222 979//979 1011//1011
f 207//207 1566//1566 977//977
f 1566//1566 1565//1565 977//977
f 982//982 209//209 978//978
f 1567//1567 978//978 1565//1565
f 982//982 978//978 1567//1567
f 981//981 1571//1571 208//208
f 1571//1571 981//981 222//222
f 981//981 979//979 222//222
f 1568//1568 210//210 1570//1570
f 1570//1570 1569//1569 1568//1568
f 1569//1569 210//210 1568//1568
f 209//209 982//982 983//983
f 982//982 1567//1567 983//983
f 222//222 225//225 1571//1571
f 1571//1571 225//225 1572//1572
f 1572//1572 225//225 480//480
f 211//211 1588//1588 1573//1573
f 1588//1588 1013//1013 1573//1573
f 1013//1013 211//211 1573//1573
f 471//471 984//984 1576//1576
f 984//984 480//480 1576//1576
f 1051//1051 472//472 480//480
f 984//984 471//471 1080//1080
f 480//480 212//212 1575//1575
f 480//480 1575//1575 1576//1576
f 1575//1575 985//985 1574//1574
f 1576//1576 1574//1574 471//471
f 1575//1575 1574//1574 1576//1576
f 226//226 472//472 1018//1018
f 985//985 1575//1575 1014//1014
f 1575//1575 212//212 1015//1015
f 1575//1575 1015//1015 1014//1014
f 1015//1015 212//212 1016//1016
f 1017//1017 1016//1016 1057//1057
f 1015//1015 1016//1016 1017//1017
f 1060//1060 986//986 228//228
f 986//986 988//988 957//957
f 493//493 986//986 957//957
f 988//988 986//986 1060//1060
f 1552//1552 957//957 988//988
f 1552//1552 988//988 987//987
f 987//987 957//957 1552//1552
f 213//213 957//957 473//473
f 473//473 957//957 1596//1596
f 957//957 987//987 1595//1595
f 957//957 1595//1595 1596//1596
f 987//987 988//988 1595//1595
f 988//988 229//229 1596//1596
f 988//988 1596//1596 1595//1595
f 1877//1877 1577//1577 989//989
f 1577//1577 583//583 1578//1578
f 1577//1577 1578//1578 989//989
f 989//989 1578//1578 1025//1025
f 989//989 1025//1025 230//230
f 230//230 1024//1024 1023//1023
f 1024//1024 991//991 1023//1023
f 1023//1023 991//991 1886//1886
f 950//950 993//993 1062//1062
f 214//214 992//992 1879//1879
f 1879//1879 990//990 199//199
f 992//992 990//990 1879//1879
f 993//993 950//950 935//935
f 1062//1062 994//994 992//992
f 1062//1062 992//992 214//214
f 992//992 994//994 958//958
f 1029//1029 993//993 1026//1026
f 994//994 995//995 215//215
f 216//216 996//996 999//999
f 996//996 217//217 999//999
f 233//233 1580//1580 1583//1583
f 1580//1580 474//474 1584//1584
f 1583//1583 1584//1584 476//476
f 1580//1580 1584//1584 1583//1583
f 201//201 1000//1000 1581//1581
f 1000//1000 218//218 1582//1582
f 1581//1581 1582//1582 475//475
f 1000//1000 1582//1582 1581//1581
f 997//997 1554//1554 999//999
f 1554//1554 1556//1556 1555//1555
f 999//999 1555//1555 216//216
f 1554//1554 1555//1555 999//999
f 232//232 1030//1030 995//995
f 232//232 1597//1597 1030//1030
f 219//219 965//965 966//966
f 1002//1002 219//219 966//966
f 221//221 1004//1004 220//220
f 1598//1598 1004//1004 221//221
f 234//234 221//221 205//205
f 1004//1004 195//195 1558//1558
f 1004//1004 1598//1598 1031//1031
f 1031//1031 477//477 1004//1004
f 1084//1084 1004//1004 477//477
f 1084//1084 477//477 1031//1031
f 234//234 205//205 1005//1005
f 1084//1084 195//195 1004//1004
f 234//234 478//478 1064//1064
f 1005//1005 478//478 234//234
f 1084//1084 258//258 195//195
f 249//249 972//972 195//195
f 478//478 971//971 1064//1064
f 1035//1035 1036//1036 972//972
f 1585//1585 1611//1611 1612//1612
f 1042//1042 239//239 1039//1039
f 1042//1042 1039//1039 243//243
f 242//242 1006//1006 1043//1043
f 242//242 1044//1044 1006//1006
f 1007//1007 469//469 1560//1560
f 1007//1007 1560//1560 1586//1586
f 469//469 1006//1006 1560//1560
f 1044//1044 1586//1586 1560//1560
f 1007//1007 479//479 469//469
f 1587//1587 479//479 1007//1007
f 1010//1010 1007//1007 1586//1586
f 1587//1587 1007//1007 1010//1010
f 222//222 1586//1586 1044//1044
f 1564//1564 955//955 1049//1049
f 1586//1586 222//222 224//224
f 1587//1587 1010//1010 479//479
f 1564//1564 1049//1049 209//209
f 1564//1564 209//209 1571//1571
f 1564//1564 1571//1571 1572//1572
f 1050//1050 1572//1572 1012//1012
f 1572//1572 480//480 1012//1012
f 225//225 487//487 1051//1051
f 225//225 1051//1051 480//480
f 1052//1052 1051//1051 487//487
f 1051//1051 1018//1018 472//472
f 247//247 248//248 1051//1051
f 248//248 1593//1593 1018//1018
f 248//248 1018//1018 1051//1051
f 1080//1080 471//471 985//985
f 1080//1080 985//985 1014//1014
f 1080//1080 1014//1014 1015//1015
f 481//481 1590//1590 1589//1589
f 1590//1590 1057//1057 1016//1016
f 1589//1589 1016//1016 212//212
f 1590//1590 1016//1016 1589//1589
f 1015//1015 1631//1631 1080//1080
f 1058//1058 1057//1057 1592//1592
f 1592//1592 1590//1590 481//481
f 1057//1057 1590//1590 1592//1592
f 1015//1015 1017//1017 1631//1631
f 1017//1017 1057//1057 1632//1632
f 1631//1631 1632//1632 493//493
f 1017//1017 1632//1632 1631//1631
f 1592//1592 481//481 1591//1591
f 1592//1592 1591//1591 1058//1058
f 1018//1018 493//493 226//226
f 1593//1593 227//227 1018//1018
f 493//493 1018//1018 1019//1019
f 1018//1018 227//227 1019//1019
f 227//227 228//228 986//986
f 1019//1019 986//986 493//493
f 227//227 986//986 1019//1019
f 1020//1020 228//228 1593//1593
f 1020//1020 1060//1060 228//228
f 1021//1021 957//957 213//213
f 1022//1022 957//957 1021//1021
f 1022//1022 503//503 957//957
f 229//229 1022//1022 1021//1021
f 229//229 988//988 1060//1060
f 229//229 1594//1594 1022//1022
f 1594//1594 503//503 1022//1022
f 1024//1024 230//230 1025//1025
f 1024//1024 1025//1025 1062//1062
f 1025//1025 950//950 1062//1062
f 1024//1024 1062//1062 991//991
f 991//991 1062//1062 214//214
f 995//995 994//994 1062//1062
f 993//993 1029//1029 1061//1061
f 1061//1061 1029//1029 232//232
f 1061//1061 1062//1062 993//993
f 995//995 1061//1061 232//232
f 1062//1062 1061//1061 995//995
f 231//231 1027//1027 1028//1028
f 1027//1027 217//217 996//996
f 1028//1028 996//996 216//216
f 1027//1027 996//996 1028//1028
f 232//232 1029//1029 1579//1579
f 1579//1579 231//231 474//474
f 1029//1029 231//231 1579//1579
f 233//233 232//232 1579//1579
f 1580//1580 1579//1579 474//474
f 233//233 1579//1579 1580//1580
f 909//909 995//995 1002//1002
f 995//995 219//219 1002//1002
f 1030//1030 219//219 995//995
f 221//221 234//234 1598//1598
f 1084//1084 1031//1031 1598//1598
f 234//234 1064//1064 1032//1032
f 1063//1063 234//234 1032//1032
f 1063//1063 1032//1032 1599//1599
f 1032//1032 235//235 1599//1599
f 1064//1064 235//235 1032//1032
f 1090//1090 1063//1063 1091//1091
f 1063//1063 1599//1599 1091//1091
f 249//249 195//195 258//258
f 1599//1599 235//235 1064//1064
f 971//971 1033//1033 1064//1064
f 1033//1033 1039//1039 239//239
f 971//971 1039//1039 1033//1033
f 249//249 251//251 972//972
f 1600//1600 1034//1034 1606//1606
f 1612//1612 1037//1037 1600//1600
f 1600//1600 1037//1037 1034//1034
f 1035//1035 1034//1034 238//238
f 483//483 482//482 1601//1601
f 483//483 1601//1601 1602//1602
f 1034//1034 1035//1035 1606//1606
f 1604//1604 237//237 1607//1607
f 1606//1606 1035//1035 1605//1605
f 1035//1035 236//236 1605//1605
f 237//237 1604//1604 1609//1609
f 1604//1604 1607//1607 1609//1609
f 1602//1602 1601//1601 482//482
f 484//484 1608//1608 250//250
f 250//250 1608//1608 1610//1610
f 1608//1608 484//484 1610//1610
f 1605//1605 1636//1636 1606//1606
f 236//236 1636//1636 1605//1605
f 1037//1037 1038//1038 1034//1034
f 1038//1038 238//238 1034//1034
f 251//251 1035//1035 972//972
f 236//236 1035//1035 251//251
f 1091//1091 1033//1033 1603//1603
f 1585//1585 1037//1037 1611//1611
f 1611//1611 1037//1037 1612//1612
f 1037//1037 1585//1585 1038//1038
f 238//238 1036//1036 1035//1035
f 1585//1585 1040//1040 1038//1038
f 1040//1040 238//238 1038//1038
f 1613//1613 1040//1040 1612//1612
f 1585//1585 1612//1612 1040//1040
f 238//238 1040//1040 1036//1036
f 1040//1040 1041//1041 1036//1036
f 1041//1041 240//240 1036//1036
f 1639//1639 240//240 1041//1041
f 241//241 239//239 1042//1042
f 1043//1043 240//240 485//485
f 240//240 1043//1043 1036//1036
f 1036//1036 1043//1043 1006//1006
f 1613//1613 1616//1616 1040//1040
f 1616//1616 1041//1041 1040//1040
f 241//241 1042//1042 1614//1614
f 1042//1042 243//243 1614//1614
f 1043//1043 1044//1044 242//242
f 1616//1616 1613//1613 1615//1615
f 1616//1616 1615//1615 1045//1045
f 243//243 955//955 1621//1621
f 955//955 1620//1620 1621//1621
f 1618//1618 1617//1617 1619//1619
f 486//486 1617//1617 1618//1618
f 486//486 1618//1618 1619//1619
f 1044//1044 1560//1560 1006//1006
f 1045//1045 1640//1640 1616//1616
f 1067//1067 1640//1640 1045//1045
f 485//485 1044//1044 1043//1043
f 1046//1046 1621//1621 1620//1620
f 244//244 1047//1047 1048//1048
f 1047//1047 1615//1615 1046//1046
f 1047//1047 1046//1046 1048//1048
f 1045//1045 1615//1615 1047//1047
f 1045//1045 1047//1047 1065//1065
f 1065//1065 244//244 252//252
f 1047//1047 244//244 1065//1065
f 252//252 1067//1067 1065//1065
f 1065//1065 1067//1067 1045//1045
f 1647//1647 1645//1645 1644//1644
f 1645//1645 244//244 1048//1048
f 1644//1644 1048//1048 1046//1046
f 1645//1645 1048//1048 1644//1644
f 1046//1046 1620//1620 1646//1646
f 1647//1647 1644//1644 1646//1646
f 1644//1644 1046//1046 1646//1646
f 1646//1646 498//498 1066//1066
f 1647//1647 1066//1066 252//252
f 1646//1646 1066//1066 1647//1647
f 252//252 1066//1066 1070//1070
f 1070//1070 498//498 253//253
f 1066//1066 498//498 1070//1070
f 1564//1564 1646//1646 1620//1620
f 498//498 1646//1646 1564//1564
f 1564//1564 1620//1620 955//955
f 1648//1648 498//498 1564//1564
f 1654//1654 225//225 222//222
f 1648//1648 1069//1069 498//498
f 1069//1069 1648//1648 1050//1050
f 1648//1648 1564//1564 1572//1572
f 1648//1648 1572//1572 1050//1050
f 1077//1077 487//487 225//225
f 247//247 1077//1077 245//245
f 480//480 1080//1080 1012//1012
f 480//480 984//984 1080//1080
f 1077//1077 247//247 487//487
f 490//490 1055//1055 1626//1626
f 1626//1626 1055//1055 1052//1052
f 1055//1055 1056//1056 1051//1051
f 1055//1055 1051//1051 1052//1052
f 488//488 1056//1056 1055//1055
f 1053//1053 1054//1054 1623//1623
f 1053//1053 1623//1623 1622//1622
f 1622//1622 1054//1054 1053//1053
f 1055//1055 490//490 1627//1627
f 1055//1055 1627//1627 488//488
f 492//492 1624//1624 1629//1629
f 1629//1629 1624//1624 489//489
f 245//245 257//257 1087//1087
f 245//245 1087//1087 247//247
f 490//490 246//246 1056//1056
f 1627//1627 1056//1056 488//488
f 490//490 1056//1056 1627//1627
f 1628//1628 491//491 1625//1625
f 1625//1625 1630//1630 1628//1628
f 1628//1628 1630//1630 491//491
f 1655//1655 1012//1012 1080//1080
f 1088//1088 1079//1079 1080//1080
f 1079//1079 1655//1655 1080//1080
f 246//246 247//247 1051//1051
f 246//246 1051//1051 1056//1056
f 1633//1633 1631//1631 493//493
f 494//494 1631//1631 1633//1633
f 248//248 247//247 1082//1082
f 248//248 1082//1082 1059//1059
f 248//248 1059//1059 1593//1593
f 1593//1593 1059//1059 1020//1020
f 494//494 1633//1633 957//957
f 1633//1633 493//493 957//957
f 1634//1634 1060//1060 261//261
f 494//494 957//957 1635//1635
f 1635//1635 957//957 503//503
f 261//261 1060//1060 1059//1059
f 1060//1060 1020//1020 1059//1059
f 1634//1634 229//229 1060//1060
f 229//229 1634//1634 1594//1594
f 1634//1634 503//503 1594//1594
f 1063//1063 1084//1084 234//234
f 1084//1084 1063//1063 263//263
f 1084//1084 263//263 258//258
f 1598//1598 234//234 1084//1084
f 1118//1118 1090//1090 1091//1091
f 1033//1033 1091//1091 1064//1064
f 1638//1638 496//496 495//495
f 1638//1638 1637//1637 496//496
f 495//495 1637//1637 1638//1638
f 1091//1091 1603//1603 1094//1094
f 1091//1091 1094//1094 265//265
f 1603//1603 1653//1653 1094//1094
f 1094//1094 1106//1106 265//265
f 1653//1653 1106//1106 1094//1094
f 1616//1616 1640//1640 1041//1041
f 1640//1640 497//497 1639//1639
f 1640//1640 1639//1639 1041//1041
f 1640//1640 1067//1067 1641//1641
f 1640//1640 1641//1641 497//497
f 1068//1068 1067//1067 252//252
f 1654//1654 222//222 1044//1044
f 1067//1067 1068//1068 1073//1073
f 1068//1068 252//252 1072//1072
f 1073//1073 1072//1072 254//254
f 1068//1068 1072//1072 1073//1073
f 1067//1067 1073//1073 1641//1641
f 1073//1073 254//254 1642//1642
f 1641//1641 1642//1642 497//497
f 1073//1073 1642//1642 1641//1641
f 252//252 1070//1070 1072//1072
f 1070//1070 253//253 1074//1074
f 1072//1072 1074//1074 254//254
f 1070//1070 1074//1074 1072//1072
f 254//254 1075//1075 1642//1642
f 1075//1075 255//255 1643//1643
f 1642//1642 1643//1643 497//497
f 1075//1075 1643//1643 1642//1642
f 485//485 1649//1649 1044//1044
f 1649//1649 1654//1654 1044//1044
f 1071//1071 254//254 1074//1074
f 1069//1069 1074//1074 253//253
f 1071//1071 1074//1074 1069//1069
f 259//259 1086//1086 1085//1085
f 1086//1086 255//255 1075//1075
f 1085//1085 1075//1075 254//254
f 1086//1086 1075//1075 1085//1085
f 1050//1050 1071//1071 1069//1069
f 254//254 1071//1071 505//505
f 1071//1071 1050//1050 505//505
f 1076//1076 225//225 1654//1654
f 1076//1076 1654//1654 1649//1649
f 1655//1655 505//505 1050//1050
f 1655//1655 1050//1050 1012//1012
f 499//499 225//225 1076//1076
f 1079//1079 1649//1649 1655//1655
f 1077//1077 225//225 499//499
f 499//499 256//256 1077//1077
f 500//500 499//499 1078//1078
f 1079//1079 1652//1652 1078//1078
f 1078//1078 1650//1650 500//500
f 1652//1652 1650//1650 1078//1078
f 1077//1077 257//257 245//245
f 256//256 257//257 1077//1077
f 1080//1080 1631//1631 1081//1081
f 1080//1080 1081//1081 1088//1088
f 500//500 1650//1650 1651//1651
f 1650//1650 1652//1652 1651//1651
f 1652//1652 1079//1079 1088//1088
f 501//501 502//502 1656//1656
f 501//501 1656//1656 506//506
f 1087//1087 1082//1082 247//247
f 1631//1631 494//494 1083//1083
f 1631//1631 1083//1083 1081//1081
f 1634//1634 1659//1659 503//503
f 1082//1082 261//261 1059//1059
f 1634//1634 261//261 1659//1659
f 263//263 1063//1063 1117//1117
f 1117//1117 1116//1116 1127//1127
f 1063//1063 1116//1116 1117//1117
f 264//264 258//258 1092//1092
f 1091//1091 1599//1599 1064//1064
f 1092//1092 258//258 263//263
f 1093//1093 258//258 264//264
f 249//249 258//258 1093//1093
f 1678//1678 249//249 1093//1093
f 1683//1683 249//249 1678//1678
f 251//251 249//249 1683//1683
f 1091//1091 265//265 1119//1119
f 1683//1683 512//512 251//251
f 1669//1669 265//265 1668//1668
f 1076//1076 1078//1078 499//499
f 1649//1649 1079//1079 1076//1076
f 1076//1076 1079//1079 1078//1078
f 1088//1088 1081//1081 273//273
f 257//257 1657//1657 1087//1087
f 1656//1656 502//502 1658//1658
f 1656//1656 1658//1658 506//506
f 502//502 260//260 1658//1658
f 1657//1657 506//506 1658//1658
f 1096//1096 1658//1658 260//260
f 1657//1657 1658//1658 1096//1096
f 1097//1097 1657//1657 1096//1096
f 1099//1099 1657//1657 1097//1097
f 1099//1099 261//261 1082//1082
f 1082//1082 1087//1087 1099//1099
f 1087//1087 1657//1657 1099//1099
f 1099//1099 514//514 261//261
f 504//504 1661//1661 1660//1660
f 1661//1661 508//508 1662//1662
f 1660//1660 1662//1662 507//507
f 1661//1661 1662//1662 1660//1660
f 1101//1101 262//262 1663//1663
f 1101//1101 1663//1663 270//270
f 1664//1664 1665//1665 1100//1100
f 269//269 1665//1665 1664//1664
f 515//515 1666//1666 509//509
f 510//510 1114//1114 515//515
f 1063//1063 1090//1090 1116//1116
f 1091//1091 1119//1119 1118//1118
f 1678//1678 1093//1093 1104//1104
f 1093//1093 264//264 1104//1104
f 264//264 1103//1103 1104//1104
f 1669//1669 1119//1119 265//265
f 511//511 1119//1119 1669//1669
f 1106//1106 1653//1653 266//266
f 1668//1668 265//265 1106//1106
f 266//266 1095//1095 1123//1123
f 1095//1095 267//267 1124//1124
f 1123//1123 1124//1124 275//275
f 1095//1095 1124//1124 1123//1123
f 266//266 512//512 1670//1670
f 1095//1095 1670//1670 267//267
f 266//266 1670//1670 1095//1095
f 267//267 1670//1670 1105//1105
f 1670//1670 512//512 1683//1683
f 1670//1670 1683//1683 1105//1105
f 1096//1096 268//268 1097//1097
f 1096//1096 260//260 1098//1098
f 1096//1096 1098//1098 268//268
f 1097//1097 268//268 1099//1099
f 514//514 1099//1099 1112//1112
f 1099//1099 268//268 1112//1112
f 1107//1107 268//268 1098//1098
f 1107//1107 1098//1098 260//260
f 269//269 1664//1664 1100//1100
f 1675//1675 262//262 1101//1101
f 1111//1111 1101//1101 270//270
f 1675//1675 1101//1101 1111//1111
f 1081//1081 1083//1083 1671//1671
f 1673//1673 271//271 1672//1672
f 1675//1675 1111//1111 1677//1677
f 1672//1672 1674//1674 1673//1673
f 1673//1673 1102//1102 271//271
f 1674//1674 1102//1102 1673//1673
f 271//271 1102//1102 1676//1676
f 1102//1102 1674//1674 1113//1113
f 1102//1102 1113//1113 1676//1676
f 1676//1676 1108//1108 513//513
f 270//270 1110//1110 1111//1111
f 1674//1674 272//272 1113//1113
f 1089//1089 1113//1113 510//510
f 1676//1676 1113//1113 1089//1089
f 1089//1089 510//510 509//509
f 510//510 1113//1113 1114//1114
f 1113//1113 272//272 1114//1114
f 509//509 1115//1115 1089//1089
f 1114//1114 1666//1666 515//515
f 1115//1115 1666//1666 1114//1114
f 1666//1666 1115//1115 509//509
f 1116//1116 1090//1090 1118//1118
f 1667//1667 1120//1120 1129//1129
f 1120//1120 263//263 1117//1117
f 1129//1129 1117//1117 1127//1127
f 1120//1120 1117//1117 1129//1129
f 1092//1092 263//263 1667//1667
f 1103//1103 264//264 1092//1092
f 1130//1130 1092//1092 1667//1667
f 1103//1103 1092//1092 1130//1130
f 1683//1683 1678//1678 1141//1141
f 1121//1121 1669//1669 1668//1668
f 511//511 1669//1669 1121//1121
f 267//267 1105//1105 1682//1682
f 1682//1682 1683//1683 517//517
f 1105//1105 1683//1683 1682//1682
f 520//520 1122//1122 1131//1131
f 1131//1131 1121//1121 1668//1668
f 1122//1122 1121//1121 1131//1131
f 1668//1668 1106//1106 1131//1131
f 1106//1106 266//266 1131//1131
f 511//511 1121//1121 1119//1119
f 1121//1121 1122//1122 1119//1119
f 1683//1683 1141//1141 517//517
f 275//275 1132//1132 1123//1123
f 1132//1132 520//520 1131//1131
f 1123//1123 1131//1131 266//266
f 1132//1132 1131//1131 1123//1123
f 1680//1680 1109//1109 1107//1107
f 1109//1109 268//268 1107//1107
f 273//273 1081//1081 1671//1671
f 274//274 513//513 1108//1108
f 1679//1679 1107//1107 260//260
f 1112//1112 268//268 516//516
f 274//274 1108//1108 516//516
f 1107//1107 1679//1679 1680//1680
f 516//516 1681//1681 1112//1112
f 1681//1681 1125//1125 1112//1112
f 516//516 1108//1108 1089//1089
f 1108//1108 1676//1676 1089//1089
f 1112//1112 1110//1110 514//514
f 1110//1110 1112//1112 1111//1111
f 1111//1111 1112//1112 1677//1677
f 516//516 1089//1089 1681//1681
f 1677//1677 1112//1112 272//272
f 272//272 1112//1112 1114//1114
f 1114//1114 1112//1112 1115//1115
f 1112//1112 1125//1125 1115//1115
f 1118//1118 1119//1119 1126//1126
f 1104//1104 1103//1103 1130//1130
f 1104//1104 1130//1130 1678//1678
f 1681//1681 1089//1089 1115//1115
f 1681//1681 1115//1115 1125//1125
f 1667//1667 1129//1129 1133//1133
f 1133//1133 1129//1129 277//277
f 1136//1136 1127//1127 1126//1126
f 1126//1126 1116//1116 1118//1118
f 1127//1127 1116//1116 1126//1126
f 1127//1127 1684//1684 1129//1129
f 1129//1129 1685//1685 277//277
f 1684//1684 1685//1685 1129//1129
f 1119//1119 1695//1695 1128//1128
f 1126//1126 1128//1128 1136//1136
f 1119//1119 1128//1128 1126//1126
f 1667//1667 1133//1133 1130//1130
f 1133//1133 1697//1697 1130//1130
f 1122//1122 276//276 1119//1119
f 1689//1689 276//276 1122//1122
f 1689//1689 1122//1122 1688//1688
f 1122//1122 520//520 1688//1688
f 1134//1134 1132//1132 275//275
f 276//276 280//280 1695//1695
f 276//276 1695//1695 1119//1119
f 1140//1140 277//277 1685//1685
f 1686//1686 1685//1685 1684//1684
f 1140//1140 1685//1685 1686//1686
f 1695//1695 1692//1692 1128//1128
f 1692//1692 521//521 1136//1136
f 1692//1692 1136//1136 1128//1128
f 1684//1684 1691//1691 1686//1686
f 1686//1686 1690//1690 1140//1140
f 1691//1691 1690//1690 1686//1686
f 1697//1697 1141//1141 1130//1130
f 1141//1141 1678//1678 1130//1130
f 1141//1141 1134//1134 517//517
f 1687//1687 1688//1688 520//520
f 1698//1698 1696//1696 276//276
f 1132//1132 1134//1134 1135//1135
f 1132//1132 1135//1135 520//520
f 1138//1138 1689//1689 1688//1688
f 1138//1138 1688//1688 1687//1687
f 1689//1689 1138//1138 276//276
f 276//276 1138//1138 1698//1698
f 518//518 520//520 1135//1135
f 518//518 1135//1135 519//519
f 1138//1138 1687//1687 1137//1137
f 1139//1139 1137//1137 278//278
f 1138//1138 1137//1137 1139//1139
f 1140//1140 1690//1690 279//279
f 277//277 279//279 1142//1142
f 521//521 1692//1692 1693//1693
f 1692//1692 1695//1695 1693//1693
f 280//280 276//276 1696//1696
f 521//521 1693//1693 1694//1694
f 1693//1693 1695//1695 1694//1694
f 1697//1697 1133//1133 1142//1142
f 1133//1133 277//277 1142//1142
f 1138//1138 1696//1696 1698//1698
f 1139//1139 1696//1696 1138//1138
f 1701//1701 282//282 1699//1699
f 1701//1701 1699//1699 522//522
f 1159//1159 1134//1134 1141//1141
f 1159//1159 1141//1141 1697//1697
f 1134//1134 1159//1159 1143//1143
f 1153//1153 519//519 1705//1705
f 1143//1143 519//519 1135//1135
f 1143//1143 1135//1135 1134//1134
f 519//519 1143//1143 1705//1705
f 523//523 1702//1702 1691//1691
f 1702//1702 279//279 1690//1690
f 1702//1702 1690//1690 1691//1691
f 281//281 1702//1702 1703//1703
f 1703//1703 523//523 524//524
f 1702//1702 523//523 1703//1703
f 1696//1696 1139//1139 280//280
f 283//283 1145//1145 1704//1704
f 1145//1145 281//281 1703//1703
f 1704//1704 1703//1703 524//524
f 1145//1145 1703//1703 1704//1704
f 526//526 280//280 1139//1139
f 526//526 1139//1139 1708//1708
f 522//522 1699//1699 1700//1700
f 1699//1699 282//282 1144//1144
f 1700//1700 1144//1144 1151//1151
f 1699//1699 1144//1144 1700//1700
f 279//279 1162//1162 1142//1142
f 1142//1142 1159//1159 1697//1697
f 1722//1722 1159//1159 1142//1142
f 1143//1143 1159//1159 1705//1705
f 284//284 1705//1705 1159//1159
f 1712//1712 1173//1173 1149//1149
f 1149//1149 1139//1139 278//278
f 1173//1173 1139//1139 1149//1149
f 278//278 1706//1706 1149//1149
f 1706//1706 525//525 1707//1707
f 1149//1149 1707//1707 1712//1712
f 1706//1706 1707//1707 1149//1149
f 525//525 1151//1151 1150//1150
f 1150//1150 1144//1144 282//282
f 1151//1151 1144//1144 1150//1150
f 1154//1154 525//525 1150//1150
f 1153//1153 1150//1150 282//282
f 1154//1154 1150//1150 1153//1153
f 279//279 1156//1156 1162//1162
f 1156//1156 288//288 1163//1163
f 1162//1162 1163//1163 289//289
f 1156//1156 1163//1163 1162//1162
f 1142//1142 1162//1162 1722//1722
f 1162//1162 289//289 1722//1722
f 1146//1146 1708//1708 1139//1139
f 279//279 1702//1702 1156//1156
f 1702//1702 281//281 1157//1157
f 1156//1156 1157//1157 288//288
f 1702//1702 1157//1157 1156//1156
f 1708//1708 1146//1146 526//526
f 1155//1155 1147//1147 1148//1148
f 1147//1147 281//281 1145//1145
f 1148//1148 1145//1145 283//283
f 1147//1147 1145//1145 1148//1148
f 1709//1709 1148//1148 283//283
f 1155//1155 1148//1148 1709//1709
f 1710//1710 1146//1146 1139//1139
f 281//281 1147//1147 1157//1157
f 1157//1157 1155//1155 288//288
f 1147//1147 1155//1155 1157//1157
f 1139//1139 1173//1173 1158//1158
f 1710//1710 1139//1139 1711//1711
f 1711//1711 1158//1158 285//285
f 1139//1139 1158//1158 1711//1711
f 284//284 1159//1159 1722//1722
f 286//286 1173//1173 1160//1160
f 1160//1160 1173//1173 1712//1712
f 1152//1152 1712//1712 1707//1707
f 1152//1152 1707//1707 525//525
f 1705//1705 284//284 1153//1153
f 527//527 1712//1712 1713//1713
f 1713//1713 1152//1152 525//525
f 1712//1712 1152//1152 1713//1713
f 525//525 1154//1154 1713//1713
f 284//284 1713//1713 1154//1154
f 284//284 1154//1154 1153//1153
f 285//285 1155//1155 1709//1709
f 1155//1155 285//285 1161//1161
f 1155//1155 1161//1161 288//288
f 288//288 1716//1716 1163//1163
f 1163//1163 1717//1717 289//289
f 1716//1716 1717//1717 1163//1163
f 1713//1713 528//528 287//287
f 284//284 528//528 1713//1713
f 285//285 1158//1158 1170//1170
f 1158//1158 1173//1173 1170//1170
f 293//293 1170//1170 1173//1173
f 284//284 1164//1164 528//528
f 1714//1714 527//527 1713//1713
f 527//527 1714//1714 286//286
f 1713//1713 287//287 1166//1166
f 291//291 1167//1167 1166//1166
f 1166//1166 1714//1714 1713//1713
f 1167//1167 1714//1714 1166//1166
f 293//293 1171//1171 1170//1170
f 1171//1171 292//292 1168//1168
f 1170//1170 1168//1168 285//285
f 1171//1171 1168//1168 1170//1170
f 288//288 1161//1161 1169//1169
f 1161//1161 285//285 1168//1168
f 1169//1169 1168//1168 292//292
f 1161//1161 1168//1168 1169//1169
f 1717//1717 530//530 289//289
f 1716//1716 530//530 1717//1717
f 286//286 1175//1175 1173//1173
f 1164//1164 290//290 1165//1165
f 528//528 1164//1164 1721//1721
f 1721//1721 1165//1165 529//529
f 1164//1164 1165//1165 1721//1721
f 1176//1176 286//286 1714//1714
f 1175//1175 286//286 1176//1176
f 1175//1175 1176//1176 294//294
f 1714//1714 1167//1167 1181//1181
f 1167//1167 291//291 1182//1182
f 1181//1181 1182//1182 295//295
f 1167//1167 1182//1182 1181//1181
f 295//295 1183//1183 1181//1181
f 1183//1183 294//294 1176//1176
f 1181//1181 1176//1176 1714//1714
f 1183//1183 1176//1176 1181//1181
f 1722//1722 289//289 1172//1172
f 292//292 1171//1171 1723//1723
f 1171//1171 293//293 1724//1724
f 1723//1723 1724//1724 531//531
f 1171//1171 1724//1724 1723//1723
f 531//531 1724//1724 1726//1726
f 1724//1724 293//293 1726//1726
f 1722//1722 290//290 1164//1164
f 1722//1722 1164//1164 284//284
f 293//293 1173//1173 1175//1175
f 293//293 1175//1175 1174//1174
f 1177//1177 293//293 1174//1174
f 1175//1175 1729//1729 1174//1174
f 1177//1177 1174//1174 1178//1178
f 1178//1178 1174//1174 1729//1729
f 1175//1175 1180//1180 1729//1729
f 1180//1180 1175//1175 294//294
f 287//287 1187//1187 1166//1166
f 1187//1187 534//534 1188//1188
f 1166//1166 1188//1188 291//291
f 1187//1187 1188//1188 1166//1166
f 1177//1177 1178//1178 1179//1179
f 1177//1177 1179//1179 1193//1193
f 293//293 1177//1177 1726//1726
f 1177//1177 1193//1193 1725//1725
f 1726//1726 1725//1725 531//531
f 1177//1177 1725//1725 1726//1726
f 531//531 1725//1725 1728//1728
f 1725//1725 1193//1193 1727//1727
f 1728//1728 1727//1727 532//532
f 1725//1725 1727//1727 1728//1728
f 529//529 1718//1718 1721//1721
f 1718//1718 298//298 1715//1715
f 1721//1721 1715//1715 528//528
f 1718//1718 1715//1715 1721//1721
f 294//294 1189//1189 1180//1180
f 1180//1180 1189//1189 1729//1729
f 294//294 1183//1183 535//535
f 1183//1183 295//295 1186//1186
f 1183//1183 1186//1186 535//535
f 296//296 1185//1185 1184//1184
f 1185//1185 295//295 1182//1182
f 1184//1184 1182//1182 291//291
f 1185//1185 1182//1182 1184//1184
f 296//296 535//535 1186//1186
f 1185//1185 1186//1186 295//295
f 296//296 1186//1186 1185//1185
f 533//533 1190//1190 297//297
f 291//291 1188//1188 1184//1184
f 1188//1188 534//534 1184//1184
f 287//287 1730//1730 1187//1187
f 1730//1730 534//534 1731//1731
f 1187//1187 1731//1731 534//534
f 1730//1730 1731//1731 1187//1187
f 534//534 296//296 1184//1184
f 1190//1190 533//533 299//299
f 1178//1178 1192//1192 1179//1179
f 1192//1192 1735//1735 1193//1193
f 1192//1192 1193//1193 1179//1179
f 536//536 1736//1736 1734//1734
f 1736//1736 532//532 1727//1727
f 1734//1734 1727//1727 1193//1193
f 1736//1736 1727//1727 1734//1734
f 1172//1172 301//301 1194//1194
f 1722//1722 1194//1194 290//290
f 1172//1172 1194//1194 1722//1722
f 1178//1178 1729//1729 1201//1201
f 532//532 1736//1736 1738//1738
f 1736//1736 536//536 1739//1739
f 1738//1738 1739//1739 1737//1737
f 1736//1736 1739//1739 1738//1738
f 1189//1189 1201//1201 1729//1729
f 1178//1178 1201//1201 1192//1192
f 1189//1189 297//297 1201//1201
f 1189//1189 294//294 297//297
f 529//529 1719//1719 1718//1718
f 1719//1719 1196//1196 1191//1191
f 1718//1718 1191//1191 298//298
f 1719//1719 1191//1191 1718//1718
f 534//534 298//298 300//300
f 1191//1191 300//300 298//298
f 1196//1196 300//300 1191//1191
f 300//300 1196//1196 302//302
f 1220//1220 300//300 302//302
f 303//303 1733//1733 1199//1199
f 1733//1733 535//535 296//296
f 1733//1733 296//296 1199//1199
f 1200//1200 1737//1737 1739//1739
f 1735//1735 1739//1739 536//536
f 1200//1200 1739//1739 1735//1735
f 304//304 1735//1735 1192//1192
f 301//301 1741//1741 1194//1194
f 1741//1741 302//302 1740//1740
f 1194//1194 1740//1740 290//290
f 1741//1741 1740//1740 1194//1194
f 1192//1192 1201//1201 304//304
f 302//302 1195//1195 1720//1720
f 1195//1195 1196//1196 1719//1719
f 1720//1720 1719//1719 529//529
f 1195//1195 1719//1719 1720//1720
f 1195//1195 302//302 1196//1196
f 1201//1201 297//297 1197//1197
f 1732//1732 1197//1197 1190//1190
f 1190//1190 1197//1197 297//297
f 1732//1732 1190//1190 1198//1198
f 1190//1190 299//299 1198//1198
f 534//534 300//300 1220//1220
f 1198//1198 1206//1206 1732//1732
f 538//538 1206//1206 1198//1198
f 534//534 1199//1199 296//296
f 1220//1220 1744//1744 1199//1199
f 1220//1220 1199//1199 534//534
f 538//538 1198//1198 299//299
f 303//303 1199//1199 539//539
f 1199//1199 1744//1744 1743//1743
f 1199//1199 1743//1743 539//539
f 1203//1203 541//541 537//537
f 1208//1208 539//539 1743//1743
f 1207//1207 1743//1743 1744//1744
f 1208//1208 1743//1743 1207//1207
f 1735//1735 304//304 1200//1200
f 1201//1201 1197//1197 1202//1202
f 1201//1201 1202//1202 304//304
f 1742//1742 302//302 1741//1741
f 1742//1742 1741//1741 301//301
f 1737//1737 1200//1200 301//301
f 1200//1200 305//305 1754//1754
f 1200//1200 1754//1754 301//301
f 301//301 1754//1754 1742//1742
f 1754//1754 302//302 1742//1742
f 1200//1200 304//304 1202//1202
f 1200//1200 1202//1202 305//305
f 1202//1202 1197//1197 322//322
f 1732//1732 1206//1206 1197//1197
f 1206//1206 322//322 1197//1197
f 1203//1203 537//537 1205//1205
f 1204//1204 541//541 1203//1203
f 1205//1205 1204//1204 1203//1203
f 1204//1204 1205//1205 1206//1206
f 1206//1206 1205//1205 542//542
f 542//542 1205//1205 537//537
f 1207//1207 1744//1744 1208//1208
f 1744//1744 1220//1220 544//544
f 1745//1745 1757//1757 312//312
f 1220//1220 311//311 1747//1747
f 1220//1220 1747//1747 544//544
f 1757//1757 1745//1745 1217//1217
f 1745//1745 1746//1746 1217//1217
f 540//540 1209//1209 306//306
f 543//543 1209//1209 540//540
f 1217//1217 1746//1746 1748//1748
f 543//543 306//306 1209//1209
f 1210//1210 1747//1747 311//311
f 544//544 1747//1747 1211//1211
f 545//545 544//544 1211//1211
f 1210//1210 1211//1211 1747//1747
f 1218//1218 1211//1211 1210//1210
f 1767//1767 1218//1218 1210//1210
f 1217//1217 1213//1213 313//313
f 1211//1211 1218//1218 545//545
f 1212//1212 1217//1217 1748//1748
f 1213//1213 1217//1217 1212//1212
f 546//546 1214//1214 1218//1218
f 1214//1214 545//545 1218//1218
f 1749//1749 1213//1213 1212//1212
f 1751//1751 552//552 1217//1217
f 1751//1751 1217//1217 313//313
f 1213//1213 1749//1749 307//307
f 546//546 1750//1750 1214//1214
f 1214//1214 1750//1750 545//545
f 1750//1750 546//546 1215//1215
f 313//313 1213//1213 308//308
f 1213//1213 307//307 308//308
f 545//545 1750//1750 307//307
f 1750//1750 1215//1215 1219//1219
f 1750//1750 1219//1219 307//307
f 305//305 1202//1202 310//310
f 1202//1202 309//309 1216//1216
f 1202//1202 1216//1216 310//310
f 305//305 547//547 1754//1754
f 316//316 1225//1225 1224//1224
f 1225//1225 310//310 1216//1216
f 1224//1224 1216//1216 309//309
f 1225//1225 1216//1216 1224//1224
f 547//547 556//556 1771//1771
f 1754//1754 1771//1771 302//302
f 547//547 1771//1771 1754//1754
f 1771//1771 556//556 1777//1777
f 1771//1771 1220//1220 302//302
f 1777//1777 1220//1220 1771//1771
f 1206//1206 538//538 1204//1204
f 558//558 311//311 1220//1220
f 558//558 1220//1220 1777//1777
f 312//312 1746//1746 1745//1745
f 548//548 1756//1756 549//549
f 1765//1765 1755//1755 311//311
f 1217//1217 552//552 1757//1757
f 1755//1755 1210//1210 311//311
f 1767//1767 1210//1210 1755//1755
f 550//550 549//549 1756//1756
f 550//550 1756//1756 548//548
f 1759//1759 551//551 1758//1758
f 551//551 1760//1760 1758//1758
f 1760//1760 1759//1759 1758//1758
f 1218//1218 1767//1767 1752//1752
f 1218//1218 1752//1752 546//546
f 552//552 1751//1751 1768//1768
f 314//314 553//553 1762//1762
f 1751//1751 313//313 1753//1753
f 1768//1768 1751//1751 1222//1222
f 1751//1751 1753//1753 1761//1761
f 1751//1751 1761//1761 1222//1222
f 555//555 314//314 1762//1762
f 555//555 1762//1762 553//553
f 1752//1752 1763//1763 546//546
f 1761//1761 313//313 308//308
f 308//308 1222//1222 1761//1761
f 1764//1764 1222//1222 1219//1219
f 1222//1222 308//308 1219//1219
f 308//308 307//307 1219//1219
f 1752//1752 1764//1764 1763//1763
f 1764//1764 1219//1219 1215//1215
f 554//554 1221//1221 322//322
f 309//309 1202//1202 1221//1221
f 1202//1202 322//322 1221//1221
f 309//309 1221//1221 315//315
f 1221//1221 554//554 1223//1223
f 1221//1221 1223//1223 315//315
f 309//309 1769//1769 1224//1224
f 1224//1224 1770//1770 316//316
f 1769//1769 1770//1770 1224//1224
f 1766//1766 1206//1206 542//542
f 1755//1755 1765//1765 1767//1767
f 1766//1766 317//317 1206//1206
f 1206//1206 317//317 322//322
f 1772//1772 317//317 1226//1226
f 317//317 1766//1766 1226//1226
f 1752//1752 1767//1767 1768//1768
f 1768//1768 1222//1222 1752//1752
f 1752//1752 1222//1222 1764//1764
f 554//554 315//315 1223//1223
f 1769//1769 316//316 1770//1770
f 1772//1772 1227//1227 317//317
f 1226//1226 1766//1766 1772//1772
f 317//317 1227//1227 1779//1779
f 1779//1779 322//322 317//317
f 1773//1773 1774//1774 1228//1228
f 318//318 1774//1774 1773//1773
f 1231//1231 557//557 1775//1775
f 318//318 1773//1773 1228//1228
f 560//560 320//320 1229//1229
f 319//319 558//558 1237//1237
f 319//319 1237//1237 1230//1230
f 1237//1237 321//321 1230//1230
f 1231//1231 556//556 557//557
f 1231//1231 562//562 1777//1777
f 1231//1231 1777//1777 556//556
f 1227//1227 319//319 1779//1779
f 559//559 1777//1777 562//562
f 322//322 1779//1779 1775//1775
f 1229//1229 320//320 1778//1778
f 1229//1229 1778//1778 560//560
f 1232//1232 559//559 1776//1776
f 561//561 1234//1234 1233//1233
f 1234//1234 319//319 1233//1233
f 1775//1775 1779//1779 1234//1234
f 1779//1779 319//319 1234//1234
f 559//559 1237//1237 1777//1777
f 1777//1777 1237//1237 558//558
f 559//559 1235//1235 1237//1237
f 1237//1237 1233//1233 321//321
f 1230//1230 1233//1233 319//319
f 321//321 1233//1233 1230//1230
f 1236//1236 1775//1775 1234//1234
f 1231//1231 1775//1775 1236//1236
f 1231//1231 1776//1776 562//562
f 1776//1776 1235//1235 1232//1232
f 1232//1232 1235//1235 559//559
f 1234//1234 561//561 1236//1236
f 1233//1233 1236//1236 561//561
f 1236//1236 1233//1233 1237//1237
f 1776//1776 1236//1236 1235//1235
f 1236//1236 1237//1237 1235//1235
f 1236//1236 1776//1776 1231//1231
f 1782//1782 628//628 1781//1781
f 628//628 19//19 1780//1780
f 628//628 1780//1780 1781//1781
f 1784//1784 635//635 1783//1783
f 1783//1783 20//20 563//563
f 635//635 20//20 1783//1783
f 1788//1788 645//645 1787//1787
f 645//645 1786//1786 1787//1787
f 32//32 645//645 1790//1790
f 1790//1790 1788//1788 564//564
f 645//645 1788//1788 1790//1790
f 42//42 1793//1793 1794//1794
f 40//40 660//660 1797//1797
f 660//660 39//39 1796//1796
f 1797//1797 1796//1796 567//567
f 660//660 1796//1796 1797//1797
f 41//41 1306//1306 1798//1798
f 1306//1306 1305//1305 1799//1799
f 1798//1798 1799//1799 568//568
f 1306//1306 1799//1799 1798//1798
f 39//39 661//661 1801//1801
f 661//661 41//41 1802//1802
f 1801//1801 1802//1802 569//569
f 661//661 1802//1802 1801//1801
f 670//670 40//40 1804//1804
f 46//46 672//672 1805//1805
f 672//672 47//47 1806//1806
f 1805//1805 1806//1806 571//571
f 672//672 1806//1806 1805//1805
f 1810//1810 669//669 1808//1808
f 669//669 46//46 1809//1809
f 669//669 1809//1809 1808//1808
f 50//50 675//675 1813//1813
f 1813//1813 1817//1817 572//572
f 675//675 1817//1817 1813//1813
f 676//676 1810//1810 574//574
f 1821//1821 1839//1839 1826//1826
f 1839//1839 1827//1827 1826//1826
f 369//369 1354//1354 1831//1831
f 1354//1354 1832//1832 1831//1831
f 1837//1837 380//380 1838//1838
f 380//380 1363//1363 1840//1840
f 1363//1363 719//719 1842//1842
f 719//719 1843//1843 1842//1842
f 738//738 1848//1848 575//575
f 123//123 817//817 1851//1851
f 817//817 110//110 1850//1850
f 817//817 1850//1850 1851//1851
f 110//110 776//776 1853//1853
f 776//776 77//77 1852//1852
f 776//776 1852//1852 1853//1853
f 816//816 123//123 1855//1855
f 883//883 1871//1871 579//579
f 924//924 1860//1860 580//580
f 958//958 177//177 1862//1862
f 177//177 936//936 1865//1865
f 936//936 1861//1861 1866//1866
f 936//936 1866//1866 1865//1865
f 1871//1871 1870//1870 1869//1869
f 1869//1869 1870//1870 581//581
f 199//199 990//990 1872//1872
f 1872//1872 1874//1874 582//582
f 990//990 1874//1874 1872//1872
f 1877//1877 989//989 1875//1875
f 989//989 230//230 1876//1876
f 1875//1875 1876//1876 584//584
f 989//989 1876//1876 1875//1875
f 1879//1879 199//199 1880//1880
f 214//214 1553//1553 1882//1882
f 1553//1553 466//466 1883//1883
f 1882//1882 1883//1883 585//585
f 1553//1553 1883//1883 1882//1882
f 1886//1886 991//991 1884//1884
f 991//991 214//214 1885//1885
f 1884//1884 1885//1885 586//586
f 991//991 1885//1885 1884//1884
f 1780//1780 1782//1782 1781//1781
f 629//629 1782//1782 20//20
f 563//563 1784//1784 1783//1783
f 1784//1784 1785//1785 25//25
f 1785//1785 1786//1786 645//645
f 1786//1786 1789//1789 1787//1787
f 1789//1789 1788//1788 1787//1787
f 564//564 1792//1792 1790//1790
f 1792//1792 565//565 1791//1791
f 1790//1790 1791//1791 32//32
f 1792//1792 1791//1791 1790//1790
f 645//645 32//32 42//42
f 1793//1793 1795//1795 1794//1794
f 1794//1794 566//566 42//42
f 1795//1795 566//566 1794//1794
f 1797//1797 567//567 40//40
f 568//568 1800//1800 1798//1798
f 1798//1798 1800//1800 41//41
f 569//569 1803//1803 1801//1801
f 1801//1801 1803//1803 39//39
f 670//670 570//570 47//47
f 1804//1804 570//570 670//670
f 571//571 1807//1807 1805//1805
f 1805//1805 1807//1807 46//46
f 1809//1809 1811//1811 1808//1808
f 1811//1811 1810//1810 1808//1808
f 50//50 1812//1812 675//675
f 572//572 1815//1815 1813//1813
f 1815//1815 573//573 1814//1814
f 1813//1813 1814//1814 50//50
f 1815//1815 1814//1814 1813//1813
f 574//574 1816//1816 676//676
f 1833//1833 1817//1817 675//675
f 1816//1816 1818//1818 694//694
f 687//687 1819//1819 60//60
f 1348//1348 1819//1819 687//687
f 1836//1836 1822//1822 1820//1820
f 1822//1822 1821//1821 1820//1820
f 1839//1839 1825//1825 1823//1823
f 1823//1823 1824//1824 1839//1839
f 1825//1825 1824//1824 1823//1823
f 1827//1827 1821//1821 1826//1826
f 1335//1335 1830//1830 1828//1828
f 1830//1830 1829//1829 1828//1828
f 1831//1831 1832//1832 369//369
f 1425//1425 1834//1834 675//675
f 1834//1834 1833//1833 675//675
f 1818//1818 1835//1835 694//694
f 1821//1821 1836//1836 1820//1820
f 1838//1838 1839//1839 1837//1837
f 1363//1363 1841//1841 1840//1840
f 1840//1840 1841//1841 380//380
f 1842//1842 1843//1843 1363//1363
f 1844//1844 575//575 719//719
f 1835//1835 1845//1845 724//724
f 1845//1845 1846//1846 722//722
f 722//722 1846//1846 77//77
f 1849//1849 1848//1848 1847//1847
f 774//774 1849//1849 1847//1847
f 1851//1851 576//576 123//123
f 1850//1850 576//576 1851//1851
f 1852//1852 1854//1854 1853//1853
f 1853//1853 1854//1854 110//110
f 578//578 577//577 1423//1423
f 1857//1857 578//578 797//797
f 579//579 1856//1856 824//824
f 824//824 1856//1856 126//126
f 126//126 1857//1857 797//797
f 827//827 1858//1858 130//130
f 1855//1855 1858//1858 816//816
f 130//130 1859//1859 850//850
f 1859//1859 1860//1860 903//903
f 580//580 1861//1861 924//924
f 1862//1862 1864//1864 958//958
f 1864//1864 1863//1863 958//958
f 1866//1866 1868//1868 1865//1865
f 1865//1865 1867//1867 177//177
f 1868//1868 1867//1867 1865//1865
f 581//581 1871//1871 1869//1869
f 582//582 1873//1873 1872//1872
f 1872//1872 1873//1873 199//199
f 1863//1863 1874//1874 992//992
f 1877//1877 583//583 1577//1577
f 584//584 1877//1877 1875//1875
f 1023//1023 1878//1878 230//230
f 1886//1886 1878//1878 1023//1023
f 1880//1880 1881//1881 1879//1879
f 1882//1882 585//585 214//214
f 586//586 1886//1886 1884//1884
f 30//30 31//31 1888//1888
f 31//31 1893//1893 1887//1887
f 31//31 1887//1887 1888//1888
f 1893//1893 643//643 1891//1891
f 643//643 44//44 1892//1892
f 643//643 1892//1892 1891//1891
f 628//628 18//18 1896//1896
f 1899//1899 31//31 1897//1897
f 31//31 1890//1890 1898//1898
f 31//31 1898//1898 1897//1897
f 1812//1812 1902//1902 1901//1901
f 1901//1901 1902//1902 589//589
f 675//675 588//588 1903//1903
f 675//675 1903//1903 590//590
f 587//587 1904//1904 1905//1905
f 1905//1905 1904//1904 591//591
f 1888//1888 1889//1889 30//30
f 1887//1887 1889//1889 1888//1888
f 30//30 1890//1890 31//31
f 1892//1892 1894//1894 1891//1891
f 1894//1894 1893//1893 1891//1891
f 1812//1812 1895//1895 675//675
f 1895//1895 588//588 675//675
f 628//628 1896//1896 19//19
f 628//628 1899//1899 18//18
f 1898//1898 1900//1900 1897//1897
f 1900//1900 1899//1899 1897//1897
f 589//589 1812//1812 1901//1901
f 675//675 590//590 44//44
f 1905//1905 591//591 587//587
f 1906//1906 18//18 592//592
f 19//19 1907//1907 1908//1908
f 1907//1907 593//593 1909//1909
f 1908//1908 1909//1909 594//594
f 1907//1907 1909//1909 1908//1908
f 44//44 1910//1910 1911//1911
f 1910//1910 595//595 1912//1912
f 1911//1911 1912//1912 596//596
f 1910//1910 1912//1912 1911//1911
