# decimated by Tools/decimate_anatomy.py from 19352 triangles (BodyParts3D, CC BY 4.0)
v 0.00307646 -0.03070749 -0.14011683
v 0.00337923 -0.02425286 -0.10879187
v -0.00465287 -0.03682465 -0.15251417
v -0.00384737 -0.03686477 -0.14946800
v -0.00347836 -0.03699726 -0.14762886
v 0.03096024 0.01009445 0.16008398
v 0.03192060 0.00623551 0.17080261
v 0.03162584 0.00597330 0.17093955
v -0.01018688 -0.04255379 -0.18792130
v -0.00793295 -0.03812556 -0.17672857
v -0.00786609 -0.03752389 -0.17640853
v -0.00710482 -0.03723672 -0.17415668
v -0.00636878 -0.03503027 -0.16981608
v -0.00546765 -0.03384807 -0.16598305
v -0.00603381 -0.03662478 -0.15368931
v -0.00610186 -0.03664030 -0.15450282
v -0.00584498 -0.03665062 -0.15062329
v -0.00530665 -0.03645379 -0.14862120
v -0.00391830 -0.03671179 -0.14623027
v -0.00335876 -0.03711031 -0.14782424
v -0.00383038 -0.03550880 -0.13597322
v -0.00420886 -0.03643585 -0.14151219
v -0.00409217 -0.03570212 -0.13808033
v -0.00372404 -0.03521462 -0.13188054
v -0.00338159 -0.03548760 -0.12965158
v -0.00339438 -0.03540071 -0.12965548
v 0.02943089 0.01191830 0.15102828
v 0.03142948 0.00620181 0.17147741
v 0.02987466 0.00522214 0.17048319
v -0.00503551 -0.03213106 -0.15981958
v -0.00947478 -0.04436610 -0.16124868
v -0.00489698 -0.03537417 -0.13789827
v -0.00220849 -0.02266604 -0.10393336
v 0.02479283 0.01427403 0.12594098
v 0.02704249 0.01481452 0.13759169
v 0.02678883 0.01540986 0.13840926
v 0.02872227 0.00843631 0.16244948
v -0.01126889 -0.03941697 -0.18241031
v 0.00146522 -0.02822691 -0.06413143
v 0.02237738 0.01179421 0.11461576
v 0.02442574 0.01471939 0.12621908
v 0.02505869 0.01283765 0.14518707
v 0.02701613 0.01058403 0.15922271
v -0.00997455 -0.04484875 -0.13993530
v -0.00655579 -0.03160250 -0.12329012
v -0.00339510 -0.02131363 -0.09822373
v -0.00351271 -0.02030880 -0.09608478
v 0.00039425 -0.02700833 -0.05728403
v 0.00330696 -0.01492346 -0.03796680
v 0.00382891 -0.01550577 -0.03547746
v 0.01898862 0.00787630 0.09926799
v 0.02371516 0.01393504 0.14203686
v -0.01620081 -0.04825085 -0.19316407
v -0.01680414 -0.04337130 -0.19050112
v -0.01653100 -0.04196096 -0.18991479
v -0.01610168 -0.03980262 -0.18907496
v -0.01402500 -0.04333461 -0.17960443
v -0.01276365 -0.02546610 -0.14997254
v -0.00485036 -0.01724867 -0.08755299
v -0.00031929 -0.02667661 -0.05406815
v 0.00163223 -0.02046259 -0.03244990
v 0.00209158 -0.02011289 -0.03175583
v 0.00212804 -0.01957896 -0.03224387
v 0.00210387 -0.01782221 -0.01787700
v 0.00258333 -0.01659680 -0.02350599
v 0.01578353 0.00622026 0.08456624
v 0.01646994 0.00745321 0.09099451
v 0.01720524 0.00898959 0.10578937
v 0.02122040 0.01497325 0.12705764
v 0.02105735 0.01455160 0.12846912
v -0.01687055 -0.04273267 -0.18629370
v -0.01477684 -0.03479628 -0.17808607
v -0.01180914 -0.02879110 -0.15140099
v -0.01034107 -0.03242687 -0.06131548
v -0.00359732 -0.03106376 -0.05212045
v 0.00076124 -0.01528681 -0.03457558
v 0.00040244 -0.01595788 -0.03093431
v 0.00960502 -0.00145208 0.06089294
v 0.01240798 0.00254601 0.06767793
v 0.01255034 0.00231705 0.07308673
v 0.01478158 0.00833301 0.09631534
v 0.01719242 0.01064131 0.10886121
v 0.01828859 0.01211906 0.11440582
v -0.01289668 -0.02452501 -0.14394253
v 0.01122047 0.00247878 0.07447096
v 0.01338773 0.00570897 0.08867862
v -0.01324943 -0.02377631 -0.13923545
v 0.00210801 -0.01358303 0.01314095
v 0.00522961 -0.00396454 0.04683009
v 0.00645621 -0.00226943 0.05427775
v 0.00823024 0.00186233 0.06439218
v 0.00814296 0.00120699 0.06676327
v 0.01051444 0.00453691 0.07515681
v 0.00339058 -0.00644418 0.03463618
v 0.00174264 -0.01033256 0.02729960
v -0.01348871 -0.02263261 -0.13305476
v -0.00865207 -0.02841856 -0.05220713
v -0.00535764 -0.02198360 -0.02490380
v -0.00136499 -0.01498618 0.01018893
v -0.00135213 -0.01034434 0.02509092
v -0.00107213 -0.01384992 0.01587500
v 0.00017617 -0.00557101 0.04053148
v 0.00085842 -0.00485901 0.04101097
v 0.00089385 -0.00305798 0.04473626
v 0.00092447 -0.00307737 0.04466208
v -0.01595481 -0.01881637 -0.10640124
v -0.00925678 -0.02123675 -0.02590927
v -0.00674703 -0.01610774 -0.00120150
v -0.00314414 -0.01008888 0.02428141
v -0.00431392 -0.01355889 0.01481812
v -0.00215400 -0.00692088 0.03218848
v -0.00208373 -0.00687974 0.03297474
v -0.00163375 -0.00907082 0.02801481
v -0.00193184 -0.00459725 0.03865356
v -0.00159007 -0.00439022 0.03981218
v -0.00130736 -0.00277540 0.04326687
v 0.00145311 0.00269306 0.05436214
v -0.00037694 -0.00082114 0.04665436
v 0.00152663 0.00308051 0.06152819
v 0.00194265 0.00356312 0.06329275
v 0.00235923 0.00544359 0.06757922
v 0.00176766 0.00472821 0.06071297
v -0.01381816 -0.02548801 -0.05150949
v -0.01346083 -0.02561048 -0.05189306
v -0.01187851 -0.02340693 -0.03716097
v -0.01167291 -0.02282633 -0.03109462
v -0.01054237 -0.02110877 -0.02137409
v -0.00890746 -0.01756405 0.00004883
v -0.00572626 -0.00676003 0.03340198
v -0.00565363 -0.01149836 0.02556162
v -0.00341347 -0.00788276 0.03273179
v -0.00329513 -0.00479016 0.03791996
v -0.00285902 -0.00617947 0.03791172
v -0.00305055 -0.00643725 0.03552649
v -0.00315575 -0.00617628 0.03590511
v -0.00395569 -0.00302028 0.04364464
v -0.00186224 -0.00285444 0.04620276
v 0.00231612 0.00573943 0.07598951
v 0.00266186 0.00549485 0.08385296
v -0.01731480 -0.01728299 -0.09383661
v -0.01227796 -0.01814745 -0.01907073
v -0.01291292 -0.01834372 -0.02290038
v -0.00951318 -0.01874692 -0.00496908
v -0.00842857 -0.01465083 0.01607142
v -0.00642902 -0.00742654 0.03329861
v -0.00162475 0.00142720 0.05311969
v -0.00093372 0.00504364 0.07254519
v 0.00045052 0.00596470 0.07127267
v -0.00001941 0.00568798 0.07359772
v 0.00027340 0.00568400 0.07980340
v 0.00101279 0.00558219 0.08241256
v -0.02237343 -0.01922383 -0.08138523
v -0.01707869 -0.01849046 -0.07759000
v -0.01321146 -0.01679291 -0.02979702
v -0.01090187 -0.01628499 0.00012300
v -0.00908094 -0.01111179 0.02684799
v -0.00738942 -0.00941323 0.02569883
v -0.00700358 -0.00997474 0.02581303
v -0.00763754 -0.00953397 0.03395246
v -0.00651961 -0.00750471 0.03319837
v -0.00513072 -0.00205135 0.04697964
v -0.00456480 -0.00262515 0.04726032
v 0.00031270 0.00690676 0.09409657
v 0.00077568 0.00748904 0.10266495
v 0.00279195 0.00828941 0.10965268
v 0.00244736 0.00852199 0.10954619
v -0.00860633 -0.00892667 0.03473030
v -0.00772591 -0.00688043 0.04527700
v -0.00679268 -0.00250500 0.04587851
v -0.00087468 0.00478191 0.09050886
v -0.00117729 0.00583579 0.09856674
v -0.00103522 0.00651070 0.09997286
v 0.00148884 0.00855280 0.11120678
v 0.00232528 0.01041967 0.12361211
v 0.00223268 0.01070255 0.12559336
v 0.00225788 0.00955597 0.13249242
v -0.00817563 -0.00272745 0.04764597
v 0.00085978 0.00773334 0.10512035
v -0.00073748 0.00481158 0.09375177
v 0.00209544 0.00547046 0.15060110
v 0.00188556 0.00435965 0.15031675
v -0.00753076 -0.00689907 0.04505081
v -0.00624143 -0.00659324 0.04151015
v -0.00913467 -0.00213258 0.05243111
v -0.00077735 0.00987716 0.12588615
v -0.00114989 0.00900458 0.13008259
v 0.00214674 0.00848902 0.13942093
v 0.00212353 0.00354853 0.16170590
v 0.00246923 0.00403953 0.16424485
v 0.00236873 -0.00210759 0.17794596
v 0.00247055 0.00315258 0.16882604
v 0.00188211 0.00372370 0.16949701
v 0.00258607 -0.00163822 0.17763934
v -0.00893787 0.00258314 0.05927981
v -0.00825183 0.00201335 0.05477719
v -0.00186505 0.00906376 0.13716912
v -0.00114711 0.00708762 0.14129676
v -0.00121268 0.00599665 0.14752463
v -0.00163505 0.00564911 0.14746971
v -0.00150516 0.00494739 0.14926708
v 0.00098892 0.00278826 0.17197736
v -0.01138566 0.00312802 0.06063670
v -0.01108784 0.00423435 0.06402140
v 0.00028938 0.00337600 0.15830368
v -0.01256182 0.00461979 0.06111698
v -0.00920610 -0.00599021 0.04016113
v -0.01340343 0.00575199 0.06660114
v -0.01330689 0.00576531 0.06465532
v -0.01390547 0.00642787 0.06781499
v -0.01315854 0.00552436 0.07282520
v -0.01272866 0.00555027 0.07226862
v -0.01226700 0.00734380 0.07993772
v -0.01361180 0.00576127 0.07614093
v -0.01292952 0.00703684 0.08630409
v -0.01325883 0.00643166 0.08773989
v -0.02154824 -0.00304299 0.05932915
v -0.01517843 0.00698925 0.07489972
v -0.01479360 0.00618695 0.08039749
v -0.01302205 0.00634381 0.08343159
v -0.01998037 -0.00281034 0.05449598
v -0.01972913 -0.00161538 0.05579443
v -0.01602982 0.00714049 0.09382813
v -0.01644400 0.00579380 0.09425613
v -0.01623518 0.00705813 0.09461793
v -0.02189489 -0.00286118 0.05986316
v -0.01658983 0.00717973 0.08384835
v -0.01715317 0.00662882 0.08942419
v -0.01648197 0.00693234 0.09418883
v -0.01662988 0.00642871 0.10470819
v -0.01696459 0.00593045 0.11249179
v -0.01697889 0.00751900 0.08796377
v -0.02158534 0.00763544 0.12375376
v -0.01679982 0.00652146 0.10724837
v -0.02396513 0.00074338 0.06910676
v -0.03217093 0.00180509 0.09880698
v -0.02455132 0.00022225 0.06749503
v -0.02644988 0.00088864 0.07249816
v -0.01841174 0.00462113 0.10843522
v -0.01865261 0.00886300 0.12788448
v -0.01871613 0.00702664 0.13249137
v -0.01955203 0.00323060 0.14191261
v -0.02055144 0.00651028 0.12990820
v -0.02783788 0.00053932 0.07473915
v -0.02870948 0.00091620 0.07807143
v -0.02690584 0.00202168 0.08442184
v -0.02202504 0.00308170 0.14092582
v -0.02119261 0.00166219 0.15277561
v -0.02225376 0.00714762 0.12906796
v -0.02504319 -0.00114168 0.15911528
v -0.02135560 0.00185256 0.15311609
v -0.02086503 0.00129678 0.15148205
v -0.02211074 -0.00610917 0.16657072
v -0.02389932 0.00119939 0.14887406
v -0.02357837 -0.00161495 0.15771057
v -0.02366008 -0.00740587 0.16588781
v -0.02536608 -0.00927172 0.17177967
v -0.02985127 0.00096017 0.08177145
v -0.03576816 0.00062144 0.10056651
v -0.03766908 0.00180950 0.10567054
v -0.03856976 0.00227137 0.10837373
v -0.03812262 0.00054998 0.11856806
v -0.03906673 0.00254068 0.11123533
v -0.04182350 -0.00285068 0.12389722
v -0.04339369 -0.00271441 0.12579971
v -0.04413168 -0.00242112 0.12961662
v -0.04441066 -0.00436282 0.13307040
v -0.04732297 -0.00283382 0.13883612
v -0.04570605 -0.00377903 0.14298533
v -0.04655340 -0.00515469 0.14686117
v -0.04725123 -0.00617103 0.14838189
v -0.04931982 -0.00496448 0.14626534
v 0.00256588 -0.02913904 -0.12538186
v 0.00398769 -0.03460062 -0.13903619
v -0.00296960 -0.03712198 -0.15509765
v 0.03210744 0.00678962 0.16580784
v 0.03289077 0.00424058 0.17093985
v 0.03251860 0.00415164 0.17106846
v -0.00342103 -0.03704362 -0.14830250
v -0.00347168 -0.03695826 -0.14787585
v 0.03143862 0.00921870 0.16198979
v 0.03275072 0.00517681 0.17005030
v 0.03176133 0.00638569 0.17056508
v 0.03175026 0.00612011 0.17122030
v -0.00888759 -0.04314702 -0.16736016
v -0.00569702 -0.03682400 -0.15480788
v -0.00613040 -0.03670171 -0.15456074
v -0.00592807 -0.03662904 -0.15482865
v -0.00451690 -0.03701762 -0.15212720
v -0.00506386 -0.03694860 -0.15351333
v -0.00607007 -0.03681553 -0.15317908
v -0.00586606 -0.03656029 -0.15207279
v -0.00553809 -0.03643466 -0.14901900
v -0.00550255 -0.03655144 -0.14753078
v -0.00524202 -0.03643250 -0.14550091
v -0.00516894 -0.03636219 -0.14689529
v -0.00410239 -0.03673343 -0.14320995
v -0.00401464 -0.03645847 -0.14370811
v -0.00507828 -0.03616094 -0.14321423
v -0.00413942 -0.03582924 -0.13991567
v -0.00454242 -0.03675340 -0.14380852
v -0.00379629 -0.03556757 -0.13593036
v -0.00327439 -0.03538824 -0.13189147
v -0.00333673 -0.03552455 -0.12985155
v -0.00329675 -0.03538390 -0.12964702
v -0.00337136 -0.03543377 -0.13019668
v -0.00364962 -0.03548857 -0.13135642
v -0.00340269 -0.03549222 -0.12967700
v 0.02886324 0.01277461 0.14778115
v 0.02912670 0.01199681 0.14915998
v 0.02996526 0.00479352 0.17042305
v 0.03102186 0.00626744 0.17173514
v -0.01245764 -0.04534225 -0.19169170
v -0.01246979 -0.04524526 -0.19136123
v -0.00451715 -0.03531443 -0.13551386
v 0.02643924 0.01516468 0.13437277
v 0.02754208 0.01493046 0.14078955
v 0.02832800 0.00906073 0.16458654
v 0.02834204 0.00924777 0.16412999
v 0.02760325 0.00996074 0.16160582
v -0.01294510 -0.04555181 -0.19141945
v 0.00409563 -0.01615323 -0.04953740
v 0.00399493 -0.01583764 -0.03988552
v 0.02220613 0.01171116 0.11389160
v 0.02594366 0.01187897 0.15197080
v 0.02658131 0.01113779 0.15723905
v 0.02708643 0.01068353 0.15908647
v -0.01500741 -0.04812132 -0.19358122
v -0.01558790 -0.04827442 -0.19368175
v -0.01420617 -0.04606045 -0.19160928
v -0.01557950 -0.04780546 -0.19344568
v -0.01058898 -0.04391580 -0.15080294
v -0.00695884 -0.03229664 -0.12435938
v -0.00704231 -0.03199413 -0.12295254
v 0.00041239 -0.02788917 -0.06196073
v 0.00380204 -0.01538405 -0.03550223
v 0.01869805 0.00764336 0.09879807
v 0.01929780 0.00961077 0.10208327
v 0.02242844 0.01548270 0.13479491
v 0.02442126 0.01421411 0.14573677
v -0.01743258 -0.04720240 -0.19265674
v -0.01699320 -0.04450748 -0.19022991
v -0.01605532 -0.04005715 -0.18917309
v -0.01727717 -0.04705216 -0.19301766
v -0.01716574 -0.04460593 -0.19093537
v -0.01596702 -0.03950819 -0.18902758
v -0.01617411 -0.03947793 -0.18781777
v -0.00344933 -0.03484898 -0.06455773
v -0.00286051 -0.03501236 -0.06449958
v 0.00048967 -0.02701701 -0.05719490
v 0.00084822 -0.01565038 -0.03523111
v 0.00154227 -0.01497804 -0.03552193
v 0.00061293 -0.01504841 -0.04032663
v 0.00302582 -0.01674618 -0.02402183
v 0.01393218 0.00352724 0.07481909
v 0.01538012 0.00489328 0.08238550
v 0.01589767 0.00626248 0.08508170
v -0.01651577 -0.04027516 -0.18906343
v 0.00067200 -0.01577043 -0.03382147
v 0.00195345 -0.01692303 -0.01089655
v 0.01291012 0.00367172 0.07062940
v 0.00593560 -0.00278582 0.05223223
v 0.01626869 0.01002731 0.10337433
v 0.01722259 0.01087017 0.10835598
v -0.01709859 -0.04245852 -0.18853796
v -0.01298635 -0.02541260 -0.14965943
v 0.00087193 -0.01560899 -0.03001884
v 0.00183473 -0.01629221 -0.00565729
v 0.00156602 -0.01602593 -0.00658520
v 0.00157878 -0.01613806 -0.00748832
v 0.00201426 -0.01579937 -0.00051035
v 0.00171370 -0.01525064 0.00192245
v -0.01380432 -0.02211210 -0.12815753
v 0.00213019 -0.01382692 0.01456839
v 0.00990562 -0.00028787 0.06093178
v -0.00287784 -0.02150491 -0.01993429
v 0.00214805 -0.01123571 0.02315752
v 0.00286263 -0.00884753 0.02957858
v 0.00163502 -0.01271241 0.01706675
v 0.00476793 -0.00500080 0.04855802
v -0.00897103 -0.01565053 -0.06000957
v -0.00095637 -0.01240935 0.02097971
v -0.00104635 -0.01324936 0.01959507
v 0.00304863 -0.00381249 0.05319530
v 0.00305951 -0.00277906 0.05081791
v -0.00865861 -0.02239698 -0.02858424
v -0.00419032 -0.01342527 0.01547450
v -0.00396175 -0.01493982 0.00727464
v -0.00123830 -0.00680737 0.03232151
v -0.00042467 -0.00519709 0.03754501
v 0.00072343 -0.00346923 0.04326187
v -0.01118978 -0.02372822 -0.04190195
v -0.00958917 -0.02238786 -0.03372528
v -0.00709669 -0.01712041 -0.01071064
v -0.00340519 -0.01217365 0.01844863
v -0.00253162 -0.00608856 0.03452401
v -0.00385543 -0.00945518 0.02772050
v -0.00215291 -0.00740085 0.03187118
v -0.00235264 -0.00858818 0.02803424
v -0.00229481 -0.00731679 0.03109282
v -0.00186084 -0.00421174 0.03965387
v -0.00157506 -0.00660781 0.03466541
v -0.00165041 -0.00465592 0.03918304
v -0.00036252 -0.00289170 0.04222202
v -0.00115550 -0.00357661 0.04170214
v 0.00123154 0.00129084 0.05096127
v 0.00237236 0.00543345 0.06862350
v -0.01696239 -0.01735472 -0.09580187
v -0.00854256 -0.01744685 -0.00162215
v -0.00738242 -0.01598478 -0.00482128
v -0.00819195 -0.01684129 0.00308723
v -0.00549813 -0.00752474 0.03463500
v -0.00476306 -0.00932298 0.02640840
v -0.00177048 -0.00063220 0.04764270
v -0.00232958 -0.00416361 0.04013866
v -0.00119375 0.00147954 0.05641186
v 0.00002884 0.00545729 0.06395686
v 0.00191929 0.00606938 0.06928112
v 0.00167456 0.00586262 0.07121915
v 0.00177451 0.00606618 0.06896003
v 0.00261035 0.00552491 0.08251452
v 0.00240431 0.00709628 0.09982393
v -0.01758233 -0.01658340 -0.08819784
v -0.01781609 -0.01677564 -0.08630170
v -0.01765280 -0.01680625 -0.08704187
v -0.01229623 -0.02145933 -0.02443395
v -0.01142067 -0.01726590 -0.01843617
v -0.01042795 -0.01635216 0.00118071
v -0.00960182 -0.01831409 -0.00286963
v -0.00638540 -0.00958769 0.02603144
v -0.00577028 -0.00697647 0.03319046
v -0.00448763 -0.00230072 0.04650484
v 0.00068499 0.00558904 0.07764354
v 0.00286115 0.00680250 0.10334481
v 0.00264186 0.00773794 0.10590127
v -0.01823450 -0.01656927 -0.07958121
v -0.01865265 -0.01605489 -0.06753584
v -0.01054187 -0.01853319 -0.00438575
v -0.00645298 -0.00874662 0.02884290
v -0.00643004 -0.00733141 0.03319389
v -0.00715977 -0.00691932 0.03350101
v -0.00655549 -0.00806960 0.03816757
v -0.00440884 -0.00372335 0.04600593
v -0.00068919 0.00444167 0.07754602
v -0.00036744 0.00595437 0.08020486
v -0.00050277 0.00588787 0.07985450
v 0.00279612 0.00748364 0.10983275
v 0.00275635 0.00865730 0.11485124
v -0.01876698 -0.01615811 -0.06846874
v -0.01864650 -0.01613548 -0.06770823
v -0.00115787 0.00622084 0.09768718
v 0.00235717 0.01053393 0.12483997
v 0.00224089 0.00928240 0.13222274
v -0.00820960 -0.00534395 0.04107062
v -0.00910575 -0.00159936 0.05021518
v -0.00126827 0.00792601 0.11175485
v 0.00171268 0.01049613 0.13293821
v 0.00218660 0.00797431 0.13895509
v 0.00217899 0.00657220 0.14634556
v 0.00225582 0.00650506 0.14450520
v 0.00233726 0.00478680 0.15081646
v 0.00073644 0.00983918 0.13730143
v -0.00135108 0.00893269 0.11818699
v -0.00085273 0.00928228 0.11775868
v -0.00133677 0.00918394 0.12295185
v 0.00120074 0.01012269 0.12456598
v -0.00111786 0.01019660 0.12916175
v -0.00115070 0.00838584 0.13609940
v 0.00066217 0.00950747 0.13860009
v 0.00187602 0.00258656 0.16616042
v 0.00244449 0.00334049 0.16912054
v 0.00251402 -0.00001317 0.17650303
v 0.00252451 -0.00123950 0.17808227
v -0.01043517 0.00019966 0.05368054
v -0.01006207 0.00448844 0.06499625
v -0.00904709 0.00410213 0.06166686
v -0.00161560 0.00673330 0.14323124
v -0.00174859 0.00733641 0.14380687
v -0.00137313 0.00515769 0.14757252
v -0.00158056 0.00579843 0.14748234
v -0.00144874 0.00560506 0.14858065
v -0.00161237 0.00585160 0.14727994
v 0.00046892 -0.00181289 0.17862498
v -0.00931166 -0.00495899 0.04422702
v -0.01013041 0.00582218 0.06399115
v -0.00107639 0.00405104 0.16552247
v -0.00117351 0.00448101 0.16323864
v -0.00076872 0.00156986 0.17376003
v -0.00035627 -0.00185883 0.17863876
v -0.01215521 0.00486072 0.06787046
v -0.01102042 0.00555004 0.07083780
v -0.01241256 0.00648190 0.08196097
v -0.01675549 -0.00453734 0.05156890
v -0.01704414 -0.00349678 0.05105041
v -0.01644885 -0.00377563 0.05045088
v -0.01188979 0.00627705 0.07817550
v -0.02029948 -0.00145811 0.05665405
v -0.01580595 0.00706088 0.09435225
v -0.01535061 0.00571546 0.10402080
v -0.01521128 0.00586122 0.10320639
v -0.02167244 -0.00254232 0.05852622
v -0.02284188 -0.00228917 0.06294929
v -0.01463511 -0.00427695 0.05227391
v -0.01707113 0.00696170 0.08815612
v -0.01654467 0.00645766 0.10396775
v -0.01601580 0.00658774 0.10741356
v -0.02215461 0.00030454 0.06753880
v -0.02595609 0.00290910 0.08000677
v -0.02277534 -0.00081304 0.06851347
v -0.01948985 0.00567273 0.11571132
v -0.01973094 0.00599329 0.11192534
v -0.01926637 0.00614367 0.11091462
v -0.02477936 0.00021828 0.06739083
v -0.02001732 0.00602264 0.11245755
v -0.02145665 0.00720389 0.12062335
v -0.01839847 0.00773397 0.12925145
v -0.02532426 0.00257222 0.07787690
v -0.02136437 0.00767880 0.12083131
v -0.02051421 0.00640903 0.12792157
v -0.01938657 0.00553669 0.13706779
v -0.01913399 0.00482126 0.13748182
v -0.02759267 0.00027891 0.07409662
v -0.02658532 0.00307744 0.08210602
v -0.02670796 0.00302072 0.08349432
v -0.02220757 0.00750339 0.12796900
v -0.02832993 0.00001363 0.07786314
v -0.02348622 0.00187060 0.14471605
v -0.02214383 -0.00660886 0.16716903
v -0.03080114 0.00101669 0.08515547
v -0.03065849 0.00116960 0.08500905
v -0.03194811 0.00103606 0.08888829
v -0.02436194 0.00105488 0.15247446
v -0.02270876 -0.00380458 0.16105637
v -0.02353772 0.00018895 0.15064694
v -0.02353497 -0.00934608 0.17232022
v -0.02845333 0.00223015 0.08931239
v -0.02475675 0.00026696 0.15565286
v -0.02565183 -0.00690453 0.16757196
v -0.02581543 -0.00870151 0.17072262
v -0.02489488 -0.00831225 0.17058443
v -0.02415793 -0.00924594 0.17195854
v -0.03272477 0.00105561 0.09114994
v -0.03386299 0.00090367 0.09434828
v -0.03263978 0.00028919 0.09319923
v -0.02565781 -0.00792263 0.16985884
v -0.03364857 0.00108753 0.09397657
v -0.03527531 0.00070870 0.09866059
v -0.03808125 0.00231194 0.10703047
v -0.03915106 0.00180869 0.11082038
v -0.04151440 0.00063465 0.11852003
v -0.04147512 0.00085312 0.11844737
v -0.03665810 0.00199823 0.11279235
v -0.04361311 -0.00229829 0.12667637
v -0.04468503 -0.00400438 0.13981602
v -0.04783314 -0.00454335 0.14535984
v -0.04662326 -0.00508876 0.14702538
v -0.04933588 -0.00471683 0.14569111
v -0.04919405 -0.00453174 0.14566649
v -0.04923047 -0.00440388 0.14561481
v -0.04912809 -0.00417308 0.14571966
v -0.04972385 -0.00598575 0.14785552
v -0.04989985 -0.00626676 0.14911747
v -0.04980964 -0.00611045 0.14862077
v -0.04981498 -0.00625449 0.14939156
v 0.00629119 -0.03499781 -0.12090934
v 0.00310116 -0.03562498 -0.14119403
v 0.00293787 -0.02921014 -0.13584106
v 0.00194302 -0.03620655 -0.12108615
v -0.00258409 -0.03705697 -0.15387758
v -0.00033966 -0.04112265 -0.14607403
v -0.00133959 -0.03739672 -0.14889479
v 0.00279065 -0.03304958 -0.14418045
v -0.00001349 -0.04184089 -0.10797390
v 0.00984373 -0.02579928 -0.08285289
v -0.00401705 -0.03479856 -0.16110125
v -0.00318245 -0.03688572 -0.15648130
v -0.00343039 -0.03694420 -0.14808176
v -0.00350264 -0.03692510 -0.14754125
v 0.00045864 -0.02735215 -0.13764954
v -0.00088510 -0.02742201 -0.12165741
v 0.00362701 -0.02425550 -0.10774431
v 0.00235507 -0.03087740 -0.07755350
v 0.03133227 0.00379954 0.17065193
v 0.03126686 0.00951734 0.16097205
v 0.03118834 0.00807950 0.16276221
v -0.00791803 -0.03770523 -0.17677133
v -0.00770908 -0.03727715 -0.17651717
v -0.00584182 -0.03637968 -0.16679885
v -0.00553317 -0.03427040 -0.16697273
v -0.00527486 -0.03685436 -0.15412414
v -0.00525086 -0.03693741 -0.15401366
v -0.00555148 -0.03681329 -0.15459716
v -0.00521766 -0.03681108 -0.15405647
v -0.00539381 -0.03743243 -0.15059939
v -0.00564650 -0.03652093 -0.15106605
v -0.00451862 -0.03656987 -0.14703475
v -0.00185171 -0.03325638 -0.15092208
v -0.00472042 -0.03630413 -0.14198364
v -0.00501140 -0.03592764 -0.14160142
v 0.00293811 -0.01986318 -0.09591613
v 0.00305937 -0.01646657 -0.08762328
v 0.00470315 -0.01931530 -0.09479743
v 0.03107559 0.00638147 0.17140579
v -0.01034161 -0.04279209 -0.18827079
v -0.00722071 -0.03874094 -0.17316648
v -0.00475880 -0.03544432 -0.13934603
v 0.02391753 0.01292305 0.12324451
v 0.02630851 0.01256132 0.15073699
v 0.02431779 0.01344116 0.13928965
v 0.02948647 0.00512570 0.17000940
v 0.02861474 0.00842514 0.16332552
v 0.03009279 0.00656136 0.17042536
v -0.01020699 -0.04117510 -0.17618488
v 0.00364710 -0.02750639 -0.11884656
v 0.00125037 -0.01608268 -0.08466098
v 0.00193354 -0.02887811 -0.06804215
v 0.00305954 -0.02443577 -0.04850332
v 0.00204816 -0.01870651 -0.03025481
v 0.02331441 0.01278542 0.11893290
v 0.02406317 0.01340142 0.12866603
v 0.02514718 0.01446909 0.13573106
v 0.02531931 0.01217724 0.14924292
v 0.02604422 0.01145680 0.14815229
v 0.02729521 0.00988767 0.15863831
v 0.02553513 0.01181198 0.15067091
v -0.01557207 -0.04797497 -0.19358247
v -0.01256417 -0.04203923 -0.18610132
v -0.01381740 -0.04581517 -0.19162905
v -0.01340747 -0.03832123 -0.18157513
v -0.01156733 -0.03046512 -0.15862874
v -0.01073105 -0.04465634 -0.14147472
v -0.01089098 -0.04365608 -0.15596281
v -0.00673556 -0.03215505 -0.12278364
v -0.00304825 -0.02140471 -0.09917904
v -0.00250453 -0.02073472 -0.09721744
v -0.00352666 -0.02079106 -0.09676885
v 0.00077819 -0.01454059 -0.07933100
v 0.00080308 -0.02775565 -0.06156942
v 0.00199777 -0.01509804 -0.04973030
v 0.00254401 -0.02113245 -0.03878153
v 0.00463539 -0.01791583 -0.04827657
v 0.02006635 0.00952039 0.10376981
v 0.02209175 0.01129430 0.11361463
v 0.02063759 0.00983309 0.10667616
v 0.01815373 0.00740556 0.09503067
v 0.02230018 0.01407633 0.13083214
v 0.02252562 0.01498212 0.13533283
v 0.02282749 0.01458550 0.13632622
v 0.02481134 0.01295385 0.14492457
v 0.02454760 0.01358924 0.14702075
v 0.02467096 0.01311146 0.14770138
v -0.01614391 -0.04701647 -0.19302420
v -0.01681994 -0.04633874 -0.19260134
v -0.01734722 -0.04689924 -0.19292746
v -0.01554325 -0.04658209 -0.19098392
v -0.01683304 -0.04311432 -0.19042151
v -0.01523800 -0.03989718 -0.18612914
v -0.01524020 -0.03926050 -0.18516109
v -0.01567425 -0.04403132 -0.16333246
v -0.01020849 -0.04485437 -0.13887752
v -0.02252393 -0.03885699 -0.11586931
v -0.00636484 -0.04486431 -0.13503446
v -0.00284244 -0.03516387 -0.06495272
v 0.00208915 -0.01487328 -0.04094723
v 0.00096118 -0.01521255 -0.03537012
v 0.00108182 -0.01543568 -0.03812506
v 0.00246012 -0.02098152 -0.03749479
v 0.00242677 -0.02030523 -0.03496280
v 0.00201307 -0.02024094 -0.03214113
v 0.00201686 -0.02040895 -0.03319427
v 0.00196629 -0.02027595 -0.03214391
v 0.00231183 -0.01973192 -0.03384576
v 0.00207584 -0.01997579 -0.03165568
v 0.00391814 -0.01543036 -0.03689734
v 0.00380734 -0.01639700 -0.03775494
v 0.00301552 -0.01716907 -0.02537998
v 0.01801245 0.01016276 0.11087327
v 0.01745058 0.00756298 0.10008046
v 0.01927009 0.01000526 0.11148570
v 0.02007846 0.01257896 0.12215124
v 0.02435462 0.01635085 0.13700834
v -0.01157185 -0.02271946 -0.10014004
v -0.00480016 -0.01789165 -0.08878725
v -0.00328735 -0.03468930 -0.06360020
v -0.00336395 -0.03265798 -0.05685591
v 0.00046233 -0.01589753 -0.03429543
v 0.00053671 -0.01568795 -0.03243647
v 0.00177714 -0.01711568 -0.00868679
v 0.01318837 0.00308458 0.07109778
v 0.01395256 0.00408149 0.07449861
v 0.01099596 0.00053193 0.06414016
v 0.01427941 0.00383202 0.07884497
v 0.01350031 0.00408251 0.07311083
v 0.01403684 0.00504903 0.07663692
v 0.01633324 0.00921316 0.09875798
v 0.01906316 0.01261960 0.11851707
v 0.01597891 0.00947749 0.10247329
v 0.01965216 0.01338973 0.12123795
v 0.01791280 0.01160868 0.11256822
v -0.01292655 -0.02432669 -0.14188425
v -0.00482438 -0.03070396 -0.05151013
v -0.00430128 -0.03185532 -0.05500558
v -0.00412872 -0.03085714 -0.05168740
v -0.00409734 -0.02772124 -0.04311352
v -0.00107402 -0.02035795 -0.02379753
v 0.00099349 -0.01684922 -0.01765050
v 0.00203704 -0.01578466 -0.00015782
v 0.00193241 -0.01642916 -0.00447707
v 0.00196845 -0.01595243 0.00157208
v 0.00196786 -0.01545855 0.00172821
v 0.00204270 -0.01579000 0.00184682
v 0.00194726 -0.01579376 0.00256992
v 0.00222506 -0.01432100 0.01026428
v 0.01434180 0.00583537 0.09078590
v 0.01311306 0.00659685 0.08844616
v 0.01017390 0.00253193 0.07203499
v 0.01566042 0.00881134 0.09607115
v 0.01518740 0.00724022 0.09672909
v 0.01430171 0.00734125 0.09382807
v 0.01548160 0.00836507 0.09970701
v -0.01701902 -0.04144321 -0.18854833
v -0.01277314 -0.02487675 -0.14080046
v -0.01308031 -0.02392396 -0.13911963
v -0.01353980 -0.02283670 -0.13429571
v -0.01362803 -0.02291541 -0.13459420
v -0.00618371 -0.01825279 -0.07817302
v -0.00252741 -0.02258675 -0.03255252
v 0.00148691 -0.01540873 -0.00087202
v 0.00204857 -0.01511850 0.00994942
v 0.00195842 -0.01321156 0.01338402
v 0.00217570 -0.01169448 0.02214509
v 0.00218335 -0.01159325 0.02259276
v 0.00224503 -0.01171484 0.02134234
v 0.00487449 -0.00486256 0.04334571
v 0.00736854 0.00032089 0.06085968
v 0.01221411 0.00606918 0.08393640
v 0.01106901 0.00481196 0.07862241
v -0.01593833 -0.03603328 -0.17910325
v -0.01571331 -0.02292518 -0.13218508
v -0.00507299 -0.01740472 -0.08795478
v -0.00227217 -0.01690654 -0.01808726
v -0.00188335 -0.01679990 0.00161900
v 0.00138623 -0.01404214 0.01656570
v 0.00151843 -0.01148518 0.02033673
v 0.00199920 -0.01109101 0.02230175
v 0.00206352 -0.01109880 0.02246500
v 0.00179045 -0.01152876 0.02070086
v 0.00200656 -0.01063148 0.02344724
v 0.00277351 -0.00895712 0.02870883
v 0.00397357 -0.00588305 0.03788471
v 0.00433197 -0.00523885 0.04022351
v 0.00286466 -0.00828737 0.03012078
v 0.00461738 -0.00534631 0.04257527
v 0.00464860 -0.00405113 0.05284257
v 0.00489181 -0.00256441 0.05861987
v -0.01654378 -0.02746842 -0.15108100
v -0.00337696 -0.01693311 0.00794920
v -0.00317947 -0.01522739 0.00667041
v -0.00188553 -0.01559066 0.00702196
v -0.00171390 -0.01465331 0.01160959
v -0.00145029 -0.01463566 0.01207637
v -0.00103176 -0.01349403 0.01750710
v -0.00088892 -0.01321297 0.01881851
v 0.00017243 -0.01200239 0.02044526
v -0.00167847 -0.01155888 0.02126554
v 0.00384390 -0.00250973 0.05198133
v -0.00327295 -0.01409453 -0.06680982
v -0.00267923 -0.01265433 0.01684219
v -0.00215087 -0.01583842 0.01107069
v 0.00277651 -0.00483262 0.04049992
v -0.00092895 -0.00976487 0.02696817
v -0.00111857 -0.00661157 0.03278790
v 0.00163025 -0.00553298 0.03729079
v -0.00005594 -0.00572442 0.03730383
v 0.00133482 -0.00519356 0.03911277
v 0.00083476 -0.00311480 0.04419063
v 0.00078813 -0.00289341 0.04517959
v 0.00077474 -0.00298452 0.04517008
v -0.01646382 -0.01774443 -0.10107787
v -0.01637583 -0.01804934 -0.10180800
v -0.01645160 -0.01963299 -0.09605229
v -0.00962458 -0.02264168 -0.03528301
v -0.01036260 -0.02277921 -0.03707034
v -0.01020103 -0.02240139 -0.03397778
v -0.00987762 -0.02175474 -0.03071273
v -0.00880043 -0.02266311 -0.03120282
v -0.01002699 -0.01707484 -0.02027979
v -0.00737565 -0.01690197 -0.01139270
v -0.00706298 -0.01624727 -0.00370525
v -0.00514093 -0.01451968 0.01742803
v -0.00274018 -0.01142721 0.02052721
v -0.00332113 -0.01112716 0.02140954
v -0.00392260 -0.01342703 0.01511551
v -0.00214784 -0.00749454 0.03154249
v -0.00211453 -0.00683274 0.03266753
v -0.00206554 -0.00783866 0.03062576
v -0.00027269 -0.00305698 0.04205408
v -0.00026551 -0.00311117 0.04198863
v 0.00066501 -0.00156540 0.04589781
v 0.00193745 0.00235681 0.05540602
v -0.00032919 -0.00101984 0.04619708
v -0.01712368 -0.01726806 -0.09395376
v -0.01648811 -0.01931791 -0.09669458
v -0.01711870 -0.01732376 -0.09322449
v -0.01512064 -0.02669966 -0.05731483
v -0.01406018 -0.02553587 -0.05132785
v -0.01316124 -0.02453444 -0.04460065
v -0.01283277 -0.02444636 -0.04439012
v -0.01346506 -0.02336410 -0.03966224
v -0.01321053 -0.02272172 -0.03575460
v -0.01035830 -0.02134434 -0.02397342
v -0.00952963 -0.01911894 -0.00958902
v -0.00724049 -0.01564714 0.00170281
v -0.00727105 -0.01559802 0.00205163
v -0.00695158 -0.01536389 0.00375969
v -0.00388917 -0.01512705 0.00636540
v -0.00488263 -0.01346792 0.01380889
v -0.00498941 -0.01158763 0.01969111
v -0.00463161 -0.01020507 0.02430138
v -0.00450567 -0.00876236 0.02794420
v -0.00271427 -0.00639147 0.03410668
v -0.00452288 -0.00729826 0.03115345
v -0.00310888 -0.00706049 0.03450599
v -0.00213649 -0.00919888 0.03201494
v -0.00333530 -0.00561494 0.03595301
v -0.00251522 -0.00461895 0.04082246
v -0.00210154 -0.00407881 0.04004133
v -0.00330774 -0.00476077 0.04111709
v -0.00007162 -0.00379182 0.04470229
v -0.00189681 -0.00285066 0.04279207
v -0.00102113 0.00294962 0.06074895
v -0.00069096 0.00258342 0.05390364
v -0.00010163 0.00482526 0.06120838
v 0.00101902 0.00587571 0.07044740
v 0.00117352 0.00559417 0.06695846
v 0.00131281 0.00584994 0.07051100
v 0.00058486 0.00596205 0.06812591
v 0.00092023 0.00590820 0.07030915
v 0.00246416 0.00476363 0.07421801
v -0.01375783 -0.02397738 -0.04323679
v -0.01712318 -0.02103241 -0.04142959
v -0.01200606 -0.01773784 -0.02007072
v -0.01145776 -0.01879070 -0.01060101
v -0.01116583 -0.02096408 -0.02027106
v -0.01016829 -0.01455164 0.00416406
v -0.00845495 -0.01584265 0.00924165
v -0.00889413 -0.01665451 0.00607000
v -0.00806760 -0.01193283 0.01844043
v -0.00376870 -0.00332588 0.04423347
v -0.00360237 -0.00348199 0.04427259
v -0.00181287 -0.00214888 0.04725604
v -0.00125305 0.00386214 0.05916280
v -0.00120499 0.00361664 0.06288215
v 0.00049064 0.00604248 0.06891366
v 0.00017883 0.00586348 0.06634520
v -0.00045123 0.00542846 0.07257300
v 0.00007232 0.00576297 0.07254135
v 0.00083988 0.00576637 0.07376861
v 0.00066176 0.00583388 0.07366020
v 0.00099320 0.00562172 0.07734340
v 0.00051741 0.00575329 0.07473638
v 0.00057491 0.00558539 0.07786535
v 0.00051399 0.00554473 0.08115744
v 0.00092215 0.00553432 0.08154812
v 0.00077301 0.00585102 0.08338545
v 0.00097450 0.00593429 0.08531387
v -0.01478956 -0.01622395 -0.05093551
v -0.01506930 -0.02076212 -0.03621907
v -0.00758759 -0.01548460 0.00457870
v -0.00756914 -0.00779190 0.03044089
v -0.00746034 -0.01123007 0.02814464
v -0.00613274 -0.00958316 0.02961353
v -0.00631354 -0.00787404 0.03256180
v -0.00629405 -0.00731081 0.03369994
v -0.00504645 -0.00241826 0.04510931
v 0.00043174 0.00269246 0.05966115
v -0.00108458 0.00343024 0.06282882
v -0.00071567 0.00552850 0.07693464
v 0.00077027 0.00627071 0.08820308
v 0.00097514 0.00619221 0.08835704
v 0.00114278 0.00616059 0.08887616
v 0.00028056 0.00639869 0.08759884
v 0.00061456 0.00690236 0.09579274
v 0.00148941 0.00694410 0.09762423
v 0.00284207 0.00805339 0.10867391
v -0.01075433 -0.01316640 0.01441832
v -0.00714813 -0.00847426 0.03692720
v -0.00810880 -0.00828663 0.03797426
v -0.00089221 0.00484842 0.08265667
v 0.00000220 0.00493496 0.09997033
v -0.00107227 0.00534943 0.08710296
v -0.00102781 0.00517484 0.09238679
v -0.00109486 0.00573382 0.08654926
v -0.00077967 0.00609199 0.08848032
v 0.00166444 0.00851526 0.10967088
v 0.00278751 0.00824350 0.11351077
v 0.00254732 0.00881478 0.11727856
v 0.00154891 0.00942461 0.11696729
v 0.00073961 0.00935363 0.11900825
v 0.00253621 0.00892131 0.11544471
v 0.00205828 0.01033373 0.12269197
v 0.00234283 0.00883462 0.11894931
v -0.00896275 -0.00604003 0.03761481
v -0.00849934 -0.00528922 0.04135303
v -0.00824758 -0.00317967 0.05057297
v -0.00678826 -0.00413492 0.04135513
v -0.00789891 -0.00293064 0.04665411
v -0.00579793 -0.00194697 0.04730881
v -0.00843277 -0.00227006 0.04853870
v -0.00865647 0.00150193 0.05758459
v 0.00060174 0.00877840 0.12173272
v 0.00177749 0.01061116 0.12744842
v 0.00188842 0.01042600 0.13139659
v 0.00221623 0.00473035 0.15183742
v 0.00091282 0.00333995 0.15076712
v -0.01607660 -0.00265925 0.05330033
v -0.00847235 -0.00071509 0.05053274
v -0.00653290 -0.00225716 0.05125871
v 0.00099327 0.00904965 0.13160463
v -0.00113090 0.00989969 0.12466842
v -0.00001502 0.01001531 0.12602471
v -0.00026233 0.00476257 0.15919981
v 0.00221825 0.00388634 0.15443515
v 0.00238269 0.00414960 0.15907894
v 0.00235856 0.00379722 0.16395282
v 0.00202728 -0.00144607 0.17607226
v -0.00902658 -0.00278797 0.05096746
v -0.00181907 0.00931908 0.13486597
v 0.00022986 0.00979820 0.13732795
v -0.00145278 0.00921183 0.13824968
v -0.00163921 0.00754586 0.13996808
v -0.00162201 0.00580937 0.14725178
v 0.00036644 0.00432294 0.15197305
v -0.00182475 0.00790561 0.14113417
v -0.00159444 0.00613114 0.14668237
v 0.00182408 0.00360184 0.16973359
v 0.00113922 0.00284116 0.16541919
v -0.00058678 0.00216246 0.17082596
v 0.00135510 0.00278226 0.17181986
v 0.00127821 -0.00216429 0.17816417
v -0.01039034 0.00109531 0.05406141
v -0.01247139 0.00507571 0.06464937
v -0.01067565 0.00359716 0.06173463
v -0.00978271 0.00391774 0.06286751
v -0.01050183 0.00637181 0.06629243
v -0.00037036 0.00363673 0.16846536
v -0.00085039 0.00207430 0.17279541
v -0.01215714 0.00409199 0.06130125
v -0.01214537 0.00373596 0.05928800
v -0.01083565 0.00271993 0.05541842
v -0.01130348 0.00492826 0.06715750
v -0.01066353 0.00628807 0.06958101
v -0.01265905 -0.00388972 0.04779307
v -0.01744405 -0.00276682 0.05613107
v -0.01333147 0.00577621 0.06500004
v -0.01366107 0.00617866 0.06672926
v -0.01186557 0.00636801 0.06414413
v -0.01218620 0.00529470 0.06986867
v -0.01261594 0.00563670 0.07263773
v -0.01300933 0.00553105 0.07262759
v -0.01287469 0.00597790 0.07446675
v -0.01146005 0.00702142 0.07433522
v -0.01160442 0.00694486 0.07625651
v -0.01333431 0.00573194 0.07486208
v -0.01340257 0.00591140 0.07654766
v -0.01308499 0.00592987 0.07510919
v -0.01365662 0.00588457 0.07746315
v -0.01357041 0.00597790 0.07802248
v -0.01388411 0.00597872 0.07960241
v -0.01196176 0.00683620 0.07958802
v -0.01261501 0.00721792 0.08368517
v -0.01328332 0.00661834 0.08857916
v -0.01378510 0.00617411 0.06749700
v -0.01441006 0.00666890 0.07050020
v -0.01503213 0.00656663 0.07611767
v -0.01389109 0.00623646 0.08281448
v -0.01459302 0.00762697 0.08664229
v -0.01397229 0.00748793 0.08951298
v -0.01905207 -0.00376700 0.05524066
v -0.01992611 -0.00116840 0.05883517
v -0.01622495 0.00699856 0.09569870
v -0.01566885 0.00704725 0.09873866
v -0.02190635 -0.00284829 0.06033095
v -0.01643623 0.00699957 0.09336243
v -0.01640848 0.00693048 0.09529670
v -0.01428318 0.00691236 0.09490193
v -0.01520985 0.00561197 0.09821460
v -0.01844573 0.00614270 0.09883080
v -0.01849356 0.00524879 0.10281936
v -0.01749238 0.00628115 0.10427799
v -0.02232667 -0.00001381 0.06508951
v -0.02396041 0.00039503 0.06778326
v -0.01827335 0.00482953 0.10424655
v -0.01897298 0.00585082 0.10462084
v -0.01868796 0.00573807 0.10183722
v -0.01759959 0.00819099 0.12269717
v -0.02416405 0.00009968 0.06684050
v -0.02499376 0.00055402 0.06918934
v -0.01770434 0.00470300 0.10835336
v -0.01840284 0.00807391 0.12925214
v -0.01867803 0.00839348 0.12991252
v -0.02606267 0.00294379 0.08053709
v -0.01964991 0.00890513 0.12709838
v -0.01895779 0.00737444 0.12752727
v -0.02060855 0.00634641 0.12975568
v -0.01925672 0.00776285 0.13213184
v -0.01909756 0.00660014 0.13447656
v -0.01940027 0.00581652 0.13657085
v -0.01943117 0.00500859 0.13481796
v -0.01951826 0.00322372 0.14152498
v -0.01989576 0.00225560 0.14302337
v -0.02115395 0.00150290 0.14121334
v -0.02761909 0.00065300 0.07440901
v -0.02746055 0.00264099 0.08623922
v -0.02137227 0.00658795 0.12674807
v -0.02121443 0.00698140 0.11952743
v -0.02119569 0.00681761 0.12392726
v -0.02215916 0.00716087 0.12900981
v -0.02103697 0.00599874 0.12983997
v -0.02173456 0.00370479 0.13616150
v -0.02125288 0.00141386 0.14144611
v -0.02177094 0.00368769 0.13610578
v -0.02094230 0.00105948 0.15188617
v -0.02253319 0.00024445 0.15017733
v -0.02180661 -0.00081648 0.15902172
v -0.02201507 -0.00088328 0.15940894
v -0.02234402 -0.00476531 0.16506776
v -0.02942670 0.00100913 0.08064085
v -0.02602578 0.00223068 0.07594351
v -0.02277693 0.00081335 0.14493759
v -0.02421138 0.00013981 0.15342795
v -0.02274596 -0.00042711 0.15523870
v -0.02340202 -0.00081719 0.15650190
v -0.02340781 -0.00091138 0.15641055
v -0.02408470 -0.00380492 0.16067979
v -0.02495314 -0.00061660 0.15756408
v -0.02518225 -0.00210673 0.16052652
v -0.02484573 -0.00849761 0.16827070
v -0.02529016 -0.00951596 0.17164232
v -0.02247924 -0.00749175 0.16941966
v -0.02301710 -0.00925529 0.17203152
v -0.02376730 -0.00938645 0.17214921
v -0.03224106 0.00189099 0.09756500
v -0.03749876 0.00145532 0.10588632
v -0.03681240 0.00128218 0.10329332
v -0.03660755 0.00194831 0.11259457
v -0.03905829 0.00256357 0.11145139
v -0.03775659 0.00087731 0.11642881
v -0.04188634 -0.00267013 0.13233244
v -0.04407189 -0.00294993 0.13888192
v -0.04417163 -0.00253381 0.12881421
v -0.04571933 -0.00269768 0.13359477
v -0.04572619 -0.00263328 0.13390963
v -0.04942969 -0.00542809 0.14654788
v -0.04925413 -0.00690188 0.14864059
v 0.00991697 -0.03052349 -0.11678672
v -0.00111520 -0.03718863 -0.14891484
v 0.00111337 -0.03677651 -0.14254317
v 0.03295656 0.00482168 0.17041619
v 0.03211357 0.00739725 0.16569810
v 0.03257674 0.00470240 0.17056634
v 0.03239694 0.00580206 0.17013320
v 0.03187347 0.00563577 0.17046201
v -0.00530024 -0.03647391 -0.14889825
v -0.00499119 -0.03675185 -0.15313917
v -0.00452555 -0.03693719 -0.15215334
v -0.00400086 -0.03693754 -0.15032500
v -0.00340401 -0.03698626 -0.14794733
v -0.00345576 -0.03711850 -0.14788147
v -0.00347854 -0.03703219 -0.14769860
v -0.00347107 -0.03704795 -0.14784139
v 0.00379033 -0.01917039 -0.09461288
v 0.03129798 0.00921300 0.16240987
v 0.03094927 0.00728469 0.16787052
v 0.03174284 0.00618210 0.17123628
v 0.03168634 0.00617424 0.17129149
v -0.00982414 -0.04183608 -0.18627333
v -0.01370922 -0.04547084 -0.19133776
v -0.00958235 -0.03966732 -0.18293358
v -0.00954778 -0.04125927 -0.18557554
v -0.00816624 -0.03842489 -0.17801814
v -0.00807961 -0.03812538 -0.17739950
v -0.00774078 -0.03732495 -0.17592677
v -0.00547027 -0.03669261 -0.15438515
v -0.00403813 -0.03746725 -0.14939256
v -0.00561635 -0.03674092 -0.15462378
v -0.00579967 -0.03669884 -0.15483848
v -0.00594177 -0.03661193 -0.15449149
v -0.00551649 -0.03730442 -0.15232518
v -0.00512236 -0.03681397 -0.15351474
v -0.00519132 -0.03677161 -0.15368485
v -0.00521510 -0.03668344 -0.15368064
v -0.00525273 -0.03667079 -0.15341242
v -0.00608350 -0.03672687 -0.15377159
v -0.00588428 -0.03658475 -0.15206355
v -0.00545691 -0.03660859 -0.14733888
v -0.00569796 -0.03653750 -0.14980222
v -0.00571041 -0.03648858 -0.15053201
v -0.00541825 -0.03649239 -0.14731449
v -0.00401172 -0.02970160 -0.14870049
v -0.00527680 -0.03635457 -0.14642860
v -0.00521288 -0.03631737 -0.14554645
v -0.00522794 -0.03640573 -0.14545790
v -0.00498386 -0.03605414 -0.14342313
v -0.00404442 -0.03673679 -0.14523445
v -0.00409271 -0.03651762 -0.14425863
v -0.00403077 -0.03680034 -0.14523235
v -0.00430080 -0.03602514 -0.13918588
v -0.00459107 -0.03618903 -0.14419915
v -0.00449191 -0.03662636 -0.14276405
v -0.00431816 -0.03660943 -0.14258568
v -0.00496184 -0.03616879 -0.14450258
v -0.00510055 -0.03618292 -0.14392687
v -0.00516120 -0.03631154 -0.14441042
v -0.00498677 -0.03604823 -0.14335798
v -0.00504125 -0.03586905 -0.14225774
v -0.00411289 -0.03585979 -0.13991290
v -0.00397373 -0.03565779 -0.13582754
v -0.00407342 -0.03551656 -0.13568605
v -0.00404067 -0.03542998 -0.13567926
v -0.00383982 -0.03559617 -0.13593498
v -0.00399196 -0.03563896 -0.13608345
v -0.00431887 -0.03565408 -0.13701066
v -0.00424398 -0.03552638 -0.13555849
v -0.00457274 -0.03565440 -0.13765524
v -0.00417476 -0.03528208 -0.13579695
v -0.00435317 -0.03522351 -0.13562882
v -0.00335131 -0.03547156 -0.13056402
v -0.00330853 -0.03538276 -0.13101076
v -0.00335045 -0.03554808 -0.13081327
v -0.00326467 -0.03535909 -0.13174595
v -0.00351271 -0.03528118 -0.13152777
v -0.00323575 -0.03537573 -0.13152469
v -0.00376241 -0.03521858 -0.13153107
v -0.00332367 -0.03550994 -0.12978598
v -0.00337970 -0.03538856 -0.13015763
v -0.00323849 -0.03549105 -0.12979157
v -0.00367287 -0.03531529 -0.13118108
v -0.00338537 -0.03538132 -0.13016965
v 0.00181008 -0.01587453 -0.08524119
v 0.00437480 -0.01906691 -0.09444388
v 0.03005645 0.01100737 0.15421338
v 0.02927819 0.01199227 0.15009491
v 0.02862321 0.01309288 0.14639964
v 0.03151982 0.00440019 0.17081466
v 0.03134723 0.00476490 0.17053643
v 0.03092056 0.00457571 0.17067647
v 0.02993407 0.00484885 0.17044304
v 0.03063132 0.00549565 0.17061083
v 0.02974088 0.00493498 0.17041555
v 0.03072512 0.00636971 0.17156734
v 0.03039849 0.00616771 0.17150816
v 0.03038354 0.00635474 0.17128952
v -0.01158123 -0.04434103 -0.19027592
v -0.01094966 -0.04342153 -0.18937951
v -0.01259493 -0.04512291 -0.19152047
v -0.00489096 -0.03546948 -0.13821743
v -0.00476930 -0.03551683 -0.13782568
v -0.00480606 -0.03528985 -0.13767172
v -0.00477778 -0.03526179 -0.13790285
v -0.00469114 -0.03520246 -0.13673372
v -0.00457030 -0.03545048 -0.13646658
v -0.00443093 -0.03543660 -0.13558535
v -0.00419127 -0.02308496 -0.09812042
v -0.00022101 -0.02669136 -0.12068500
v 0.00303913 -0.01536492 -0.08097608
v 0.00166991 -0.01650274 -0.08590885
v 0.02488435 0.01465695 0.12694156
v 0.02563229 0.01508857 0.13091730
v 0.02523413 0.01471910 0.12813940
v 0.02623578 0.01554898 0.13460104
v 0.02644223 0.01542215 0.13512208
v 0.03157340 0.00829893 0.16278324
v 0.02754370 0.01459979 0.14061795
v 0.02703560 0.01512119 0.13784495
v 0.02828417 0.00916808 0.16427763
v 0.02738760 0.01010591 0.16080192
v 0.02772728 0.00947628 0.16254899
v 0.02802607 0.00920300 0.16377921
v 0.02810462 0.00933527 0.16374898
v 0.02850167 0.00877605 0.16544202
v 0.02982639 0.00651512 0.17032751
v 0.03037638 0.00620223 0.17152330
v -0.01289645 -0.04551413 -0.19141562
v 0.00184612 -0.01551541 -0.08447124
v -0.00113404 -0.02965975 -0.05813664
v 0.00410062 -0.01595514 -0.04220156
v 0.02356132 0.01336238 0.12077786
v 0.02369180 0.01327989 0.12086071
v 0.02407595 0.01330627 0.12341431
v 0.02119474 0.01014206 0.11007986
v 0.02471686 0.01303223 0.14373366
v 0.02576907 0.01172426 0.14610496
v 0.02463790 0.01385064 0.14699941
v 0.02618936 0.01117379 0.15523067
v 0.02580708 0.01150418 0.15142412
v 0.02475130 0.01378120 0.14725617
v 0.02594144 0.01164985 0.15189640
v 0.02658953 0.01122469 0.15705223
v 0.02617490 0.01120373 0.15532766
v 0.02695604 0.01051389 0.15906502
v 0.02708395 0.01048333 0.15954949
v 0.02691848 0.01080855 0.15855585
v -0.01516811 -0.04782335 -0.19340949
v -0.01221169 -0.04497243 -0.19135839
v -0.01477261 -0.04633223 -0.19176278
v -0.01519872 -0.04640615 -0.19175288
v -0.01500653 -0.04637090 -0.19176030
v -0.01484198 -0.04628122 -0.19166666
v -0.01128948 -0.04377628 -0.15267427
v -0.01062032 -0.04425804 -0.14643931
v -0.01024383 -0.04450674 -0.14411257
v -0.01081172 -0.04361287 -0.15542606
v -0.01097019 -0.04384276 -0.15176278
v -0.00642037 -0.03179832 -0.12311019
v -0.00638832 -0.03242181 -0.12292671
v -0.00654505 -0.03160404 -0.12293592
v -0.00684689 -0.03218319 -0.12272040
v -0.00702337 -0.03228062 -0.12279237
v -0.00701736 -0.03206863 -0.12280119
v -0.00697178 -0.03186278 -0.12312761
v -0.00667294 -0.03158087 -0.12296742
v -0.00364901 -0.02028770 -0.09590450
v -0.00391201 -0.01969093 -0.09418164
v 0.00095476 -0.02746331 -0.05792497
v 0.00021804 -0.02694867 -0.05673701
v 0.00379634 -0.01527918 -0.03858782
v 0.00327280 -0.01601684 -0.02931787
v 0.00333304 -0.01517043 -0.03447593
v 0.01846066 0.00958698 0.10228703
v 0.02580964 0.01452175 0.13165358
v 0.01479756 0.00477800 0.08524692
v 0.01518471 0.00456509 0.08359696
v 0.01774572 0.00837025 0.09565678
v 0.01897379 0.00961649 0.10264208
v 0.02581112 0.01269785 0.15089686
v 0.02366030 0.01412872 0.14187567
v 0.02487501 0.01263963 0.14831205
v 0.02465001 0.01346265 0.14768378
v -0.01656810 -0.04549948 -0.19026572
v -0.01651624 -0.04341053 -0.19024143
v -0.01652667 -0.04409446 -0.19049466
v -0.01694662 -0.04345888 -0.19061816
v -0.01629955 -0.04552139 -0.19037166
v -0.01732543 -0.04529840 -0.19115262
v -0.01704335 -0.04399558 -0.19008287
v -0.01714586 -0.04460464 -0.19085974
v -0.01660360 -0.04303579 -0.19016849
v -0.01703989 -0.04377624 -0.19069009
v -0.01598388 -0.03982672 -0.18904766
v -0.01552162 -0.03859116 -0.18756141
v -0.01514855 -0.03834882 -0.18488114
v -0.01755556 -0.04021155 -0.17492899
v -0.01467790 -0.03521420 -0.17826112
v -0.01568167 -0.04012938 -0.18686542
v -0.00376587 -0.03367701 -0.06073365
v -0.00412935 -0.03297633 -0.05869293
v -0.00268858 -0.03569138 -0.06726488
v 0.00024478 -0.02636797 -0.05205999
v 0.00130068 -0.01512416 -0.03777028
v 0.00037320 -0.01588211 -0.03546407
v 0.00085833 -0.01544019 -0.03523225
v 0.00210111 -0.02016069 -0.03207805
v 0.00077036 -0.02107488 -0.03171887
v 0.00181622 -0.01548733 -0.03321708
v 0.00283463 -0.01676169 -0.02324425
v 0.00341304 -0.01609404 -0.02951373
v 0.01686184 0.00602069 0.08928526
v 0.01419994 0.00377138 0.07599566
v 0.01413646 0.00416744 0.07530236
v 0.01513852 0.00542130 0.08177908
v 0.01624571 0.00581741 0.08622067
v 0.01631540 0.00687336 0.08802657
v 0.01747152 0.00777545 0.09293701
v 0.01487176 0.00606603 0.08170980
v -0.01686269 -0.04174817 -0.18964934
v -0.01648233 -0.04061537 -0.18924548
v -0.00405416 -0.01887700 -0.09208846
v 0.00137986 -0.01500296 -0.03507616
v 0.00023699 -0.01608229 -0.03171336
v 0.00013552 -0.01621216 -0.03099763
v 0.00038661 -0.01587377 -0.03085628
v 0.00260573 -0.01708092 -0.02087077
v 0.00204318 -0.01763206 -0.01680727
v 0.01201391 0.00166898 0.07055697
v 0.00609232 -0.00423768 0.05085378
v 0.01684604 0.01051788 0.10606701
v 0.01591758 0.00959355 0.10184748
v 0.01667783 0.01034209 0.10582582
v 0.01726154 0.01088675 0.10891642
v 0.01762417 0.01133458 0.11072217
v 0.01680659 0.01051315 0.10618262
v 0.02032206 0.01144240 0.11019968
v -0.01297359 -0.02411474 -0.14114635
v 0.00114800 -0.02010324 -0.02862302
v 0.00213787 -0.01792611 -0.01837320
v 0.00093515 -0.01884833 -0.01898188
v 0.00159289 -0.01734308 -0.00905221
v -0.00007850 -0.02007998 -0.02328060
v 0.00183804 -0.01700849 -0.00868076
v 0.00184585 -0.01550552 -0.00054955
v 0.00161152 -0.01613106 0.00353483
v 0.00174174 -0.01581664 -0.00222870
v 0.00203135 -0.01567294 -0.00022562
v 0.00150769 -0.01413128 0.00943433
v 0.00203514 -0.01546280 0.00136872
v 0.00209241 -0.01514431 0.00758878
v 0.00221608 -0.01416084 0.00969335
v 0.00934776 -0.00162965 0.06082071
v 0.01023576 0.00397363 0.06934163
v -0.01491939 -0.02040697 -0.11701356
v -0.01506567 -0.02099794 -0.11284118
v -0.01323372 -0.02398953 -0.12816399
v -0.01331419 -0.02340841 -0.13185135
v -0.00816869 -0.01543834 -0.06439077
v 0.00218355 -0.01377998 0.01436657
v 0.00203730 -0.01286158 0.01849369
v 0.00200874 -0.01297206 0.01867374
v 0.00208351 -0.01333102 0.01704409
v 0.00211284 -0.01115952 0.02268866
v 0.00805966 -0.00277790 0.05658041
v 0.00692076 -0.00376024 0.05401581
v 0.00644498 -0.00404238 0.05215469
v 0.01039194 0.00392784 0.07559461
v 0.00983246 0.00356271 0.07231454
v 0.00233028 -0.00818211 0.02885083
v 0.00216372 -0.01046958 0.02432286
v 0.00431543 -0.00590424 0.03940854
v 0.00204722 -0.01033993 0.02583778
v -0.00104790 -0.01329154 0.01995239
v 0.00586826 -0.00332263 0.05182073
v 0.00514837 -0.00473448 0.04873988
v 0.00705998 0.00010923 0.06398650
v -0.01909971 -0.03818605 -0.16744792
v -0.01454492 -0.02081140 -0.12196915
v 0.00322661 -0.00280325 0.05059828
v 0.00439637 -0.00166685 0.05497226
v 0.00282822 -0.00297037 0.05070377
v 0.00680661 -0.00102156 0.06291298
v -0.00856724 -0.02415806 -0.03686366
v -0.00346033 -0.01421078 0.01056658
v -0.00543056 -0.01326265 0.01408185
v -0.00237678 -0.01119743 0.02120166
v -0.00102490 -0.00547906 0.03658101
v -0.00044848 -0.00507425 0.03783964
v 0.00010919 -0.00532676 0.03856347
v 0.00313407 -0.00303553 0.05242625
v 0.00017213 -0.00497346 0.03930898
v 0.00039888 -0.00463086 0.04047769
v 0.00021570 -0.00507156 0.04105898
v 0.00023746 -0.00504870 0.04102589
v 0.00073001 -0.00241285 0.04518635
v 0.00090123 -0.00092877 0.04958519
v -0.01149499 -0.02383758 -0.04278932
v -0.00920765 -0.02132552 -0.02613272
v -0.00717838 -0.01734181 -0.01291821
v -0.00418718 -0.01218367 0.01997095
v -0.00370277 -0.01083321 0.02398639
v -0.00270391 -0.00895378 0.02715256
v -0.00223015 -0.00741037 0.03092474
v -0.00218634 -0.00730497 0.03161226
v -0.00254204 -0.00808561 0.02923807
v -0.00205746 -0.00582734 0.03511377
v -0.00236927 -0.00629040 0.03391872
v -0.00244063 -0.00518862 0.03718618
v -0.00121427 -0.00455136 0.03931800
v -0.00129282 -0.00598963 0.03552285
v -0.00184282 -0.00546649 0.03654178
v -0.00187494 -0.00573622 0.03601138
v -0.00192520 -0.00617672 0.03517865
v -0.00172844 -0.00415757 0.04001116
v -0.00038120 -0.00416604 0.03977225
v -0.00089117 -0.00375535 0.04070600
v -0.00059729 -0.00293277 0.04219989
v -0.00001208 -0.00074945 0.04669638
v -0.00110961 -0.00562058 0.03616510
v -0.00085885 -0.00353838 0.04106490
v -0.00096053 -0.00327354 0.04205879
v -0.00080455 -0.00308481 0.04197920
v -0.00101802 -0.00321099 0.04239609
v -0.00127797 -0.00349685 0.04197885
v 0.00061871 -0.00079423 0.04664977
v 0.00103928 0.00101985 0.05038304
v 0.00191594 0.00535047 0.06308275
v 0.00173965 0.00355646 0.06230918
v 0.00215122 0.00463915 0.08770652
v 0.00093230 0.00549910 0.06503875
v 0.00218681 0.00485853 0.06291241
v 0.00211746 0.00576209 0.06870336
v 0.00247255 0.00553426 0.07392252
v -0.01687268 -0.01741661 -0.09606565
v -0.01675866 -0.01748353 -0.09777667
v -0.01688729 -0.01742299 -0.09642235
v -0.01276416 -0.02496555 -0.04861388
v -0.01229849 -0.02278288 -0.03063810
v -0.01298204 -0.02223734 -0.02941775
v -0.00943919 -0.01928721 -0.01191086
v -0.00860471 -0.01750217 -0.00122476
v -0.00903630 -0.01925891 -0.01307524
v -0.00832485 -0.01694205 0.00250461
v -0.00825352 -0.01543116 0.01115519
v -0.00827411 -0.01723809 0.00027847
v -0.00739051 -0.01471566 0.01069585
v -0.00600050 -0.00993524 0.02857128
v -0.00403343 -0.00439563 0.04338572
v -0.00450605 -0.00732067 0.03118545
v -0.00304283 -0.00648442 0.03517671
v -0.00269466 -0.00528990 0.03961214
v -0.00274315 -0.00617074 0.03456339
v -0.00247635 -0.00454754 0.03941341
v -0.00261374 -0.00459033 0.03984540
v -0.00303194 -0.00428100 0.04022706
v -0.00300804 -0.00415621 0.04018481
v -0.00271769 -0.00409806 0.04060303
v -0.00271452 -0.00443040 0.04012292
v -0.00304881 -0.00425590 0.04027998
v -0.00330245 -0.00508191 0.03945886
v -0.00160282 -0.00216587 0.04442599
v -0.00057915 0.00512072 0.06143865
v -0.00185816 -0.00246781 0.04358896
v -0.00268583 -0.00451489 0.04026951
v -0.00152953 -0.00075599 0.05088600
v -0.00152601 0.00241615 0.05679185
v -0.00028503 0.00534486 0.06287251
v 0.00164852 0.00556972 0.06751762
v 0.00063927 0.00579317 0.06659790
v 0.00097868 0.00585410 0.07007618
v 0.00055431 0.00570628 0.06598028
v 0.00184241 0.00589967 0.07133650
v 0.00250674 0.00559410 0.08054773
v 0.00259391 0.00542994 0.07500852
v 0.00236555 0.00434553 0.07530367
v 0.00255199 0.00514134 0.08613712
v 0.00251226 0.00508262 0.08998899
v -0.01778903 -0.01683953 -0.08593507
v -0.01269019 -0.01808873 -0.02196600
v -0.01135944 -0.02221383 -0.02625881
v -0.01195513 -0.02023713 -0.02020275
v -0.01154970 -0.01752586 -0.01676550
v -0.01065724 -0.01489330 0.00603783
v -0.01098541 -0.01907514 -0.00791990
v -0.01061407 -0.01740545 -0.00132948
v -0.01079637 -0.01720725 -0.00171816
v -0.01080361 -0.01675625 -0.01282609
v -0.00999553 -0.01971946 -0.01112536
v -0.01014179 -0.01853112 -0.00399794
v -0.00763088 -0.01370414 0.01519720
v -0.00696853 -0.00981210 0.02576392
v -0.00646732 -0.00966508 0.02606467
v -0.00718740 -0.00980218 0.02565605
v -0.00628785 -0.00731858 0.03374794
v -0.00608706 -0.00625733 0.03743942
v -0.00767111 0.00177117 0.05567759
v -0.00766815 0.00066101 0.05255317
v -0.00120894 0.00459436 0.06435763
v 0.00165866 0.00606443 0.08571173
v 0.00122659 0.00640300 0.09209209
v 0.00270667 0.00776973 0.10630903
v 0.00286202 0.00738099 0.10591929
v 0.00288736 0.00746841 0.10851001
v 0.00270902 0.00604476 0.09124013
v 0.00262825 0.00681359 0.10011931
v -0.01852896 -0.01623369 -0.06812662
v -0.01788155 -0.01681491 -0.08400061
v -0.00611620 -0.00903026 0.03035460
v -0.00684531 -0.01064071 0.02887955
v -0.00516444 -0.00640200 0.03380305
v -0.00590333 -0.00697002 0.03327785
v -0.00582571 -0.00677612 0.03345818
v -0.00754680 -0.00993622 0.02422900
v -0.00765694 -0.00709598 0.03216565
v -0.00749674 -0.00396889 0.04691469
v -0.00639322 -0.00610085 0.03620136
v -0.00650044 -0.00491550 0.03946319
v -0.00483755 -0.00212574 0.04690306
v -0.00098619 0.00411185 0.06932453
v -0.00088443 0.00397228 0.07023853
v -0.00082924 0.00464891 0.07510570
v -0.00075521 0.00461358 0.08385282
v -0.00006432 0.00578908 0.07913625
v -0.00004807 0.00595611 0.08109587
v -0.00005225 0.00642873 0.08686080
v -0.00034589 0.00668412 0.09649768
v 0.00285114 0.00825753 0.11275077
v 0.00267343 0.00889137 0.11576702
v 0.00260256 0.00947546 0.11923621
v 0.00263665 0.00862743 0.11347939
v -0.01855407 -0.01637522 -0.07351501
v -0.01833523 -0.01644706 -0.07572599
v -0.01866241 -0.01623702 -0.06964258
v -0.00109081 0.00559489 0.08568799
v -0.00117580 0.00615627 0.09933965
v 0.00248729 0.00973234 0.12061626
v 0.00235799 0.00974666 0.12212939
v 0.00240193 0.01030172 0.12574065
v 0.00181906 0.01045872 0.13173372
v 0.00240104 0.01034231 0.12697905
v -0.00878859 -0.00709271 0.03000589
v -0.00864665 -0.00610708 0.04262590
v -0.00894897 -0.00574542 0.03937819
v -0.00865361 -0.00519163 0.04208773
v -0.00895531 -0.00568299 0.04209616
v -0.00946217 -0.00562270 0.04355341
v -0.00877780 -0.00696797 0.04509791
v -0.00726208 0.00100543 0.05476991
v -0.00737196 0.00050606 0.05508199
v -0.00123915 0.00713528 0.10758024
v -0.00121857 0.00695803 0.10579304
v -0.00118814 0.00843332 0.11482298
v -0.00110473 0.00981239 0.12152862
v 0.00095365 0.00986956 0.13626505
v -0.00071111 0.00932567 0.13716584
v 0.00227406 0.00832723 0.13908975
v 0.00224270 0.00787438 0.14014819
v 0.00222072 0.00520399 0.15041725
v -0.01123518 -0.00489320 0.04629832
v -0.00987850 -0.00565831 0.04456349
v -0.00964940 -0.00533996 0.04436362
v -0.00857081 -0.00147068 0.04957127
v -0.00021093 0.00870233 0.11468390
v -0.00138937 0.00979124 0.12302925
v -0.00118978 0.00908098 0.11801739
v -0.00146372 0.00994188 0.12528635
v -0.00148011 0.01006283 0.13034679
v -0.00164102 0.00939440 0.13134458
v -0.00078820 0.01009635 0.12818234
v -0.00121084 0.01017132 0.12922489
v -0.00145790 0.00956905 0.13562883
v -0.00132370 0.00919790 0.12626166
v 0.00108672 0.00940610 0.13807187
v 0.00217328 0.00286957 0.16749324
v 0.00255668 -0.00104370 0.17628588
v 0.00179760 0.00451742 0.16565893
v 0.00218125 0.00396676 0.15995736
v 0.00199503 0.00316972 0.17112282
v 0.00157053 0.00288852 0.17168349
v 0.00172552 -0.00215415 0.17798213
v 0.00254084 -0.00000881 0.17636043
v 0.00219435 0.00225516 0.17272256
v 0.00114081 0.00235322 0.17291455
v -0.00916467 -0.00686011 0.04580753
v -0.00844614 -0.00700524 0.04554695
v -0.01097720 0.00465747 0.06603034
v -0.00920507 0.00335626 0.06079272
v -0.01004639 0.00582359 0.06529891
v -0.00801325 0.00187815 0.05498410
v -0.00978773 0.00539908 0.06284124
v -0.00180086 0.00965032 0.13336335
v -0.00164742 0.00995009 0.12852561
v -0.00178201 0.00668195 0.14508991
v -0.00176048 0.00793331 0.14023378
v -0.00163163 0.00580125 0.14685115
v -0.00171565 0.00621076 0.14606622
v -0.00152717 0.00541374 0.14762740
v -0.00124902 0.00596752 0.14754106
v -0.00176616 0.00656423 0.14552334
v -0.00133515 0.00409188 0.15090942
v 0.00101514 0.00450392 0.16519356
v 0.00164574 -0.00228938 0.17809784
v 0.00123686 -0.00222849 0.17785802
v 0.00026496 -0.00156689 0.17861767
v -0.01514807 -0.00400512 0.04943913
v -0.01174274 -0.00426332 0.04677213
v -0.01103616 0.00305675 0.05610929
v -0.01068433 0.00298377 0.05641688
v -0.00822884 0.00280355 0.05802934
v -0.01112554 0.00648965 0.07330091
v -0.01366548 0.00797369 0.07472393
v -0.00084388 0.00307326 0.17021431
v -0.00035688 0.00478617 0.15099343
v -0.00117053 0.00427085 0.16181068
v -0.00116709 0.00431502 0.16350439
v -0.00081214 0.00200801 0.17317457
v -0.00059791 0.00104475 0.17475282
v -0.00053028 -0.00126556 0.17778486
v -0.00059274 -0.00115737 0.17747080
v -0.01461812 -0.00454907 0.05177348
v -0.01205315 0.00502842 0.06835690
v -0.01111874 0.00597395 0.07243240
v -0.01574028 -0.00446870 0.05189132
v -0.01723282 -0.00439411 0.05167533
v -0.01753867 -0.00399704 0.05178489
v -0.01464242 0.00725206 0.07399499
v -0.01289897 0.00599752 0.07449681
v -0.01301195 0.00570286 0.07390755
v -0.01366045 0.00623342 0.08338242
v -0.01173589 0.00649945 0.07767468
v -0.01250368 0.00675138 0.08335327
v -0.01402186 0.00615920 0.08220437
v -0.01787704 0.00887328 0.12264919
v -0.02074887 -0.00065304 0.06341305
v -0.02118608 -0.00274741 0.05695005
v -0.01995320 -0.00338895 0.05482218
v -0.02045947 -0.00259803 0.05526279
v -0.01955361 -0.00182582 0.05511555
v -0.02218198 -0.00060234 0.06212480
v -0.02163124 -0.00060680 0.06141973
v -0.02222672 -0.00070123 0.06158418
v -0.01814143 -0.00192725 0.05697907
v -0.02176396 -0.00018820 0.06412880
v -0.01723013 0.00734108 0.09064803
v -0.01703986 0.00724288 0.09239816
v -0.01604786 0.00697598 0.09579130
v -0.01441141 0.00708208 0.09385188
v -0.01446334 0.00621905 0.09768890
v -0.01415023 0.00621278 0.09477702
v -0.01581275 0.00632345 0.10675159
v -0.02343131 -0.00103498 0.06315828
v -0.02551625 -0.00056815 0.06830883
v -0.02117646 -0.00239723 0.05697238
v -0.01994778 -0.00223245 0.05493046
v -0.02165979 -0.00291602 0.05920997
v -0.02921704 0.00034440 0.08035942
v -0.02187974 -0.00034215 0.06662163
v -0.01702376 0.00718195 0.08790026
v -0.01711041 0.00707679 0.08766601
v -0.01634318 0.00672613 0.09987434
v -0.01645914 0.00671727 0.09962502
v -0.01657054 0.00661789 0.10042248
v -0.01617779 0.00676503 0.09883940
v -0.01449072 0.00665708 0.09713518
v -0.01539433 0.00624592 0.10387441
v -0.01564051 0.00706187 0.09931273
v -0.01610706 0.00654277 0.10479022
v -0.01599593 0.00554247 0.10617936
v -0.02675754 0.00207262 0.08394087
v -0.02213505 0.00025247 0.06719617
v -0.02382495 0.00142877 0.07211827
v -0.02364999 0.00130108 0.07300279
v -0.01905713 0.00498797 0.10846286
v -0.01867721 0.00484912 0.10614902
v -0.02017856 0.00587925 0.11398205
v -0.01924622 0.00566203 0.10716577
v -0.01953189 0.00593187 0.11123968
v -0.02412780 -0.00001858 0.06599846
v -0.02261125 -0.00063073 0.06209314
v -0.02117634 0.00685458 0.11853609
v -0.02089191 0.00676525 0.11664532
v -0.02111500 0.00662061 0.12461231
v -0.01849619 0.00885240 0.12756020
v -0.01879856 0.00849604 0.12980157
v -0.01870383 0.00694939 0.13244796
v -0.01901635 0.00533715 0.13550094
v -0.01928692 0.00503357 0.13764697
v -0.02718935 0.00295540 0.08525488
v -0.02084626 0.00698239 0.11675424
v -0.02134860 0.00738459 0.12025205
v -0.02092958 0.00657239 0.12481244
v -0.01943462 0.00367448 0.13846661
v -0.01955121 0.00595780 0.13637155
v -0.01958714 0.00380910 0.14102672
v -0.01995518 0.00211711 0.14410791
v -0.02445599 -0.00118419 0.06551649
v -0.02529628 -0.00097550 0.06858140
v -0.02902249 0.00055553 0.07938638
v -0.02590346 -0.00093899 0.07169361
v -0.02141609 0.00637707 0.12800255
v -0.02181011 0.00766187 0.12450513
v -0.02178760 0.00782090 0.12470203
v -0.02217939 0.00760860 0.12811266
v -0.02220462 0.00759403 0.12866724
v -0.02192903 0.00358287 0.13649309
v -0.02216882 0.00513629 0.13367841
v -0.02153428 0.00170024 0.14054833
v -0.02311531 0.00201336 0.14189495
v -0.02862926 0.00000912 0.08012901
v -0.02503810 -0.00137726 0.06886850
v -0.02842436 -0.00005914 0.07891375
v -0.02361118 0.00147000 0.14593953
v -0.02428360 -0.00098740 0.15908895
v -0.02150541 -0.00026047 0.15696845
v -0.02164211 -0.00074822 0.15738709
v -0.02175932 0.00115658 0.15486028
v -0.02236286 -0.00740744 0.16798700
v -0.02310014 -0.00907640 0.17213658
v -0.02158996 -0.00063301 0.15750516
v -0.02988460 0.00092632 0.08210154
v -0.03045521 0.00102710 0.08414266
v -0.03275892 0.00123103 0.09132122
v -0.02479314 -0.00040404 0.15631609
v -0.02385855 0.00134196 0.14876872
v -0.02430261 0.00097285 0.15188463
v -0.02387451 -0.00242310 0.15888532
v -0.02377104 -0.00119386 0.15593518
v -0.02410878 -0.00200971 0.15771902
v -0.02482148 -0.00262339 0.15942321
v -0.02337149 -0.00097433 0.15597314
v -0.02368126 -0.00929203 0.17224498
v -0.02375767 -0.00937988 0.17215395
v -0.02374535 -0.00909058 0.17207878
v -0.02498436 -0.00061767 0.15792976
v -0.02442627 -0.00853238 0.17112499
v -0.02447524 -0.00824491 0.17085136
v -0.02571124 -0.00794436 0.16957124
v -0.02556525 -0.00785483 0.16982561
v -0.02545764 -0.00798054 0.17001706
v -0.03277853 0.00117478 0.09136606
v -0.03247338 0.00107978 0.09059021
v -0.02776361 -0.00008549 0.07821038
v -0.03029585 0.00068781 0.08383811
v -0.03425491 0.00124551 0.10527491
v -0.03269807 0.00029444 0.09328474
v -0.03509304 0.00028109 0.10046021
v -0.02531009 -0.00916028 0.17184398
v -0.03386791 0.00093099 0.09434319
v -0.03566197 0.00112368 0.09991257
v -0.03402015 0.00103815 0.09490692
v -0.03763934 0.00218933 0.10571919
v -0.03845434 0.00226641 0.10795216
v -0.03827792 0.00228983 0.10752635
v -0.03744298 0.00109076 0.11432558
v -0.03663100 0.00258615 0.11220376
v -0.03792967 0.00272534 0.11209115
v -0.03667765 0.00263755 0.11136930
v -0.03866168 0.00244816 0.10934317
v -0.03916661 0.00196530 0.11072002
v -0.03881056 0.00171595 0.11123287
v -0.04205678 -0.00021744 0.12060326
v -0.04173050 -0.00024538 0.12380855
v -0.04167207 0.00054759 0.11907296
v -0.04370972 -0.00257217 0.12700435
v -0.04240286 -0.00042964 0.12198943
v -0.03830905 0.00072225 0.11264058
v -0.04397660 -0.00236549 0.13827761
v -0.04729676 -0.00250407 0.13980718
v -0.04661114 -0.00400565 0.14358590
v -0.04659491 -0.00443420 0.14571112
v -0.04582758 -0.00433332 0.14387491
v -0.04604533 -0.00450494 0.14443435
v -0.04682471 -0.00515452 0.14725482
v -0.04721371 -0.00570182 0.14828905
v -0.04673327 -0.00471895 0.14661032
v -0.04665265 -0.00467647 0.13899825
v -0.04778550 -0.00304944 0.14083084
v -0.04748690 -0.00441714 0.14466907
v -0.04753302 -0.00404387 0.14286456
v -0.04482287 -0.00287202 0.14022542
v -0.04785121 -0.00458226 0.14538625
v -0.04876945 -0.00673787 0.14981270
v -0.04859851 -0.00504338 0.14311244
v -0.04930320 -0.00598165 0.14809473
v -0.04944992 -0.00511784 0.14609763
v -0.04936229 -0.00476699 0.14568189
v -0.04933789 -0.00467972 0.14555413
v -0.04919429 -0.00437740 0.14565583
v -0.04976951 -0.00606574 0.14774986
v -0.04973405 -0.00600214 0.14792519
v -0.04798783 -0.00565509 0.14818938
vn 0.703985 0.640323 -0.307232
vn 0.068668 0.957472 -0.280236
vn -0.853792 -0.465621 0.232885
vn -0.275061 -0.960643 0.038809
vn -0.965091 -0.164664 -0.203679
vn 0.136129 0.963126 0.232073
vn 0.769921 0.613242 0.176512
vn 0.165787 -0.769572 0.616664
vn 0.794184 -0.604641 0.060670
vn 0.812307 -0.582726 -0.024232
vn -0.849969 0.509742 -0.133102
vn 0.980174 -0.101745 -0.170022
vn 0.978757 -0.016184 -0.204386
vn 0.138955 0.935624 -0.324499
vn 0.901972 -0.426036 -0.070284
vn -0.073334 -0.996736 0.033743
vn 0.838245 -0.542406 -0.056048
vn -0.318485 -0.943723 0.089183
vn -0.383378 -0.918902 0.092950
vn -0.454996 0.890476 -0.005573
vn -0.419595 -0.900891 0.111060
vn 0.079021 0.982792 -0.166959
vn -0.835652 0.547964 -0.037696
vn -0.401601 -0.915279 0.031316
vn -0.181053 0.954569 -0.236683
vn 0.977534 0.122407 -0.171591
vn 0.962264 0.246381 -0.115514
vn 0.570614 -0.140340 0.809138
vn 0.169554 -0.761210 0.625948
vn 0.460436 0.853072 -0.245495
vn 0.363591 -0.922694 -0.128206
vn 0.700694 -0.713288 -0.015732
vn -0.178196 0.948678 -0.261258
vn 0.926035 -0.358604 -0.117740
vn 0.983591 0.073028 -0.164974
vn 0.326648 0.942857 0.065737
vn -0.254689 -0.944613 -0.206980
vn 0.172109 0.749844 -0.638836
vn 0.342682 -0.924918 0.164609
vn 0.972757 -0.151076 -0.175842
vn 0.112917 0.978841 -0.170644
vn -0.749312 -0.661891 -0.020781
vn -0.551089 0.763096 0.337618
vn -0.139771 -0.989860 -0.025315
vn -0.864596 -0.160336 0.476199
vn -0.866612 0.414642 -0.277589
vn -0.105907 0.917009 -0.384550
vn 0.014932 -0.985701 0.167843
vn 0.360717 0.932659 -0.005501
vn 0.914231 0.383024 0.132188
vn 0.955526 -0.255023 -0.148101
vn -0.645116 -0.764006 -0.010912
vn -0.088049 -0.806164 0.585104
vn 0.360083 0.312798 -0.878918
vn 0.535999 0.217955 -0.815598
vn -0.571229 0.415982 -0.707571
vn -0.114215 -0.989305 0.090719
vn 0.601180 0.741977 -0.296737
vn -0.160330 0.961381 -0.223698
vn 0.394960 -0.902544 0.171524
vn 0.246904 -0.959980 0.132199
vn 0.946338 -0.287946 0.146735
vn 0.938381 -0.279071 0.203861
vn 0.868737 -0.477608 0.131096
vn 0.139245 0.983385 0.116468
vn 0.965305 0.125366 -0.229061
vn 0.162496 0.965346 -0.204211
vn -0.277027 -0.927645 0.250463
vn -0.002453 0.983310 -0.181921
vn -0.882197 0.425779 0.201099
vn -0.960969 -0.272944 0.045170
vn -0.466944 0.844290 -0.262940
vn 0.629644 0.771766 -0.089030
vn -0.340140 -0.918519 0.201563
vn 0.790349 -0.563951 0.239390
vn -0.991114 0.012199 -0.132457
vn -0.986167 -0.123665 -0.110370
vn 0.903389 -0.400270 -0.153858
vn 0.945284 -0.252194 -0.206968
vn 0.268560 -0.953157 0.139167
vn -0.980316 0.035172 0.194275
vn -0.924165 -0.296691 0.240609
vn -0.855542 0.512526 0.073240
vn 0.967035 0.254191 -0.015159
vn -0.045968 -0.967072 0.250316
vn -0.785244 -0.558039 0.268299
vn 0.512156 0.851009 -0.116103
vn 0.852339 0.514350 -0.094664
vn 0.990982 -0.017436 -0.132859
vn 0.975921 -0.048915 -0.212567
vn -0.744195 0.666600 0.042643
vn -0.950158 0.259154 0.173315
vn -0.468591 0.880157 -0.075806
vn 0.896036 0.364530 -0.253450
vn 0.183683 -0.954614 0.234461
vn 0.004736 0.989738 -0.142814
vn -0.465873 -0.835148 0.292388
vn -0.273466 -0.938508 0.210757
vn -0.338106 0.920283 -0.196886
vn 0.496990 0.804274 -0.325799
vn -0.043107 0.979041 -0.199049
vn -0.620382 -0.689051 0.374612
vn -0.069952 0.979637 -0.188198
vn 0.601427 -0.732838 0.318173
vn 0.909977 0.362177 -0.201917
vn 0.977070 0.203623 0.062232
vn -0.229114 -0.959374 0.164647
vn -0.090536 0.991888 -0.089225
vn -0.063884 0.934807 -0.349364
vn 0.232746 0.927336 -0.293047
vn 0.995067 0.050585 -0.085337
vn 0.993965 0.060392 -0.091581
vn 0.492572 0.815055 -0.305053
vn -0.102529 0.932776 -0.345566
vn 0.348806 0.849087 -0.396719
vn 0.108961 0.879241 -0.463749
vn 0.784204 0.548783 -0.289587
vn -0.173390 0.888920 -0.423978
vn 0.486346 -0.838113 0.247052
vn 0.958915 -0.283555 0.008909
vn 0.999398 0.016310 -0.030625
vn 0.068569 0.956762 -0.282676
vn 0.214486 -0.967667 0.132723
vn -0.625989 -0.720323 0.298784
vn 0.380079 -0.921563 0.079134
vn 0.146382 -0.981262 0.125287
vn 0.416618 -0.901512 0.117071
vn 0.579993 -0.807530 0.107252
vn -0.221037 0.922122 -0.317542
vn 0.259934 -0.899584 0.350975
vn -0.967246 0.248709 0.050792
vn 0.022873 0.940807 -0.338170
vn -0.993049 0.087745 0.078454
vn -0.982308 -0.128451 0.136279
vn 0.357014 0.863598 -0.356006
vn 0.575797 0.817561 -0.007200
vn -0.982157 -0.110157 0.152422
vn 0.125849 0.992004 -0.009473
vn 0.992693 -0.120184 -0.010825
vn -0.514915 0.848625 -0.121232
vn -0.722860 0.688530 0.058303
vn -0.962554 -0.235470 0.134328
vn 0.711294 -0.699362 0.070388
vn 0.470475 -0.869583 0.149928
vn -0.686801 -0.660602 0.303165
vn -0.997763 0.012842 0.065608
vn -0.973037 0.230220 -0.014036
vn -0.243934 0.969333 0.029837
vn -0.017647 0.999578 -0.023056
vn 0.217796 0.975975 0.006145
vn -0.133497 0.987878 -0.079217
vn -0.969343 0.243697 -0.031395
vn 0.464251 0.881984 -0.081089
vn -0.464449 0.880927 0.090855
vn -0.959083 -0.260432 0.111066
vn -0.485141 -0.845527 0.222985
vn 0.839995 0.466731 -0.276715
vn -0.547927 0.800489 -0.242886
vn -0.113093 -0.960681 0.253580
vn 0.283144 0.950355 -0.129051
vn 0.338688 0.921571 -0.189731
vn 0.949971 0.082859 0.301148
vn 0.390069 0.917419 -0.078669
vn -0.230605 0.971100 -0.061540
vn 0.912363 0.406165 -0.051219
vn -0.027099 0.992815 -0.116551
vn -0.839070 -0.527952 0.131259
vn 0.242129 -0.946555 0.213088
vn -0.304489 0.879042 -0.366840
vn -0.908369 -0.418167 -0.001514
vn -0.995708 -0.092398 -0.005396
vn -0.340976 0.934940 -0.098099
vn 0.127823 0.984031 -0.123874
vn 0.401060 0.903716 -0.149828
vn -0.240045 0.969957 -0.039532
vn 0.868056 0.487425 0.094319
vn -0.947738 -0.192139 -0.254705
vn -0.315200 0.945044 -0.086843
vn -0.140644 -0.985895 0.090722
vn 0.926998 0.357451 0.113595
vn 0.153686 -0.949222 -0.274514
vn 0.848159 0.289916 0.443368
vn 0.437750 0.899056 -0.008595
vn -0.165024 -0.843311 0.511462
vn 0.006933 0.996858 -0.078899
vn 0.286184 -0.955883 0.066231
vn 0.489903 0.850148 0.192985
vn 0.007523 -0.974802 -0.222946
vn 0.928460 -0.368563 -0.046069
vn -0.367835 -0.877975 -0.306361
vn 0.945046 -0.301941 -0.125378
vn 0.940567 0.335888 0.050132
vn 0.944811 -0.291902 -0.148744
vn 0.768640 -0.504346 0.393481
vn 0.198123 0.907906 -0.369397
vn -0.974659 -0.217742 -0.051264
vn -0.108944 -0.953888 -0.279693
vn -0.552607 0.806964 0.208407
vn -0.933451 -0.350681 -0.075448
vn -0.864072 -0.487099 -0.126940
vn -0.219795 0.957417 0.187198
vn -0.206084 -0.877526 0.432987
vn -0.360626 -0.931565 0.046221
vn -0.197252 -0.978993 -0.051619
vn -0.936099 -0.337857 -0.097834
vn -0.975746 0.218359 -0.015468
vn -0.685676 -0.727891 0.004820
vn -0.891178 -0.450969 -0.049289
vn -0.953765 -0.256872 -0.156044
vn 0.394057 -0.901937 0.176718
vn 0.268356 -0.949907 0.160195
vn 0.437100 0.899356 0.010157
vn 0.473960 -0.873453 0.111542
vn 0.883775 0.446314 0.140517
vn 0.930971 -0.341589 0.128882
vn -0.358241 -0.933584 -0.009225
vn -0.826527 -0.552500 -0.107687
vn -0.377062 -0.925947 -0.021138
vn 0.062795 -0.997404 -0.035230
vn -0.795730 -0.346282 -0.496893
vn 0.168417 0.974826 -0.146117
vn -0.065855 0.996852 0.044146
vn -0.045235 -0.996961 -0.063426
vn -0.396831 0.917158 0.036707
vn -0.805240 -0.558178 -0.200062
vn -0.853273 -0.505728 -0.127138
vn -0.605505 -0.787086 -0.117728
vn 0.273496 0.960400 0.053212
vn -0.131829 0.990348 0.042813
vn 0.575343 -0.805662 0.141028
vn -0.941601 0.326399 -0.082769
vn -0.027106 0.997024 0.072176
vn -0.246347 0.959300 -0.138048
vn -0.031970 0.978338 -0.204530
vn 0.838980 0.463559 0.285002
vn -0.079711 0.981187 -0.175835
vn -0.538942 0.783713 -0.308766
vn 0.535400 -0.824215 0.184436
vn -0.174243 0.964019 0.200766
vn 0.961100 0.216253 0.171820
vn 0.990105 -0.110497 0.086503
vn 0.265423 -0.915095 -0.303566
vn -0.610670 0.752189 -0.247575
vn -0.572205 0.790916 -0.216872
vn 0.892357 -0.336187 0.301128
vn -0.445853 0.874070 0.192920
vn 0.944270 0.266859 0.192721
vn -0.779706 -0.594992 -0.195045
vn 0.090094 0.953086 0.288980
vn 0.781891 0.549828 0.293829
vn 0.963758 0.201020 0.175389
vn 0.933730 0.276227 0.227699
vn -0.825688 -0.532174 -0.187161
vn 0.992732 -0.086987 0.083170
vn 0.437456 -0.816319 -0.377167
vn -0.939599 -0.293646 -0.175858
vn -0.605741 -0.772362 -0.191139
vn -0.534798 -0.830531 -0.155595
vn -0.871467 -0.439398 -0.217888
vn -0.946794 -0.206153 -0.247147
vn 0.692733 -0.720960 0.018390
vn -0.936653 0.309484 -0.164014
vn 0.512921 -0.857988 -0.027714
vn -0.853429 -0.333150 -0.400836
vn -0.810405 0.566039 -0.151142
vn -0.288363 -0.924846 -0.248005
vn -0.743268 0.642272 -0.187188
vn -0.108236 0.972963 0.204027
vn 0.676852 0.663271 0.319286
vn 0.471855 -0.874053 -0.115689
vn -0.927387 -0.203951 -0.313619
vn 0.707724 0.678518 -0.196822
vn 0.950810 0.169067 -0.259572
vn 0.968926 0.123038 -0.214576
vn 0.982599 -0.030338 -0.183243
vn 0.034519 0.642557 0.765460
vn -0.323038 -0.445522 0.834959
vn -0.937414 -0.242447 0.249950
vn -0.993713 -0.045972 -0.102087
vn 0.499621 0.829620 0.249217
vn 0.958213 0.285205 0.022044
vn 0.098775 0.951135 0.292552
vn 0.561902 -0.332503 0.757435
vn 0.723527 -0.666962 -0.177960
vn -0.711398 -0.469036 0.523372
vn 0.932211 -0.355708 -0.066743
vn -0.107652 -0.993420 0.039098
vn -0.960402 -0.005738 0.278560
vn -0.866614 -0.373083 0.331345
vn 0.899176 -0.433766 -0.057702
vn 0.790723 -0.609726 -0.054692
vn 0.658381 -0.749530 -0.068846
vn 0.757995 -0.649540 -0.059507
vn 0.909003 -0.414941 -0.039221
vn 0.492637 -0.869936 -0.022795
vn 0.079833 0.982620 -0.167587
vn -0.905540 0.414846 -0.088883
vn 0.849961 -0.523918 0.055462
vn -0.756247 -0.649750 0.076905
vn 0.162425 0.977341 -0.135727
vn -0.591794 0.322684 -0.738685
vn -0.437975 -0.875384 0.204650
vn -0.157457 0.970071 -0.184851
vn -0.941652 -0.297090 0.158205
vn -0.983754 0.165026 -0.070672
vn 0.951014 0.273484 -0.144149
vn 0.973202 0.170025 -0.154819
vn 0.982633 0.117970 -0.143233
vn 0.983406 -0.011091 -0.181078
vn -0.326740 -0.478711 0.814909
vn 0.070666 0.938981 0.336631
vn 0.892194 -0.239516 -0.382914
vn 0.279348 -0.256090 -0.925409
vn 0.731572 0.668019 -0.136208
vn 0.868614 0.461342 -0.180755
vn 0.959981 0.240568 -0.143400
vn -0.223014 0.910552 0.348081
vn -0.285034 0.885741 0.366357
vn -0.789527 0.512762 0.337228
vn 0.230034 -0.200194 -0.952369
vn 0.626615 0.772198 -0.105181
vn 0.986369 -0.156940 0.049460
vn 0.476350 0.826903 -0.298869
vn -0.899110 0.409062 0.155788
vn -0.901773 0.377699 0.210116
vn -0.419461 0.844944 0.331846
vn 0.314353 0.555253 -0.769985
vn -0.189476 0.317994 -0.928967
vn 0.211980 -0.166859 -0.962924
vn 0.414112 0.639072 -0.648150
vn -0.065448 -0.995109 -0.073984
vn 0.729027 -0.643172 0.234200
vn 0.900510 -0.433189 0.037794
vn 0.738624 -0.644174 0.198681
vn 0.415470 0.904076 0.100152
vn 0.259137 -0.955913 0.138126
vn -0.037773 0.982832 -0.180595
vn -0.982991 0.004296 0.183606
vn -0.710238 0.634671 0.304557
vn -0.978574 0.161563 -0.127631
vn -0.904600 -0.316112 0.285960
vn 0.962707 -0.198313 -0.184029
vn -0.023983 0.499750 -0.865838
vn -0.809207 0.379367 -0.448626
vn 0.957259 -0.032538 -0.287395
vn -0.759024 0.593740 -0.267124
vn -0.383147 -0.898891 0.212585
vn 0.794633 -0.563393 0.226157
vn -0.648229 -0.759705 0.051454
vn -0.991595 -0.021621 -0.127560
vn -0.108064 0.989950 0.091224
vn -0.076965 0.995359 0.057769
vn 0.520212 0.841690 0.144698
vn 0.600409 -0.796766 0.068353
vn 0.978906 0.052991 -0.197322
vn 0.508169 0.826132 -0.243455
vn -0.403223 0.400620 -0.822748
vn -0.769219 0.638656 -0.020521
vn 0.973894 -0.223062 0.042120
vn 0.789978 0.546320 -0.278333
vn 0.398914 0.849116 -0.346222
vn -0.905488 0.412876 0.098107
vn -0.806814 0.589541 0.038631
vn -0.932922 0.333189 -0.136536
vn -0.384788 0.894632 -0.227094
vn -0.356068 0.931377 0.075846
vn 0.998251 0.057359 -0.014301
vn 0.869468 0.490498 -0.058633
vn 0.161207 0.982764 -0.090485
vn 0.573747 0.815459 -0.076431
vn 0.275067 0.952597 -0.129987
vn 0.974109 0.217901 0.060263
vn 0.803040 -0.577352 0.147617
vn 0.934540 -0.246720 -0.256443
vn 0.490680 -0.852225 0.181511
vn 0.806497 -0.574194 0.140941
vn 0.792678 -0.604839 0.076363
vn -0.090879 0.964715 -0.247114
vn 0.823237 -0.567654 0.007010
vn -0.176499 0.984212 0.013198
vn -0.078596 0.947669 -0.309427
vn 0.074245 -0.961011 0.266356
vn -0.908947 0.339491 0.241993
vn -0.113848 0.974386 -0.193937
vn -0.206007 -0.945856 0.250832
vn -0.292973 0.929740 -0.223049
vn 0.349616 0.923351 -0.158721
vn -0.764514 0.621312 -0.171725
vn 0.017918 0.923357 -0.383525
vn 0.688875 0.639246 -0.341784
vn -0.666095 -0.692363 0.277399
vn -0.664674 -0.734552 0.136537
vn 0.648331 0.754983 -0.098322
vn -0.683997 0.697097 -0.214950
vn -0.453396 0.846875 -0.277910
vn -0.460029 0.838710 -0.291443
vn 0.992923 0.074615 -0.092398
vn 0.212411 0.913487 -0.347020
vn -0.089801 0.935364 -0.342097
vn 0.593626 0.733433 -0.331186
vn -0.759021 0.620406 -0.197442
vn 0.994319 0.057085 -0.089834
vn -0.113481 0.902260 -0.415991
vn -0.327929 0.859163 -0.392811
vn 0.102870 0.933033 -0.344770
vn 0.776101 0.625552 -0.079699
vn 0.793154 0.608328 0.029060
vn 0.519207 -0.848406 0.103108
vn 0.174686 0.980884 -0.085741
vn 0.029703 -0.986054 0.163755
vn -0.554210 -0.770775 0.314256
vn 0.190902 0.914939 -0.355589
vn -0.534885 0.787622 -0.305860
vn -0.550685 0.788540 -0.273772
vn -0.265224 -0.888019 0.375605
vn 0.189726 0.971363 -0.143032
vn 0.769632 0.634260 -0.073353
vn -0.087887 0.996111 0.006180
vn -0.384327 0.920109 0.075449
vn 0.284296 0.955377 -0.080193
vn 0.839466 0.538927 -0.069677
vn 0.966159 0.254320 0.043112
vn 0.753446 0.654899 0.058535
vn -0.136136 0.990604 0.013035
vn -0.631100 -0.756330 0.172271
vn -0.328760 0.939972 -0.091483
vn -0.259296 -0.948657 0.181150
vn 0.028724 -0.984054 0.175536
vn -0.707352 0.696171 -0.122470
vn -0.370378 0.695914 -0.615243
vn 0.275460 0.902574 -0.330882
vn 0.002859 0.999503 0.031387
vn 0.934402 0.354188 -0.038001
vn 0.125053 0.986688 -0.103963
vn 0.010876 0.999448 -0.031398
vn -0.810258 0.579889 0.084913
vn -0.145910 -0.976722 0.157241
vn -0.216722 0.927229 -0.305415
vn -0.383802 0.699442 -0.602891
vn 0.270019 0.933103 -0.237506
vn 0.174633 -0.957637 0.228985
vn 0.813940 -0.420671 0.400672
vn -0.940939 -0.337064 0.031974
vn 0.316113 0.947256 -0.052724
vn -0.481348 0.875532 -0.041817
vn 0.833107 -0.543243 0.104019
vn 0.785035 0.613491 -0.085725
vn 0.333951 0.941992 -0.033575
vn -0.183789 0.981692 -0.050020
vn -0.999074 0.042026 -0.009198
vn 0.995513 -0.090791 0.026671
vn -0.156025 -0.987620 0.016206
vn 0.097258 0.977957 -0.184775
vn -0.860645 0.240853 -0.448642
vn -0.998601 0.050238 -0.016482
vn -0.499087 0.866465 0.012264
vn 0.978787 -0.195155 -0.062368
vn 0.925133 0.362630 0.112373
vn 0.974171 -0.214568 -0.070368
vn 0.921425 0.370230 0.117919
vn -0.707664 0.668370 0.229114
vn -0.764653 0.616291 -0.188390
vn -0.605286 0.773865 -0.186447
vn -0.961472 -0.274414 -0.016395
vn -0.365515 0.927193 -0.081926
vn 0.146720 0.987271 -0.061394
vn -0.278916 -0.948301 -0.151430
vn 0.460159 0.864076 0.204026
vn 0.923226 -0.362936 -0.126222
vn 0.999507 -0.021224 -0.023120
vn 0.909714 0.372982 0.182494
vn 0.996487 -0.072313 -0.042235
vn -0.957683 -0.166759 -0.234593
vn -0.037999 -0.988883 0.143755
vn 0.697009 -0.602785 0.388366
vn -0.918949 -0.381555 -0.099743
vn -0.593590 0.736178 0.325105
vn -0.861023 -0.491698 -0.129893
vn -0.473504 0.855087 0.211236
vn -0.482424 0.851780 0.204301
vn -0.575754 0.739992 0.347735
vn 0.268621 0.769148 0.579874
vn -0.926871 0.059231 -0.370678
vn 0.381563 0.917592 -0.111511
vn -0.985739 -0.166775 0.022487
vn -0.999673 0.002129 0.025480
vn -0.823193 0.438578 0.360560
vn -0.361142 0.597001 0.716356
vn 0.315210 -0.921869 0.225390
vn 0.947009 -0.291099 0.135777
vn 0.912941 -0.384566 0.136559
vn -0.182992 -0.978211 0.098070
vn -0.570340 0.553294 -0.607107
vn -0.750814 -0.162180 -0.640294
vn 0.938072 -0.316414 0.141079
vn -0.173120 0.962280 -0.209874
vn -0.295856 0.954700 0.031900
vn 0.924102 -0.368786 0.100161
vn 0.966239 0.216079 0.140332
vn -0.907281 -0.317795 -0.275405
vn 0.016394 -0.987274 0.158182
vn 0.803810 0.444570 0.395281
vn -0.987736 -0.127474 -0.090151
vn -0.146556 0.987351 0.060498
vn -0.147553 0.982038 -0.117595
vn 0.383148 0.919898 -0.083579
vn 0.726161 0.679998 0.101459
vn 0.905113 -0.186596 0.382037
vn -0.483077 -0.875133 0.027891
vn -0.134147 0.982791 -0.126987
vn -0.871973 0.485502 -0.062863
vn 0.064997 0.990947 -0.117471
vn -0.903534 -0.414266 -0.109587
vn -0.971859 0.201237 -0.122447
vn 0.874758 -0.473339 -0.103672
vn -0.186052 0.978691 -0.086881
vn -0.962542 0.235948 -0.133570
vn 0.454004 -0.889447 -0.052571
vn 0.811953 0.510197 0.283603
vn 0.869956 0.423149 0.253221
vn -0.760874 -0.626054 -0.170667
vn 0.411481 0.909467 0.059602
vn 0.838946 0.517108 0.169612
vn -0.977980 0.181800 -0.102493
vn -0.639266 -0.761052 -0.110173
vn -0.977332 -0.163241 -0.134813
vn 0.889122 -0.428030 -0.162025
vn -0.754873 0.605692 -0.251603
vn -0.397610 0.910484 -0.113687
vn -0.949139 0.108108 -0.295715
vn -0.988504 0.100056 -0.113349
vn 0.232581 -0.857732 -0.458478
vn -0.365858 -0.907946 -0.204408
vn -0.539840 -0.304171 0.784891
vn 0.950984 0.013099 0.308964
vn -0.992373 -0.023430 -0.121023
vn -0.915885 0.366647 0.163478
vn -0.911305 0.377021 0.165466
vn -0.532863 0.514824 0.671575
vn 0.007712 0.840094 0.542387
vn -0.634936 0.729737 -0.253653
vn -0.899258 -0.231037 -0.371425
vn 0.214167 -0.972582 0.090650
vn -0.928310 0.341659 0.146663
vn -0.850701 0.403800 -0.336531
vn -0.905105 -0.337569 -0.258518
vn -0.082291 0.992873 -0.086210
vn -0.273432 -0.952331 -0.135279
vn -0.618239 -0.713103 -0.330553
vn -0.941047 0.304366 -0.147619
vn -0.019030 0.982825 0.183557
vn -0.973513 0.071619 -0.217123
vn 0.734540 -0.667948 0.119572
vn -0.538216 0.629972 0.559874
vn 0.377707 0.747849 0.545949
vn -0.884637 0.434882 0.168214
vn -0.761040 0.043549 0.647241
vn -0.763384 0.044869 0.644384
vn -0.761342 0.044597 0.646815
vn -0.877716 0.478920 -0.015856
vn -0.877946 0.478495 -0.015889
vn -0.908012 0.417591 -0.033650
vn -0.055580 0.981257 0.184514
vn 0.707849 -0.703073 0.068106
vn 0.721804 -0.689876 -0.055410
vn 0.913085 0.406021 -0.037725
vn 0.653677 -0.752583 -0.079530
vn 0.965799 -0.041343 -0.255973
vn 0.727359 -0.676448 -0.115616
vn 0.950544 -0.005158 -0.310547
vn 0.811917 0.427652 -0.397373
vn 0.227776 -0.965485 0.126320
vn 0.996926 0.016541 0.076577
vn 0.964497 -0.158546 -0.211206
vn 0.940820 -0.222382 -0.255741
vn -0.631665 -0.766994 0.112781
vn -0.334664 -0.942133 0.019628
vn 0.191995 0.970171 -0.148007
vn 0.102739 0.989426 -0.102373
vn 0.207731 0.921983 -0.326796
vn 0.745862 -0.650143 0.144927
vn -0.382416 -0.880594 -0.279842
vn 0.984984 0.076159 -0.154940
vn -0.020623 -0.958356 -0.284831
vn 0.956490 -0.146864 -0.252105
vn 0.935660 -0.245120 -0.253883
vn 0.957876 0.051317 -0.282560
vn 0.927862 0.282054 -0.243964
vn -0.790317 0.372552 0.486420
vn -0.776423 0.411077 0.477685
vn -0.786277 0.373461 0.492235
vn -0.814556 0.315513 0.486775
vn 0.437607 0.892517 -0.109147
vn -0.113511 -0.992489 0.045614
vn -0.311738 -0.944413 0.104418
vn 0.779165 0.523132 -0.345303
vn 0.681101 0.718671 -0.140049
vn 0.716251 0.685615 -0.130062
vn -0.168243 0.920988 -0.351391
vn 0.818909 0.570229 -0.065013
vn 0.740868 0.656497 -0.141867
vn 0.080393 0.964300 0.252316
vn 0.893818 -0.376594 -0.243449
vn 0.849679 -0.470596 -0.237874
vn -0.362747 -0.923783 0.122635
vn 0.935253 -0.330800 -0.125985
vn -0.024802 0.957066 0.288807
vn 0.004580 -0.979443 -0.201669
vn -0.684322 -0.712600 -0.154612
vn -0.738782 -0.665233 -0.108011
vn 0.038133 0.957781 0.284957
vn 0.410850 -0.911128 -0.032366
vn 0.363601 0.904033 -0.224765
vn -0.049009 0.942187 -0.331483
vn 0.212483 -0.955826 0.203096
vn 0.753111 -0.629310 0.191815
vn 0.888533 -0.450471 0.087085
vn 0.955461 -0.255739 -0.147278
vn 0.076823 -0.981247 0.176783
vn -0.028423 -0.989982 -0.138300
vn -0.748822 -0.662149 -0.028724
vn -0.721987 -0.691665 -0.018293
vn -0.694812 -0.718889 -0.020851
vn -0.727577 -0.685843 -0.015866
vn -0.042247 0.641228 -0.766186
vn -0.122460 0.835897 -0.535051
vn -0.825554 0.492476 -0.275550
vn 0.399818 0.820726 -0.408111
vn 0.166773 0.965145 -0.201697
vn -0.285348 -0.957903 0.031585
vn -0.028964 -0.994948 -0.096127
vn -0.489469 -0.022394 -0.871733
vn -0.683481 0.662512 -0.306483
vn -0.006522 0.947961 -0.318321
vn -0.647130 0.682451 -0.339827
vn -0.112231 0.983417 -0.142460
vn 0.070056 -0.981395 0.178764
vn 0.226563 0.973652 -0.025916
vn 0.932810 -0.329210 0.146581
vn 0.980040 -0.127954 0.152149
vn 0.977721 -0.020646 -0.208892
vn 0.929982 -0.347838 -0.118920
vn 0.967973 -0.188453 -0.165872
vn 0.978032 -0.025690 -0.206868
vn -0.195674 -0.975290 0.102573
vn -0.855470 -0.467233 0.223303
vn -0.875606 -0.471174 0.106342
vn -0.572396 -0.817799 -0.059736
vn -0.983541 -0.068739 0.167102
vn -0.977107 -0.058903 0.204430
vn 0.243437 0.735050 -0.632803
vn 0.697972 0.443237 -0.562473
vn -0.920273 0.268726 -0.284400
vn 0.149218 -0.958340 0.243552
vn 0.524931 0.238066 -0.817173
vn 0.807572 0.331103 -0.488056
vn 0.261928 0.887964 -0.378038
vn -0.466093 -0.884355 -0.025971
vn -0.224047 -0.967471 0.117488
vn -0.710754 -0.694338 0.112800
vn 0.083633 -0.993849 0.072590
vn 0.840722 -0.508788 0.185259
vn -0.138228 0.990310 -0.013358
vn -0.579143 0.814809 -0.026069
vn -0.193067 0.980027 0.047660
vn 0.658569 -0.736684 0.153569
vn 0.963200 -0.242938 0.115006
vn 0.607416 -0.783921 0.128505
vn 0.590279 -0.787876 0.175563
vn 0.416419 -0.899183 0.134406
vn 0.978055 -0.159446 0.134108
vn 0.979863 0.086093 0.180157
vn 0.995579 -0.081215 0.047180
vn 0.865743 -0.499784 0.026546
vn 0.980534 -0.183540 0.069759
vn -0.656795 -0.701318 0.277080
vn 0.059882 -0.981126 0.183865
vn -0.183846 -0.953666 0.238163
vn -0.469338 -0.843742 0.260425
vn -0.145420 0.986712 0.072478
vn 0.144457 0.981798 -0.123308
vn -0.979701 0.126392 -0.155598
vn -0.251239 -0.928346 0.273958
vn -0.213844 -0.934093 0.285902
vn -0.509043 0.860397 0.024343
vn -0.992815 -0.045952 -0.110489
vn 0.646275 -0.759140 0.077685
vn 0.931413 -0.330515 -0.152411
vn 0.956539 0.159410 -0.244176
vn 0.918314 -0.355429 -0.174271
vn 0.651701 -0.758410 0.009971
vn 0.810067 0.521549 -0.267917
vn 0.827102 0.498327 -0.259947
vn 0.125246 0.969331 -0.211449
vn -0.946641 -0.224105 0.231619
vn -0.982305 0.030209 0.184837
vn -0.831691 0.544445 0.108950
vn -0.976518 0.145327 0.159038
vn 0.968167 0.250104 -0.010068
vn -0.224985 -0.928774 0.294553
vn -0.206068 -0.936928 0.282315
vn -0.160254 -0.936484 0.311955
vn 0.074056 -0.953520 0.292087
vn 0.471354 -0.864537 0.174361
vn 0.057816 0.997032 0.050831
vn 0.999027 -0.042220 -0.012762
vn 0.880978 -0.471789 0.035968
vn 0.813000 -0.580148 0.049599
vn 0.972334 0.231283 0.032774
vn 0.999418 -0.009195 0.032863
vn 0.999733 -0.019261 -0.012777
vn 0.973191 -0.227658 0.032740
vn -0.238521 -0.940711 0.241186
vn -0.969043 -0.101503 0.225061
vn -0.793917 -0.505347 0.338112
vn -0.052262 0.985269 -0.162830
vn -0.671275 -0.687248 0.277633
vn -0.966621 -0.129424 0.221119
vn -0.902913 -0.347227 0.253341
vn -0.940752 0.313530 -0.129168
vn 0.971225 0.238136 0.003740
vn 0.878393 0.476861 -0.032089
vn 0.060858 0.984600 -0.163888
vn -0.199779 0.965079 -0.169444
vn -0.342871 0.920315 -0.188310
vn 0.771699 -0.615774 0.159069
vn 0.178534 0.977268 -0.114340
vn 0.559067 -0.816482 0.144225
vn 0.073269 0.978627 -0.192149
vn 0.742421 -0.646869 0.174272
vn 0.331217 -0.893387 0.303571
vn 0.836091 0.528326 -0.147728
vn 0.969151 0.179801 -0.168577
vn -0.016162 0.939261 -0.342824
vn -0.968037 0.190688 0.162920
vn -0.961874 0.228100 0.150894
vn -0.857248 0.488032 -0.164169
vn -0.559526 0.814692 -0.152339
vn -0.614800 0.775047 -0.146020
vn -0.093121 0.995492 0.017995
vn 0.381766 -0.915379 0.127811
vn 0.232295 -0.946582 0.223655
vn 0.724463 0.632690 -0.273598
vn 0.717451 0.647777 -0.256222
vn 0.823975 0.547751 -0.145033
vn 0.629590 0.717519 -0.297966
vn 0.826478 0.497113 -0.264221
vn 0.914996 0.329325 -0.233082
vn 0.938876 0.269162 -0.214623
vn 0.929320 0.308649 -0.202732
vn 0.862069 0.430901 -0.266761
vn 0.792826 -0.608673 0.030715
vn -0.050468 -0.960964 0.272033
vn -0.068693 -0.965458 0.251341
vn -0.818367 0.552665 -0.157597
vn 0.025671 -0.982029 0.186976
vn 0.095378 0.988899 -0.113940
vn -0.180611 0.981457 -0.064194
vn 0.549196 0.801834 -0.235467
vn 0.129042 0.970511 -0.203608
vn 0.673004 0.706120 -0.220138
vn 0.602002 0.764808 -0.229483
vn 0.052614 0.951672 -0.302575
vn 0.491683 0.829208 -0.265823
vn 0.082940 0.963260 -0.255442
vn 0.204718 0.978819 -0.001762
vn -0.082741 0.961449 -0.262240
vn 0.214335 -0.962224 0.167887
vn 0.398997 0.857782 -0.324053
vn 0.162362 0.913133 -0.373935
vn 0.736862 0.603847 -0.303981
vn 0.056178 0.951683 -0.301900
vn 0.274285 0.889147 -0.366314
vn -0.059905 0.979962 -0.189965
vn 0.728192 0.599756 -0.331707
vn 0.976327 0.134282 -0.169569
vn 0.589468 -0.743280 0.316326
vn 0.979451 0.187602 0.074037
vn 0.985405 0.158409 0.062325
vn 0.543012 0.836292 -0.075851
vn -0.391173 -0.870141 0.299731
vn -0.064162 -0.982903 0.172584
vn 0.345748 -0.932949 0.100317
vn 0.488276 -0.866607 0.102851
vn -0.736419 -0.663762 0.130796
vn 0.038732 0.998894 -0.026661
vn 0.497356 0.857616 -0.130891
vn 0.653678 0.751953 -0.085272
vn -0.144210 -0.960447 0.238212
vn -0.060757 0.939298 -0.337681
vn -0.023251 0.941733 -0.335557
vn -0.315789 0.915704 -0.248521
vn 0.534281 0.806051 -0.254608
vn 0.993885 0.061126 -0.091955
vn 0.526729 0.796505 -0.296877
vn 0.676131 0.650704 -0.345589
vn 0.739910 0.576646 -0.346429
vn 0.858741 0.413408 -0.302750
vn 0.985615 -0.167505 -0.022463
vn -0.187181 0.891192 -0.413208
vn 0.973205 0.219740 0.067730
vn 0.954196 0.296165 0.042385
vn 0.970757 0.234925 0.049410
vn -0.590277 -0.770430 0.240855
vn -0.462870 -0.859431 0.217093
vn -0.420657 -0.891496 0.168177
vn 0.354256 -0.931051 0.087449
vn -0.559062 -0.812706 0.164192
vn -0.558808 -0.821051 0.116653
vn 0.486328 -0.868282 0.097836
vn 0.678019 -0.731760 0.069403
vn 0.211405 0.970253 -0.117972
vn 0.265891 0.961643 -0.067413
vn 0.004539 0.992228 -0.124348
vn -0.041238 0.977688 -0.205973
vn 0.388888 0.891491 -0.232401
vn 0.004759 0.946352 -0.323103
vn 0.253110 0.911836 -0.323250
vn 0.478594 0.806498 -0.347143
vn -0.734061 0.645649 -0.210456
vn 0.376773 0.846170 -0.376880
vn -0.993528 0.089354 0.070124
vn -0.165774 -0.923435 0.346101
vn 0.759291 0.557843 -0.335094
vn -0.967782 -0.173157 0.182796
vn -0.256160 0.907131 -0.333909
vn 0.835388 -0.492033 0.245011
vn -0.068052 -0.913002 0.402240
vn -0.385054 0.853043 -0.352208
vn -0.338687 -0.899423 0.276276
vn -0.105011 0.927205 -0.359532
vn 0.085952 0.962273 -0.258154
vn 0.068305 0.996340 -0.051388
vn 0.292386 0.952325 -0.087108
vn 0.049269 0.998767 -0.006016
vn 0.324179 0.945205 -0.038683
vn 0.259249 0.965809 0.001892
vn 0.986212 -0.164591 -0.017183
vn -0.564801 -0.810109 0.157238
vn -0.957489 -0.232204 0.171162
vn -0.468702 0.877455 0.101942
vn -0.957249 -0.269250 0.105731
vn -0.138918 -0.976687 0.163660
vn 0.116076 0.977938 -0.173679
vn 0.448476 -0.881627 0.146983
vn 0.566249 -0.814296 0.127610
vn 0.710761 0.664847 -0.229777
vn 0.669656 0.742187 -0.026839
vn 0.689690 0.722414 -0.049454
vn -0.956966 -0.235810 0.169146
vn -0.869437 0.482985 -0.103949
vn -0.955482 -0.283998 0.079999
vn -0.197401 0.980279 -0.009252
vn -0.575889 0.817294 -0.019565
vn -0.604328 0.796357 -0.024543
vn -0.423230 0.905686 0.024673
vn 0.120646 0.991790 0.042397
vn 0.150268 0.987896 0.038488
vn -0.099730 0.994672 0.026117
vn -0.198907 0.978145 0.060558
vn 0.099943 0.994934 0.010857
vn 0.354778 0.931199 -0.083676
vn -0.169740 0.985416 -0.011959
vn 0.192894 0.975848 -0.102528
vn 0.529710 0.844082 -0.083264
vn -0.030222 0.997616 -0.062046
vn -0.902410 -0.362669 0.232653
vn 0.215232 0.972261 -0.091564
vn 0.125830 0.948016 -0.292289
vn -0.179844 -0.953009 0.243783
vn 0.558042 -0.732567 0.389789
vn -0.545163 -0.759975 0.353886
vn -0.988401 -0.103735 0.110916
vn -0.069118 0.947730 -0.311498
vn 0.049504 -0.990696 0.126769
vn -0.360419 -0.931056 0.056860
vn -0.658723 0.751036 -0.045042
vn 0.294410 0.951999 -0.083789
vn 0.402477 0.912048 -0.078617
vn 0.541756 0.836788 -0.079292
vn 0.402527 0.911533 -0.084145
vn 0.276996 0.957202 -0.083886
vn -0.017508 0.994541 -0.102868
vn 0.970324 0.238507 -0.039823
vn -0.974312 0.223401 -0.028435
vn 0.341280 -0.911211 0.230698
vn -0.323011 -0.924623 0.201832
vn -0.935300 -0.353853 -0.001097
vn 0.142511 -0.985108 0.096197
vn -0.981425 -0.191813 -0.003612
vn -0.955748 -0.294186 -0.000782
vn -0.655378 0.754117 -0.042286
vn -0.556646 0.829755 -0.040658
vn -0.138544 0.982955 -0.120851
vn 0.880845 -0.460936 0.107931
vn 0.942351 -0.318600 0.102315
vn -0.278765 0.957948 -0.068016
vn -0.087829 0.993755 -0.068825
vn 0.305157 0.941844 -0.140744
vn 0.007134 0.989156 -0.146698
vn 0.912156 -0.398936 0.093922
vn 0.111495 0.980822 -0.159867
vn -0.029250 0.981107 -0.191243
vn 0.116365 -0.894803 0.431030
vn -0.712882 0.644906 -0.275489
vn -0.929546 0.199227 -0.310248
vn -0.042425 0.916205 -0.398458
vn -0.741200 0.461828 -0.487173
vn 0.368625 -0.768069 0.523627
vn 0.094747 -0.988872 0.114699
vn -0.431114 0.899883 -0.065970
vn 0.862336 0.497654 0.093369
vn 0.922370 0.365580 0.124840
vn 0.050257 -0.982623 -0.178677
vn 0.363774 0.931484 0.002332
vn -0.217716 0.848869 -0.481685
vn 0.298012 -0.815847 0.495562
vn -0.003835 -0.986654 -0.162786
vn 0.166331 0.985367 -0.037226
vn -0.195299 0.974395 -0.111410
vn -0.092102 0.994910 0.040879
vn 0.645906 -0.761675 -0.051539
vn 0.996331 -0.078844 -0.033297
vn 0.890085 -0.453298 -0.047640
vn -0.437651 -0.839881 -0.321032
vn -0.871464 -0.489982 -0.021629
vn -0.969998 -0.237643 -0.051280
vn -0.343140 0.882014 0.322966
vn -0.139768 0.942549 0.303424
vn -0.691988 -0.699295 -0.179273
vn -0.988388 0.100603 0.113878
vn -0.376028 0.900039 0.220303
vn -0.952188 -0.295092 -0.079116
vn 0.289082 0.941623 0.172561
vn -0.322953 0.914395 0.244095
vn -0.134608 -0.974529 -0.179369
vn -0.418049 -0.877897 -0.233520
vn 0.052222 0.909007 0.413496
vn 0.091562 -0.981120 0.170351
vn -0.885042 0.189190 -0.425332
vn -0.394354 -0.904880 0.160239
vn -0.419625 -0.883608 0.207732
vn 0.788677 -0.501713 0.355349
vn 0.810777 0.584147 0.037576
vn -0.014735 0.984552 0.174470
vn -0.759876 -0.636892 -0.130219
vn -0.696311 -0.685284 0.213394
vn -0.953439 -0.283852 -0.101891
vn -0.918682 0.116835 -0.377322
vn -0.019243 -0.985983 0.165735
vn 0.920463 0.380187 0.090581
vn -0.618161 0.238534 -0.748985
vn 0.724482 0.660284 0.197866
vn -0.818009 -0.575122 -0.009773
vn -0.959533 -0.246560 -0.136029
vn -0.214667 0.925153 -0.313065
vn 0.135394 -0.978304 0.156810
vn -0.035746 -0.990657 0.131610
vn 0.236222 -0.961291 0.141839
vn 0.173443 -0.963428 0.204267
vn 0.851545 0.519638 0.069632
vn 0.899813 0.424993 0.098577
vn 0.358951 -0.926183 0.115499
vn 0.393590 -0.911248 0.121298
vn 0.696747 -0.703210 0.141561
vn 0.449457 -0.887982 0.097350
vn 0.420177 -0.903688 0.082461
vn 0.452947 -0.887256 0.087265
vn 0.982232 0.135537 0.129807
vn 0.777129 0.619650 0.110019
vn 0.958906 -0.256604 0.121054
vn -0.855420 -0.507734 -0.102289
vn -0.939073 -0.312098 -0.143999
vn -0.671281 -0.737570 -0.073299
vn 0.104479 -0.994526 -0.001105
vn -0.116767 0.992696 0.030336
vn 0.278335 0.958632 0.059615
vn -0.224959 -0.972722 0.056610
vn 0.231892 0.968158 -0.094322
vn -0.180656 0.981817 0.058300
vn -0.234674 0.971516 0.032936
vn -0.054223 -0.995361 0.079474
vn -0.325116 0.932334 0.158282
vn -0.505432 0.862081 0.036796
vn 0.441700 0.892604 0.090333
vn 0.763253 -0.640399 0.085640
vn -0.993073 -0.009681 -0.117097
vn -0.755532 -0.641631 -0.132220
vn 0.358823 0.932670 0.037041
vn 0.107980 0.984357 -0.139218
vn -0.230362 0.942900 -0.240570
vn -0.262599 -0.957799 -0.116886
vn -0.927217 0.366235 -0.078368
vn -0.897181 -0.428793 -0.105840
vn 0.625696 -0.766080 0.147060
vn -0.143760 0.966670 -0.211856
vn -0.297379 0.916724 -0.266802
vn 0.316228 -0.946824 0.059362
vn 0.991484 -0.061299 0.114900
vn 0.869615 0.455428 0.190670
vn 0.825628 0.540850 0.160685
vn -0.498281 0.866329 0.034482
vn 0.531528 -0.840014 -0.108874
vn 0.662997 -0.746839 -0.051643
vn -0.287792 0.912978 0.289218
vn 0.737497 0.599389 0.311178
vn 0.430377 0.818538 0.380489
vn 0.482079 -0.827967 -0.286480
vn 0.957859 -0.287231 -0.002130
vn 0.738073 -0.655070 -0.161653
vn 0.516407 -0.831922 -0.203050
vn -0.695925 0.642803 -0.320144
vn 0.953567 0.021514 0.300411
vn -0.853800 -0.491076 -0.172827
vn -0.556010 -0.830405 -0.035769
vn -0.630774 -0.774637 -0.045406
vn -0.828018 -0.528778 -0.186494
vn 0.370286 -0.909622 -0.188352
vn 0.349521 -0.868969 -0.350325
vn 0.134283 -0.974934 -0.177404
vn 0.458921 -0.839107 -0.292046
vn 0.653614 -0.756359 -0.026638
vn 0.390107 -0.917657 -0.075650
vn 0.927495 0.293280 0.231818
vn -0.040581 0.865429 0.499385
vn 0.104607 0.827019 0.552356
vn -0.577803 0.793430 -0.191344
vn -0.332846 0.932192 -0.142241
vn -0.247782 -0.950671 -0.186625
vn -0.688567 -0.671075 -0.274834
vn 0.438296 -0.891511 -0.114480
vn 0.922013 -0.171225 0.347238
vn 0.930194 -0.333715 0.152882
vn 0.319903 -0.806051 -0.497939
vn -0.973520 -0.163913 -0.159349
vn -0.949276 -0.254890 -0.184138
vn -0.590935 -0.684856 -0.426342
vn 0.138273 -0.961870 -0.235979
vn 0.021425 0.840331 0.541650
vn 0.379836 -0.846446 -0.373166
vn -0.451710 0.019047 0.891962
vn -0.146076 0.986781 -0.070181
vn -0.677496 -0.723105 -0.134604
vn -0.871851 -0.435939 -0.223235
vn 0.948058 -0.142982 0.284153
vn -0.386849 0.918341 0.083654
vn 0.715884 -0.697643 0.028363
vn 0.660581 -0.748012 0.064120
vn 0.721026 -0.685911 0.098223
vn -0.632690 0.753069 -0.180529
vn -0.729284 0.650273 -0.212815
vn -0.590064 0.789490 -0.168909
vn -0.090610 0.931802 0.351476
vn 0.173588 -0.979722 -0.100056
vn 0.891780 0.417844 -0.173592
vn 0.736880 -0.636521 -0.227705
vn 0.862723 -0.497599 -0.090018
vn 0.056249 0.707564 0.704407
vn 0.902279 0.426869 0.060629
vn 0.032072 0.667082 0.744294
vn 0.827743 0.539537 0.154087
vn 0.161199 -0.759034 0.630779
vn -0.245399 -0.968522 0.041769
vn -0.886952 -0.291768 0.358032
vn -0.953725 -0.114162 0.278165
vn -0.896428 -0.371086 0.242305
vn -0.804708 -0.593025 -0.027672
vn -0.982581 -0.154916 -0.102648
vn -0.994394 -0.097344 -0.041279
vn -0.992307 -0.095834 -0.078380
vn -0.287340 0.882872 -0.371448
vn -0.122323 0.934109 0.335376
vn 0.021974 0.955472 0.294262
vn 0.641286 0.312295 0.700873
vn 0.599278 -0.131873 0.789605
vn 0.645341 -0.754256 0.120962
vn -0.198789 0.848832 -0.489864
vn 0.140629 0.912774 -0.383494
vn 0.008867 0.874401 -0.485123
vn 0.976404 0.032986 -0.213418
vn -0.829927 0.538279 -0.146549
vn 0.135104 0.926494 -0.351221
vn -0.714640 -0.456590 0.529920
vn -0.082597 0.995068 -0.054933
vn -0.715937 -0.458483 0.526524
vn -0.720404 -0.451255 0.526674
vn 0.005028 -0.999480 -0.031863
vn 0.175734 0.942666 0.283724
vn -0.887989 -0.312894 0.337005
vn -0.917396 -0.250006 0.309647
vn -0.237404 -0.970670 0.037930
vn -0.099590 -0.994345 0.036884
vn 0.924935 -0.372915 -0.073693
vn 0.859626 -0.507666 -0.057607
vn 0.808936 0.574973 -0.122594
vn 0.774307 -0.629544 -0.064218
vn 0.770974 -0.634458 -0.055337
vn 0.601032 -0.798244 -0.039599
vn 0.473251 0.829666 -0.296121
vn 0.361462 -0.928347 0.086706
vn 0.967437 -0.241354 -0.076252
vn 0.890572 -0.454248 -0.023272
vn 0.867691 -0.496868 -0.015324
vn -0.945333 -0.297768 -0.132967
vn -0.976046 0.196906 -0.092532
vn -0.972641 -0.148657 -0.178522
vn -0.825276 0.558086 -0.086374
vn -0.388693 -0.913716 0.118489
vn 0.076185 0.982923 -0.167507
vn 0.078592 0.982764 -0.167328
vn -0.244420 -0.962713 0.115939
vn 0.802550 -0.596433 0.013429
vn 0.931653 -0.362600 -0.023334
vn 0.817812 -0.570153 0.078159
vn 0.851869 -0.508617 0.125011
vn -0.886714 0.456430 -0.073558
vn -0.321035 0.942566 0.092228
vn -0.590095 0.311323 -0.744893
vn -0.596894 0.284655 -0.750126
vn -0.367113 0.923650 0.109991
vn -0.345829 0.932537 0.103810
vn -0.344141 0.932901 0.106122
vn -0.576510 0.335614 -0.744983
vn 0.622377 0.770831 -0.135893
vn -0.467011 -0.877158 0.111782
vn -0.264758 -0.962775 0.054472
vn -0.983035 0.171468 -0.065126
vn -0.985337 0.158633 -0.062825
vn -0.978717 0.195205 -0.063306
vn -0.345347 -0.937165 0.049577
vn -0.296890 -0.954215 -0.036466
vn -0.337942 -0.940386 -0.038342
vn 0.939973 0.303139 -0.156708
vn -0.191994 0.956461 -0.219818
vn -0.343232 -0.938431 -0.039227
vn -0.225018 0.947869 -0.225637
vn 0.964600 0.212820 -0.155738
vn -0.478539 -0.878038 0.006995
vn -0.399947 0.835121 -0.377644
vn -0.044068 0.933428 -0.356047
vn 0.984731 0.050108 -0.166713
vn 0.983754 0.087602 -0.156700
vn 0.984464 0.067135 -0.162246
vn -0.324140 -0.459712 0.826800
vn 0.015886 0.668355 0.743673
vn -0.320964 -0.439110 0.839145
vn -0.324488 -0.464409 0.824034
vn 0.164564 -0.763246 0.624799
vn -0.324530 -0.465001 0.823684
vn -0.350201 0.854094 0.384554
vn -0.864134 0.034138 0.502102
vn -0.436376 0.800797 0.410243
vn 0.888374 -0.372165 -0.268857
vn 0.898041 -0.221347 -0.380168
vn -0.332382 0.851198 -0.406182
vn 0.712594 0.690594 -0.123652
vn 0.662121 0.737653 -0.132153
vn 0.685646 -0.727803 -0.013880
vn 0.668487 -0.743675 -0.008507
vn 0.685575 -0.727822 -0.016186
vn 0.699144 0.702668 -0.132124
vn 0.728492 0.673400 -0.125822
vn -0.222746 0.946989 -0.231510
vn 0.098585 0.986688 -0.129338
vn 0.794155 0.582931 0.171783
vn -0.121756 0.938697 -0.322526
vn 0.604243 0.754530 -0.256076
vn 0.613361 0.766032 -0.192310
vn 0.763960 0.603429 -0.228559
vn 0.605420 0.781552 -0.150478
vn 0.825678 0.537985 -0.169788
vn -0.262360 -0.950973 -0.163763
vn 0.981916 0.105454 -0.157225
vn 0.926472 0.349013 -0.140852
vn -0.247571 0.899194 0.360775
vn -0.900913 0.317329 0.296072
vn -0.843498 -0.536260 -0.030601
vn -0.949264 0.132141 0.285372
vn -0.227886 0.903444 0.363122
vn -0.906313 0.219439 0.361168
vn -0.438269 0.810345 0.388923
vn -0.513890 0.725608 0.457613
vn 0.220696 -0.178316 -0.958904
vn -0.384827 0.843246 -0.375293
vn 0.847783 -0.498378 0.181340
vn 0.997595 0.003906 0.069207
vn 0.458393 0.841041 -0.287272
vn 0.733324 0.616548 -0.286539
vn 0.920270 -0.375204 -0.111019
vn 0.922230 -0.370261 -0.111351
vn -0.732833 -0.678357 0.052794
vn -0.806167 -0.591166 0.024843
vn -0.670725 0.662079 0.334334
vn -0.868626 -0.493361 0.045642
vn -0.918658 0.366107 0.148438
vn -0.311273 0.873723 0.373788
vn -0.985684 0.133372 0.103144
vn -0.495713 0.803059 0.330703
vn -0.910267 -0.407001 0.075919
vn -0.975163 0.027634 0.219756
vn -0.948649 0.168538 0.267694
vn -0.491262 0.804429 0.334000
vn 0.180239 0.689429 -0.701571
vn 0.220057 -0.176826 -0.959326
vn 0.087511 0.733406 -0.674135
vn 0.026763 0.759789 -0.649619
vn -0.147734 0.768234 -0.622889
vn -0.157311 0.836572 -0.524787
vn 0.012233 -0.997012 -0.076275
vn -0.044372 -0.996035 -0.077107
vn -0.223824 -0.972256 -0.067978
vn -0.028192 -0.997563 -0.063821
vn -0.007812 -0.997414 -0.071439
vn -0.981774 -0.187831 0.028963
vn -0.998644 -0.042477 0.030109
vn -0.902292 -0.314995 -0.294357
vn 0.048996 -0.042894 -0.997878
vn 0.169751 0.367836 -0.914265
vn 0.186921 -0.364994 -0.912053
vn 0.736172 -0.651375 0.183744
vn 0.613180 -0.764030 0.200671
vn -0.845436 0.434434 -0.310653
vn -0.888000 0.392602 -0.239415
vn 0.333715 -0.926033 0.176344
vn 0.287332 -0.941077 0.178364
vn 0.656171 0.753923 -0.032238
vn 0.549565 0.825780 0.126752
vn 0.047034 0.992001 0.117143
vn 0.301909 0.916952 -0.260863
vn -0.030748 -0.999523 0.003018
vn 0.138198 -0.976170 0.167311
vn 0.667473 -0.744532 -0.012304
vn -0.025889 0.982906 -0.182280
vn -0.198012 0.970392 -0.138314
vn -0.513272 0.811574 0.279106
vn -0.975934 -0.164710 0.142908
vn -0.854117 -0.517551 0.051233
vn -0.772450 0.546505 0.323501
vn -0.727388 -0.546824 0.414596
vn 0.869367 0.202106 -0.450948
vn 0.686453 0.408217 -0.601782
vn 0.745644 0.127497 -0.654033
vn -0.905430 -0.415879 0.085094
vn -0.963860 0.159351 0.213498
vn -0.974095 -0.190718 0.121514
vn -0.971778 0.017225 0.235268
vn 0.326603 0.683341 -0.652975
vn -0.917351 0.287518 -0.275319
vn 0.976015 -0.159473 -0.148199
vn 0.987722 0.049207 -0.148267
vn 0.989261 -0.131652 -0.063478
vn -0.736715 -0.674530 0.047544
vn 0.993608 -0.111465 -0.017861
vn 0.955332 -0.295509 0.003824
vn -0.385203 -0.889846 0.244524
vn -0.274935 -0.924071 0.265524
vn 0.251836 -0.949421 0.187560
vn 0.217037 -0.954162 0.206080
vn -0.984599 0.060313 -0.164094
vn -0.161420 0.979293 0.122183
vn -0.990007 0.015809 -0.140129
vn 0.461921 -0.872482 0.159384
vn 0.759521 -0.613648 0.215787
vn 0.141814 0.983392 0.113263
vn 0.468944 0.870083 0.151813
vn 0.578270 0.804352 0.136464
vn 0.970330 -0.162220 -0.179288
vn 0.919748 -0.368208 -0.135964
vn 0.966127 0.152775 -0.207988
vn 0.981196 0.017585 -0.192210
vn 0.972857 0.049366 -0.226082
vn 0.315281 0.926621 -0.204871
vn 0.213134 0.949804 -0.229010
vn 0.482360 0.821093 -0.305180
vn -0.518336 0.436270 -0.735524
vn -0.499488 0.419201 -0.758144
vn -0.664065 0.664491 -0.342738
vn -0.369348 0.929044 0.021405
vn -0.557280 0.829979 0.023958
vn -0.472569 0.880000 0.047738
vn -0.994691 0.052916 -0.088262
vn 0.478419 0.860604 0.174573
vn 0.602923 0.797738 -0.009937
vn 0.159374 -0.959106 0.233913
vn 0.961055 -0.218645 -0.169020
vn -0.079860 0.980426 -0.179967
vn -0.953144 0.271798 0.132827
vn -0.946969 0.295376 0.126500
vn -0.927962 0.358059 0.103346
vn -0.909656 0.407868 0.078548
vn -0.843859 0.532065 0.069342
vn 0.080892 0.973948 -0.211852
vn 0.939964 0.341227 0.005571
vn 0.933455 0.205182 0.294214
vn 0.738106 -0.673505 0.039886
vn 0.615706 -0.783432 0.084503
vn 0.670595 -0.738447 0.070703
vn 0.672304 -0.735960 0.079821
vn 0.993454 -0.113605 0.011996
vn 0.652538 0.752038 -0.092913
vn 0.243967 -0.962347 0.119868
vn 0.869205 0.486085 -0.090580
vn 0.717039 0.689635 -0.101292
vn -0.212123 0.970881 -0.111329
vn 0.540332 0.836096 -0.094787
vn 0.945328 -0.325117 0.025579
vn 0.999786 0.012680 -0.016365
vn 0.097663 -0.964188 0.246583
vn 0.052072 0.962987 -0.264472
vn 0.972576 0.224195 0.061908
vn 0.961285 0.269741 0.056311
vn 0.963510 0.265396 0.034842
vn 0.960699 0.274807 0.039230
vn -0.602789 0.786659 -0.133463
vn 0.994109 0.108293 0.004504
vn 0.990524 -0.133365 0.032811
vn 0.954105 -0.291949 0.066696
vn 0.984251 -0.163304 0.067684
vn 0.962187 0.270548 -0.031624
vn 0.923795 -0.294913 -0.244192
vn 0.628217 -0.777040 -0.039384
vn 0.889692 -0.405762 -0.209296
vn -0.907200 -0.324383 0.267889
vn -0.855014 0.517488 0.034027
vn 0.816441 0.502880 -0.283788
vn 0.901069 0.361091 -0.240183
vn 0.990677 -0.035512 -0.131518
vn 0.704932 -0.697095 0.130880
vn 0.140354 -0.942251 0.304080
vn 0.957043 0.218714 -0.190352
vn 0.456677 -0.889079 0.031374
vn -0.919811 0.320558 0.226252
vn -0.989262 0.112244 -0.093607
vn 0.947734 0.315751 0.045847
vn -0.050902 0.978632 -0.199222
vn 0.086433 0.934520 -0.345256
vn -0.872650 0.456963 0.172240
vn -0.936390 -0.005686 0.350915
vn -0.721046 -0.670215 0.175797
vn -0.302858 0.933572 -0.191625
vn -0.150399 0.952153 -0.266055
vn 0.425754 0.847808 -0.316157
vn 0.280071 0.869066 -0.407781
vn 0.247901 0.877299 -0.410964
vn -0.008817 0.974741 -0.223165
vn -0.904796 0.367771 0.214680
vn 0.750736 0.589382 -0.298369
vn 0.694795 0.634604 -0.338436
vn 0.678496 -0.675765 0.288070
vn 0.827941 -0.532226 0.176776
vn 0.839315 0.446076 -0.310752
vn 0.565897 -0.775896 0.278829
vn 0.139762 -0.978812 0.149643
vn -0.483665 -0.839477 0.247680
vn -0.076904 0.996269 -0.039173
vn -0.201008 0.936302 -0.287984
vn -0.573210 0.779511 -0.252574
vn -0.080539 0.931237 -0.355402
vn 0.996259 0.049222 -0.071034
vn 0.994486 0.058993 -0.086699
vn 0.112490 0.914214 -0.389306
vn -0.122151 0.935786 -0.330731
vn -0.115610 0.936396 -0.331357
vn -0.511996 0.816629 -0.266413
vn -0.669471 0.697912 -0.254414
vn -0.701679 0.676225 -0.224426
vn 0.993610 0.064708 -0.092481
vn 0.994254 0.057794 -0.090099
vn 0.994379 0.056465 -0.089562
vn 0.421121 0.818253 -0.391304
vn 0.262538 0.869747 -0.417868
vn -0.525389 0.792128 -0.310645
vn -0.141630 0.893927 -0.425247
vn -0.063416 0.904011 -0.422780
vn -0.526424 0.799153 -0.290229
vn -0.538810 0.771608 -0.338089
vn -0.809183 0.540774 -0.229750
vn -0.795567 0.559395 -0.232702
vn -0.639667 0.716339 -0.278720
vn -0.251557 0.873707 -0.416359
vn 0.093667 0.891292 -0.443651
vn -0.030153 0.903647 -0.427216
vn 0.838569 0.519048 -0.165505
vn 0.493140 -0.869031 0.039976
vn 0.199858 -0.975812 0.088590
vn 0.109053 0.984837 -0.134920
vn 0.997271 0.038077 -0.063250
vn 0.755296 0.652053 -0.065993
vn 0.744344 0.667546 -0.018294
vn 0.311899 0.949649 -0.029766
vn 0.612332 0.790271 0.022832
vn 0.581594 0.813450 0.006940
vn -0.156651 -0.962547 0.221278
vn -0.211429 -0.969601 0.123174
vn -0.763073 -0.618407 0.187862
vn 0.515278 -0.850629 0.104495
vn 0.592780 -0.800989 0.083837
vn 0.501466 -0.858886 0.104147
vn 0.321182 -0.935652 0.146280
vn 0.278711 -0.946357 0.163487
vn 0.268901 -0.957085 0.108075
vn 0.020139 0.968463 -0.248343
vn -0.572661 -0.744193 0.343854
vn 0.314313 -0.893329 0.321203
vn 0.695825 0.628001 -0.348486
vn -0.757746 0.627763 -0.178143
vn -0.991497 -0.049760 0.120240
vn -0.844778 -0.500775 0.188613
vn -0.751372 0.631627 -0.191020
vn -0.750178 0.633444 -0.189690
vn 0.932217 -0.355194 0.069346
vn 0.972982 -0.214917 -0.084357
vn 0.501622 0.833202 -0.232700
vn 0.973501 0.213480 0.081986
vn 0.965855 -0.098025 0.239824
vn -0.142322 -0.907213 0.395864
vn -0.094717 0.895780 -0.434289
vn -0.589628 0.787093 -0.181174
vn 0.358309 0.849219 -0.387869
vn -0.936781 -0.281165 0.208300
vn -0.897326 -0.385710 0.214555
vn -0.982841 -0.156635 0.097413
vn 0.336799 0.919175 -0.204166
vn 0.559639 0.754117 -0.343676
vn 0.653172 0.751808 -0.090281
vn 0.889537 0.446352 -0.097430
vn 0.935927 0.307350 -0.171978
vn -0.099914 0.994437 0.033348
vn 0.579314 0.815104 0.000452
vn 0.720118 0.693688 -0.015081
vn 0.965060 -0.261979 -0.005060
vn 0.963766 -0.266738 0.002456
vn 0.957690 -0.287751 0.005491
vn 0.290820 0.956462 0.024598
vn -0.958558 0.208249 0.194417
vn -0.059670 -0.983240 0.172276
vn -0.944842 -0.286031 0.159560
vn -0.726465 0.686651 0.027542
vn -0.951520 0.292888 -0.093946
vn -0.923035 -0.361715 0.131029
vn -0.868765 -0.465008 0.170338
vn -0.916816 -0.374210 0.139339
vn -0.716722 0.697359 -0.000496
vn -0.082929 -0.984902 0.151957
vn -0.135699 -0.977570 0.161066
vn 0.414747 0.862819 -0.289013
vn -0.106809 0.951860 -0.287324
vn -0.228068 0.931280 -0.284082
vn 0.726106 0.630872 -0.273442
vn -0.551822 -0.770421 0.319287
vn -0.524856 -0.810051 0.261426
vn 0.945320 0.195643 0.260949
vn -0.064067 0.863562 -0.500157
vn -0.902724 0.430218 -0.001235
vn -0.000863 0.997503 -0.070614
vn -0.039983 0.995654 -0.084109
vn 0.877106 0.470678 -0.095638
vn 0.952423 0.299662 -0.055620
vn 0.988468 -0.149104 0.026443
vn 0.773668 0.631795 -0.047668
vn 0.823924 0.563527 -0.059885
vn 0.615763 0.787649 -0.021097
vn 0.163473 0.986536 -0.004737
vn 0.720322 -0.563565 0.404389
vn 0.365132 -0.896265 0.251769
vn -0.072873 0.936306 -0.343542
vn -0.380264 0.700999 -0.603324
vn -0.383241 0.706615 -0.594828
vn 0.420591 0.848858 -0.320224
vn 0.179848 0.965703 -0.187278
vn -0.007875 -0.956772 0.290734
vn -0.953961 0.270462 -0.129644
vn -0.990404 -0.060178 -0.124414
vn -0.018182 0.897340 -0.440965
vn -0.989372 -0.139544 0.040880
vn -0.905943 -0.419627 0.056394
vn -0.977579 -0.209215 0.023848
vn -0.863848 -0.503745 0.002817
vn 0.360814 0.932307 -0.024826
vn 0.448867 0.889774 -0.082595
vn 0.245931 0.966125 -0.078229
vn -0.438175 0.897850 -0.043214
vn 0.997272 -0.064487 0.035907
vn 0.628008 0.770426 -0.109772
vn 0.636586 0.761746 -0.120420
vn 0.214868 0.973884 -0.073361
vn 0.081166 0.996198 -0.031652
vn -0.117551 0.992269 -0.039787
vn -0.033702 0.998559 -0.041763
vn -0.997274 -0.073588 -0.005441
vn -0.999966 -0.000618 -0.008217
vn 0.953931 -0.285369 0.092628
vn 0.984693 -0.167257 0.049036
vn 0.997134 0.072012 -0.023201
vn 0.795466 0.596698 0.105758
vn 0.863518 0.496076 0.090807
vn -0.424775 0.872371 -0.241939
vn -0.868766 -0.469572 0.157312
vn -0.973539 0.228398 -0.007518
vn -0.156168 0.974319 -0.162216
vn -0.915895 0.368728 -0.158667
vn -0.035250 0.979743 -0.197131
vn -0.995100 -0.064234 -0.075165
vn 0.947907 0.078847 0.308633
vn 0.939395 0.007504 0.342755
vn -0.998480 0.053136 -0.014659
vn -0.998657 0.049962 -0.013728
vn -0.244383 0.962225 -0.120005
vn 0.273668 0.961117 0.036869
vn 0.485042 0.855002 0.183590
vn -0.063932 0.948528 0.310173
vn 0.965321 -0.249142 -0.077993
vn 0.974156 -0.215055 -0.069080
vn 0.924432 0.363401 0.115608
vn -0.489141 0.515603 -0.703488
vn -0.445705 0.636630 -0.629324
vn -0.544810 0.654977 -0.523628
vn -0.350018 0.714806 -0.605426
vn -0.700960 0.655801 -0.280322
vn -0.643015 0.754304 -0.132504
vn -0.667294 0.720610 -0.188254
vn -0.149698 0.987985 -0.038419
vn -0.442326 0.896643 -0.019459
vn -0.799929 -0.592707 -0.093877
vn -0.191353 0.975865 -0.105224
vn -0.238157 0.970295 -0.042522
vn -0.901523 0.428529 0.060170
vn -0.862024 -0.506527 -0.018548
vn 0.480446 0.855604 0.192650
vn 0.936708 -0.320526 -0.140859
vn 0.951717 -0.264299 -0.156146
vn 0.409394 0.912321 0.008105
vn -0.311472 0.941395 0.129460
vn 0.188746 0.821571 0.537955
vn -0.384626 0.879179 0.281260
vn 0.150790 -0.962554 -0.225283
vn 0.999874 -0.008613 -0.013329
vn -0.106954 0.857364 0.503476
vn 0.056820 0.870037 0.489701
vn -0.023815 -0.981511 0.189919
vn 0.056842 -0.976619 0.207328
vn -0.430642 -0.882502 0.189045
vn 0.752162 -0.539831 0.377935
vn 0.863073 0.504990 0.009478
vn 0.515418 0.822631 -0.240046
vn 0.827315 0.559428 -0.050888
vn -0.993269 -0.110001 -0.036289
vn -0.981081 -0.189908 -0.037603
vn -0.974608 -0.217913 -0.051515
vn -0.958400 -0.277360 -0.067393
vn -0.879102 -0.460731 -0.122090
vn -0.946737 -0.312001 -0.079648
vn -0.864077 -0.487096 -0.126919
vn -0.482383 0.850974 0.207727
vn -0.873257 0.429490 0.230132
vn -0.296228 -0.935981 -0.190230
vn -0.485870 0.855485 0.179098
vn -0.599071 -0.753557 -0.270676
vn -0.089463 -0.658879 0.746910
vn -0.008189 0.804526 0.593861
vn -0.413241 0.600454 -0.684607
vn -0.347622 0.705561 -0.617529
vn -0.690909 0.635768 -0.344157
vn 0.086569 0.884684 -0.458082
vn 0.810065 0.585178 -0.036889
vn 0.970452 0.214637 0.110242
vn 0.066775 0.997337 -0.029330
vn 0.012875 0.988837 0.148441
vn 0.168626 0.967408 0.188908
vn -0.982595 -0.185633 0.006837
vn -0.991123 -0.131816 0.017331
vn -0.117343 0.903518 0.412172
vn -0.136297 0.815889 0.561914
vn -0.487611 0.686208 0.539772
vn -0.913953 0.291623 0.282215
vn -0.066076 -0.987424 0.143624
vn 0.320118 -0.926488 0.197851
vn 0.952404 -0.272091 0.137452
vn -0.023674 -0.981291 0.191069
vn -0.728923 -0.410234 -0.548069
vn -0.782209 -0.278105 -0.557500
vn -0.691388 0.691579 -0.209051
vn 0.249956 -0.966263 0.062117
vn 0.770314 -0.616408 0.163272
vn 0.098488 -0.995132 -0.003540
vn 0.964394 -0.224882 0.139186
vn 0.964949 -0.221413 0.140887
vn -0.170564 -0.982558 0.074076
vn 0.970145 0.227246 0.084727
vn 0.953052 0.062133 0.296364
vn -0.704327 -0.654336 -0.275259
vn -0.594330 -0.775729 -0.212170
vn -0.690037 0.451852 -0.565401
vn -0.534070 0.761348 -0.367586
vn -0.224651 0.945858 -0.234276
vn -0.299397 0.920129 -0.252438
vn -0.026677 0.986361 -0.162419
vn 0.652360 0.742490 0.152103
vn 0.253150 0.963553 -0.086493
vn 0.316371 0.947786 0.040139
vn 0.015099 0.998122 0.059376
vn 0.205880 0.975370 0.079156
vn 0.580889 0.805162 0.119508
vn 0.950469 -0.290914 0.109438
vn 0.918231 -0.382783 0.101629
vn 0.976608 0.165258 0.137572
vn -0.674222 0.643199 -0.362932
vn -0.847710 0.372809 -0.377360
vn -0.800058 0.456236 -0.389557
vn -0.636090 0.624834 -0.452737
vn -0.811626 -0.545592 -0.208789
vn -0.874392 -0.421980 -0.239524
vn 0.940622 0.110569 0.320945
vn -0.985301 0.169736 0.019282
vn -0.940743 0.238810 0.240775
vn 0.036306 0.996939 0.069247
vn -0.373385 0.926502 0.046673
vn -0.502072 0.863984 0.038146
vn 0.185684 0.979737 0.075075
vn 0.973263 0.180906 0.141534
vn 0.971832 0.189455 0.140177
vn 0.078911 0.993127 0.086439
vn -0.340906 0.939957 0.016255
vn 0.993958 -0.041935 0.101437
vn 0.944663 -0.143066 0.295201
vn 0.037856 0.980198 -0.194370
vn 0.072411 0.978917 -0.190990
vn 0.858932 0.483150 0.169711
vn -0.752596 -0.656136 -0.055542
vn -0.387878 -0.920750 -0.042060
vn -0.617969 -0.786047 0.015649
vn -0.900192 0.423496 -0.101516
vn -0.739227 0.667452 -0.089725
vn 0.005555 0.988052 -0.154021
vn -0.000567 0.988110 -0.153747
vn -0.675748 -0.736990 -0.014481
vn -0.968822 -0.207123 -0.135958
vn -0.637088 -0.770344 -0.026246
vn 0.349047 0.935310 0.057976
vn 0.298194 0.900477 0.316578
vn 0.995241 -0.000607 0.097447
vn 0.989607 -0.138319 0.039325
vn 0.855603 0.450057 0.255721
vn 0.958881 0.069124 0.275262
vn -0.951781 0.257775 -0.166331
vn -0.958468 0.247949 -0.140925
vn 0.563818 -0.815722 0.129251
vn 0.956424 -0.291746 -0.011684
vn -0.600525 0.779222 0.179396
vn 0.864808 0.442564 0.237158
vn 0.634546 -0.772536 -0.023208
vn -0.785598 -0.588935 -0.189714
vn -0.820828 -0.531926 -0.208077
vn -0.836763 -0.504312 -0.213299
vn 0.033609 -0.989276 0.142136
vn 0.875689 -0.482869 0.002442
vn -0.969763 0.217931 -0.109842
vn -0.934276 0.343325 -0.096215
vn -0.919805 0.383940 -0.080927
vn -0.649314 0.760461 -0.009562
vn -0.721476 -0.635773 -0.274345
vn -0.528881 -0.773884 -0.348407
vn -0.355536 -0.877132 -0.322852
vn -0.706540 -0.655166 -0.267506
vn -0.400545 -0.916136 -0.016076
vn -0.296713 -0.954479 0.030519
vn -0.387715 -0.921723 -0.010167
vn -0.817555 -0.550910 -0.167638
vn -0.285608 0.901776 0.324388
vn 0.616162 -0.689170 -0.381298
vn 0.686396 -0.636100 -0.352472
vn -0.542707 0.825335 0.155857
vn 0.591197 -0.720254 -0.362933
vn 0.862017 -0.202162 0.464820
vn 0.857501 -0.459537 -0.231340
vn -0.878272 0.399220 -0.263178
vn -0.873363 0.407648 -0.266571
vn -0.250647 0.964669 -0.081176
vn -0.902278 -0.372082 -0.217827
vn -0.981607 -0.113701 -0.153360
vn -0.986649 -0.081019 -0.141276
vn -0.390523 -0.799896 -0.455695
vn 0.574892 -0.795462 -0.191677
vn 0.724321 -0.668526 -0.168617
vn -0.795903 -0.510015 -0.326225
vn 0.691111 -0.711266 -0.128317
vn -0.510421 -0.363562 0.779290
vn -0.524350 -0.321801 0.788354
vn -0.514664 0.527335 0.676047
vn -0.996369 0.003989 -0.085045
vn -0.513353 0.533064 0.672541
vn -0.496095 0.552807 0.669548
vn -0.918594 0.361926 0.158727
vn 0.008038 0.837940 0.545703
vn 0.008539 0.840136 0.542309
vn -0.874492 -0.383486 -0.296990
vn -0.932759 0.162656 -0.321720
vn -0.467267 -0.881590 -0.066792
vn -0.883976 -0.400827 -0.240674
vn 0.409739 -0.901869 0.136919
vn -0.524876 -0.832880 -0.175546
vn -0.074995 -0.997059 0.015781
vn 0.009366 0.840377 0.541921
vn -0.875565 0.351866 -0.331024
vn -0.364626 0.912532 -0.185293
vn -0.868113 0.388948 -0.308383
vn -0.163966 0.975833 -0.144446
vn -0.914237 0.223906 -0.337695
vn -0.680909 0.691416 -0.241468
vn 0.900621 -0.339331 0.271542
vn 0.639962 0.701134 0.314420
vn -0.021167 0.991837 0.125740
vn 0.214397 0.973851 0.075161
vn -0.565995 0.802340 -0.189473
vn -0.957838 -0.135709 -0.253237
vn -0.638792 -0.734042 -0.230495
vn -0.792602 -0.474758 -0.382606
vn -0.214771 0.969066 0.121590
vn -0.971314 0.070190 -0.227207
vn -0.966682 0.096370 -0.237147
vn -0.972184 0.065700 -0.224814
vn -0.745128 -0.585170 -0.319936
vn 0.911216 0.214851 0.351460
vn -0.354759 0.934714 0.021366
vn -0.153640 0.966856 0.203924
vn 0.821777 0.466003 0.327909
vn 0.541903 0.720877 0.432062
vn 0.736428 0.584941 0.339878
vn 0.406276 0.733074 0.545475
vn 0.412846 0.731641 0.542457
vn 0.422993 0.721789 0.547811
vn -0.635180 -0.706211 -0.312750
vn -0.199967 0.901151 0.384629
vn -0.154764 0.958597 0.239038
vn -0.178975 0.967718 0.177454
vn -0.029492 0.986120 0.163392
vn -0.248017 0.905951 0.343133
vn -0.724350 -0.575243 0.380017
vn -0.859505 -0.389562 -0.330895
vn -0.190868 0.935596 0.297034
vn -0.924681 0.363849 0.112153
vn -0.918157 0.378820 0.116113
vn -0.959042 0.283080 0.010201
vn -0.761767 0.044282 0.646336
vn -0.863614 0.504087 -0.008196
vn -0.877933 0.478521 -0.015887
vn -0.261003 0.928171 0.265286
f 273//273 1055//1055 564//564
f 1055//1055 573//573 564//564
f 273//273 564//564 565//565
f 566//566 273//273 571//571
f 566//566 571//571 1//1
f 273//273 272//272 1055//1055
f 567//567 565//565 564//564
f 272//272 613//613 1055//1055
f 581//581 564//564 573//573
f 1057//1057 575//575 565//565
f 1057//1057 1056//1056 575//575
f 1057//1057 569//569 570//570
f 273//273 565//565 575//575
f 273//273 596//596 571//571
f 1//1 571//571 578//578
f 572//572 565//565 567//567
f 1057//1057 565//565 572//572
f 578//578 566//566 1//1
f 569//569 1057//1057 572//572
f 566//566 272//272 273//273
f 578//578 272//272 566//566
f 613//613 580//580 1055//1055
f 601//601 1055//1055 580//580
f 1055//1055 601//601 573//573
f 575//575 274//274 569//569
f 568//568 274//274 575//575
f 604//604 575//575 569//569
f 273//273 587//587 596//596
f 587//587 574//574 596//596
f 274//274 568//568 569//569
f 568//568 1056//1056 570//570
f 568//568 570//570 569//569
f 568//568 575//575 1056//1056
f 596//596 578//578 571//571
f 1164//1164 578//578 579//579
f 661//661 569//569 572//572
f 578//578 613//613 272//272
f 564//564 572//572 567//567
f 33//33 634//634 613//613
f 613//613 2//2 580//580
f 564//564 581//581 572//572
f 634//634 2//2 613//613
f 1140//1140 601//601 1071//1071
f 1060//1060 276//276 1058//1058
f 574//574 587//587 588//588
f 588//588 13//13 14//14
f 587//587 13//13 588//588
f 587//587 575//575 604//604
f 273//273 575//575 587//587
f 14//14 30//30 588//588
f 588//588 596//596 574//574
f 30//30 596//596 588//588
f 3//3 1065//1065 1066//1066
f 1066//1066 288//288 278//278
f 1065//1065 288//288 1066//1066
f 4//4 3//3 1066//1066
f 576//576 1066//1066 278//278
f 4//4 1066//1066 576//576
f 278//278 1067//1067 576//576
f 1067//1067 5//5 576//576
f 1070//1070 279//279 1068//1068
f 279//279 1070//1070 1069//1069
f 1070//1070 1068//1068 1069//1069
f 1063//1063 1091//1091 4//4
f 5//5 577//577 576//576
f 576//576 577//577 4//4
f 19//19 1063//1063 577//577
f 577//577 1063//1063 4//4
f 1104//1104 19//19 577//577
f 1106//1106 577//577 5//5
f 1104//1104 577//577 1106//1106
f 2//2 634//634 580//580
f 580//580 599//599 601//601
f 1071//1071 601//601 599//599
f 1071//1071 599//599 1166//1166
f 600//600 601//601 1140//1140
f 6//6 583//583 1141//1141
f 1141//1141 275//275 309//309
f 583//583 275//275 1141//1141
f 280//280 583//583 1072//1072
f 583//583 6//6 1072//1072
f 280//280 7//7 1059//1059
f 583//583 1059//1059 275//275
f 280//280 1059//1059 583//583
f 1172//1172 582//582 584//584
f 7//7 1061//1061 1059//1059
f 1059//1059 281//281 275//275
f 1061//1061 281//281 1059//1059
f 280//280 1073//1073 282//282
f 1073//1073 280//280 1072//1072
f 1148//1148 1062//1062 8//8
f 29//29 1062//1062 1148//1148
f 281//281 1061//1061 7//7
f 283//283 1074//1074 1075//1075
f 283//283 1075//1075 28//28
f 1075//1075 1074//1074 28//28
f 1076//1076 10//10 612//612
f 1079//1079 1078//1078 1082//1082
f 11//11 585//585 1081//1081
f 585//585 10//10 1080//1080
f 585//585 1080//1080 1081//1081
f 1078//1078 629//629 1082//1082
f 604//604 612//612 10//10
f 11//11 586//586 585//585
f 586//586 12//12 604//604
f 585//585 604//604 10//10
f 586//586 604//604 585//585
f 587//587 12//12 13//13
f 604//604 12//12 587//587
f 629//629 14//14 1082//1082
f 31//31 284//284 604//604
f 31//31 604//604 569//569
f 589//589 592//592 591//591
f 589//589 591//591 590//590
f 589//589 590//590 592//592
f 286//286 15//15 1093//1093
f 286//286 1093//1093 290//290
f 285//285 1083//1083 1085//1085
f 285//285 1085//1085 1086//1086
f 1085//1085 1083//1083 1086//1086
f 287//287 1087//1087 16//16
f 1084//1084 20//20 1088//1088
f 288//288 1065//1065 3//3
f 1089//1089 1064//1064 1090//1090
f 289//289 1064//1064 1089//1089
f 289//289 1089//1089 1090//1090
f 1088//1088 593//593 1084//1084
f 287//287 1091//1091 1092//1092
f 16//16 1087//1087 1092//1092
f 1087//1087 287//287 1092//1092
f 15//15 291//291 1094//1094
f 1093//1093 1094//1094 290//290
f 15//15 1094//1094 1093//1093
f 1094//1094 17//17 290//290
f 596//596 30//30 1099//1099
f 629//629 1099//1099 30//30
f 1084//1084 593//593 300//300
f 18//18 594//594 1063//1063
f 594//594 16//16 1092//1092
f 1063//1063 1092//1092 1091//1091
f 594//594 1092//1092 1063//1063
f 1095//1095 593//593 1088//1088
f 291//291 1097//1097 1094//1094
f 1097//1097 292//292 1096//1096
f 1094//1094 1096//1096 17//17
f 1097//1097 1096//1096 1094//1094
f 31//31 569//569 661//661
f 300//300 593//593 597//597
f 593//593 1095//1095 597//597
f 1063//1063 19//19 595//595
f 1063//1063 595//595 18//18
f 292//292 295//295 1098//1098
f 17//17 1096//1096 293//293
f 1096//1096 292//292 1098//1098
f 1096//1096 1098//1098 293//293
f 596//596 1099//1099 578//578
f 18//18 595//595 1111//1111
f 595//595 19//19 1108//1108
f 595//595 1108//1108 1111//1111
f 293//293 1098//1098 1100//1100
f 1098//1098 295//295 1100//1100
f 1102//1102 294//294 1101//1101
f 629//629 578//578 1099//1099
f 1106//1106 1105//1105 1104//1104
f 1104//1104 1105//1105 19//19
f 598//598 597//597 1095//1095
f 1101//1101 1103//1103 1102//1102
f 20//20 1084//1084 300//300
f 1116//1116 297//297 1107//1107
f 296//296 1109//1109 1110//1110
f 1111//1111 1108//1108 605//605
f 1108//1108 19//19 21//21
f 1114//1114 298//298 1112//1112
f 1114//1114 1112//1112 1103//1103
f 298//298 1113//1113 1112//1112
f 1113//1113 294//294 1102//1102
f 1112//1112 1102//1102 1103//1103
f 1113//1113 1102//1102 1112//1112
f 1114//1114 1103//1103 1115//1115
f 1114//1114 1115//1115 298//298
f 22//22 296//296 1110//1110
f 22//22 1110//1110 1109//1109
f 299//299 297//297 1116//1116
f 32//32 1159//1159 1158//1158
f 23//23 299//299 1116//1116
f 23//23 1116//1116 1107//1107
f 300//300 597//597 1124//1124
f 1157//1157 1124//1124 597//597
f 1156//1156 597//597 598//598
f 1157//1157 597//597 1156//1156
f 1121//1121 1117//1117 1120//1120
f 1120//1120 1122//1122 1121//1121
f 1122//1122 1117//1117 1121//1121
f 1118//1118 301//301 1123//1123
f 1118//1118 1119//1119 301//301
f 1123//1123 1119//1119 1118//1118
f 1125//1125 21//21 1126//1126
f 302//302 1130//1130 24//24
f 1127//1127 305//305 1128//1128
f 1127//1127 1128//1128 1129//1129
f 305//305 1127//1127 1129//1129
f 26//26 1137//1137 1133//1133
f 304//304 24//24 1138//1138
f 1138//1138 24//24 1131//1131
f 1135//1135 1131//1131 1132//1132
f 1138//1138 1131//1131 1135//1135
f 1132//1132 1130//1130 302//302
f 306//306 1133//1133 1137//1137
f 24//24 1130//1130 1131//1131
f 1131//1131 1130//1130 1132//1132
f 1135//1135 304//304 1138//1138
f 303//303 25//25 1134//1134
f 1134//1134 1136//1136 303//303
f 25//25 1136//1136 1134//1134
f 307//307 306//306 1137//1137
f 307//307 1137//1137 26//26
f 681//681 579//579 578//578
f 1164//1164 33//33 613//613
f 1164//1164 613//613 578//578
f 614//614 580//580 634//634
f 573//573 601//601 600//600
f 1139//1139 1184//1184 1140//1140
f 615//615 334//334 581//581
f 600//600 1165//1165 573//573
f 581//581 573//573 616//616
f 640//640 616//616 573//573
f 36//36 680//680 6//6
f 35//35 1143//1143 309//309
f 27//27 6//6 1141//1141
f 1142//1142 1141//1141 309//309
f 27//27 1141//1141 1142//1142
f 309//309 1143//1143 1142//1142
f 1142//1142 308//308 27//27
f 1143//1143 308//308 1142//1142
f 6//6 680//680 607//607
f 607//607 1072//1072 6//6
f 37//37 584//584 609//609
f 584//584 582//582 609//609
f 1072//1072 607//607 1073//1073
f 276//276 1060//1060 1145//1145
f 1060//1060 1058//1058 1145//1145
f 310//310 1144//1144 1147//1147
f 1144//1144 277//277 1146//1146
f 1147//1147 1146//1146 1149//1149
f 1144//1144 1146//1146 1147//1147
f 310//310 1147//1147 1149//1149
f 29//29 1148//1148 8//8
f 602//602 311//311 282//282
f 611//611 311//311 602//602
f 1152//1152 1150//1150 1181//1181
f 1152//1152 1181//1181 1182//1182
f 1073//1073 602//602 282//282
f 611//611 602//602 1073//1073
f 1182//1182 1150//1150 1152//1152
f 609//609 582//582 1151//1151
f 1076//1076 654//654 53//53
f 603//603 9//9 1153//1153
f 1154//1154 1153//1153 312//312
f 603//603 1153//1153 1154//1154
f 1155//1155 1077//1077 1079//1079
f 313//313 320//320 1183//1183
f 313//313 1183//1183 1204//1204
f 1077//1077 1155//1155 627//627
f 1154//1154 9//9 603//603
f 612//612 604//604 284//284
f 30//30 14//14 629//629
f 1156//1156 314//314 1161//1161
f 1157//1157 1161//1161 1124//1124
f 1156//1156 1161//1161 1157//1157
f 21//21 1125//1125 1108//1108
f 1125//1125 1126//1126 605//605
f 1125//1125 605//605 1108//1108
f 1161//1161 314//314 1162//1162
f 1161//1161 1162//1162 1124//1124
f 32//32 1158//1158 1160//1160
f 1158//1158 1159//1159 1160//1160
f 1164//1164 579//579 33//33
f 579//579 1163//1163 33//33
f 633//633 1163//1163 46//46
f 33//33 1163//1163 633//633
f 614//614 1166//1166 599//599
f 614//614 599//599 580//580
f 581//581 1257//1257 572//572
f 1140//1140 1071//1071 1139//1139
f 1071//1071 1166//1166 1139//1139
f 59//59 636//636 614//614
f 636//636 1166//1166 614//614
f 636//636 1165//1165 1166//1166
f 581//581 334//334 1185//1185
f 1166//1166 1184//1184 1139//1139
f 39//39 615//615 616//616
f 615//615 581//581 616//616
f 640//640 321//321 1186//1186
f 34//34 606//606 1189//1189
f 1167//1167 41//41 1168//1168
f 1169//1169 1168//1168 315//315
f 1167//1167 1168//1168 1169//1169
f 680//680 36//36 41//41
f 41//41 1170//1170 1168//1168
f 1168//1168 1171//1171 315//315
f 1170//1170 1171//1171 1168//1168
f 315//315 1171//1171 1174//1174
f 1174//1174 1170//1170 316//316
f 1171//1171 1170//1170 1174//1174
f 35//35 1173//1173 1143//1143
f 1143//1143 316//316 308//308
f 1173//1173 316//316 1143//1143
f 1230//1230 1172//1172 620//620
f 316//316 1173//1173 1174//1174
f 1174//1174 35//35 315//315
f 1173//1173 35//35 1174//1174
f 620//620 1172//1172 584//584
f 620//620 584//584 608//608
f 622//622 1192//1192 37//37
f 608//608 584//584 37//37
f 622//622 37//37 623//623
f 624//624 623//623 1194//1194
f 622//622 623//623 624//624
f 1194//1194 623//623 1199//1199
f 623//623 37//37 610//610
f 1199//1199 610//610 1177//1177
f 623//623 610//610 1199//1199
f 326//326 1202//1202 43//43
f 607//607 1235//1235 1073//1073
f 1175//1175 1179//1179 317//317
f 318//318 1179//1179 1175//1175
f 317//317 318//318 1175//1175
f 319//319 1178//1178 1180//1180
f 319//319 1176//1176 1178//1178
f 1178//1178 1176//1176 1177//1177
f 1177//1177 610//610 609//609
f 610//610 37//37 609//609
f 1177//1177 609//609 1178//1178
f 1178//1178 609//609 1180//1180
f 1235//1235 611//611 1073//1073
f 609//609 1151//1151 1180//1180
f 1183//1183 320//320 329//329
f 57//57 654//654 612//612
f 612//612 654//654 1076//1076
f 1204//1204 1183//1183 329//329
f 1079//1079 1077//1077 1078//1078
f 1077//1077 627//627 626//626
f 1078//1078 626//626 38//38
f 1077//1077 626//626 1078//1078
f 38//38 628//628 1078//1078
f 628//628 629//629 1078//1078
f 612//612 284//284 31//31
f 31//31 44//44 631//631
f 1165//1165 636//636 766//766
f 1225//1225 637//637 48//48
f 334//334 637//637 1225//1225
f 48//48 637//637 39//39
f 637//637 334//334 615//615
f 637//637 615//615 39//39
f 1165//1165 766//766 573//573
f 573//573 766//766 321//321
f 39//39 616//616 1224//1224
f 1224//1224 616//616 1258//1258
f 349//349 39//39 1224//1224
f 640//640 573//573 321//321
f 1186//1186 617//617 640//640
f 321//321 638//638 49//49
f 49//49 1186//1186 321//321
f 1186//1186 322//322 674//674
f 1186//1186 1226//1226 673//673
f 1186//1186 673//673 322//322
f 674//674 322//322 673//673
f 66//66 641//641 644//644
f 641//641 40//40 643//643
f 644//644 643//643 51//51
f 641//641 643//643 644//644
f 1229//1229 1292//1292 323//323
f 51//51 643//643 642//642
f 643//643 40//40 618//618
f 642//642 618//618 34//34
f 643//643 618//618 642//642
f 336//336 1230//1230 619//619
f 323//323 1187//1187 1188//1188
f 1187//1187 41//41 1167//1167
f 1188//1188 1167//1167 1169//1169
f 1187//1187 1167//1167 1188//1188
f 1292//1292 41//41 1187//1187
f 1292//1292 1187//1187 323//323
f 1292//1292 680//680 41//41
f 606//606 1190//1190 1189//1189
f 1190//1190 51//51 642//642
f 1189//1189 642//642 34//34
f 1190//1190 642//642 1189//1189
f 620//620 619//619 1230//1230
f 1192//1192 1191//1191 608//608
f 1191//1191 42//42 648//648
f 1191//1191 1192//1192 622//622
f 622//622 42//42 1191//1191
f 648//648 42//42 621//621
f 622//622 624//624 621//621
f 622//622 621//621 42//42
f 1238//1238 1196//1196 1193//1193
f 1194//1194 1197//1197 1195//1195
f 1194//1194 1199//1199 1197//1197
f 1199//1199 324//324 1197//1197
f 1197//1197 324//324 1195//1195
f 325//325 1199//1199 1200//1200
f 1200//1200 1199//1199 1177//1177
f 1199//1199 325//325 324//324
f 43//43 1202//1202 1198//1198
f 1202//1202 326//326 1198//1198
f 319//319 1201//1201 1176//1176
f 1201//1201 325//325 1200//1200
f 1176//1176 1200//1200 1177//1177
f 1201//1201 1200//1200 1176//1176
f 1205//1205 327//327 1203//1203
f 327//327 328//328 625//625
f 625//625 1203//1203 327//327
f 625//625 1205//1205 1203//1203
f 1206//1206 1208//1208 1207//1207
f 1208//1208 1205//1205 1207//1207
f 1207//1207 1205//1205 625//625
f 1206//1206 625//625 330//330
f 1207//1207 625//625 1206//1206
f 38//38 330//330 651//651
f 654//654 57//57 1252//1252
f 654//654 1252//1252 1243//1243
f 628//628 38//38 651//651
f 628//628 651//651 652//652
f 1240//1240 1247//1247 656//656
f 1241//1241 656//656 652//652
f 1240//1240 656//656 1241//1241
f 658//658 57//57 612//612
f 658//658 612//612 631//631
f 631//631 612//612 31//31
f 1213//1213 1212//1212 331//331
f 1209//1209 1212//1212 1213//1213
f 331//331 1210//1210 1213//1213
f 1210//1210 630//630 1209//1209
f 1210//1210 1209//1209 1213//1213
f 630//630 1210//1210 659//659
f 1210//1210 331//331 1211//1211
f 659//659 1211//1211 44//44
f 1210//1210 1211//1211 659//659
f 658//658 631//631 630//630
f 44//44 31//31 661//661
f 659//659 660//660 630//630
f 629//629 681//681 578//578
f 1215//1215 1214//1214 45//45
f 1215//1215 1216//1216 1214//1214
f 1216//1216 45//45 1214//1214
f 1218//1218 1217//1217 632//632
f 333//333 332//332 1220//1220
f 1217//1217 1219//1219 632//632
f 332//332 1221//1221 1220//1220
f 1221//1221 333//333 1220//1220
f 1217//1217 1218//1218 1219//1219
f 572//572 660//660 661//661
f 633//633 634//634 33//33
f 46//46 635//635 633//633
f 635//635 634//634 633//633
f 46//46 1163//1163 635//635
f 47//47 634//634 635//635
f 1222//1222 47//47 635//635
f 1277//1277 59//59 634//634
f 1277//1277 634//634 47//47
f 635//635 1163//1163 1222//1222
f 47//47 1223//1223 1277//1277
f 1222//1222 1223//1223 47//47
f 59//59 614//614 634//634
f 766//766 636//636 59//59
f 1257//1257 581//581 662//662
f 662//662 581//581 1185//1185
f 60//60 334//334 1225//1225
f 60//60 1225//1225 48//48
f 349//349 1224//1224 1258//1258
f 616//616 639//639 1263//1263
f 616//616 640//640 639//639
f 1263//1263 639//639 666//666
f 671//671 617//617 63//63
f 640//640 617//617 671//671
f 1186//1186 49//49 1226//1226
f 640//640 667//667 639//639
f 667//667 62//62 666//666
f 667//667 666//666 639//639
f 1226//1226 50//50 673//673
f 335//335 1226//1226 49//49
f 669//669 666//666 1262//1262
f 669//669 1262//1262 668//668
f 640//640 671//671 667//667
f 671//671 63//63 672//672
f 667//667 672//672 62//62
f 671//671 672//672 667//667
f 49//49 1264//1264 1228//1228
f 1228//1228 1264//1264 65//65
f 50//50 64//64 675//675
f 673//673 675//675 674//674
f 50//50 675//675 673//673
f 335//335 49//49 1227//1227
f 1227//1227 1228//1228 65//65
f 49//49 1228//1228 1227//1227
f 65//65 1265//1265 1227//1227
f 1265//1265 353//353 1266//1266
f 1227//1227 1266//1266 335//335
f 1265//1265 1266//1266 1227//1227
f 336//336 619//619 677//677
f 677//677 619//619 678//678
f 645//645 619//619 620//620
f 645//645 647//647 646//646
f 608//608 645//645 620//620
f 70//70 646//646 338//338
f 70//70 1235//1235 680//680
f 646//646 1236//1236 338//338
f 647//647 1236//1236 646//646
f 52//52 647//647 1191//1191
f 1191//1191 645//645 608//608
f 647//647 645//645 1191//1191
f 1236//1236 649//649 338//338
f 648//648 52//52 1191//1191
f 648//648 1237//1237 52//52
f 621//621 1237//1237 648//648
f 647//647 1237//1237 1236//1236
f 1236//1236 650//650 649//649
f 1237//1237 650//650 1236//1236
f 339//339 1193//1193 1196//1196
f 680//680 1235//1235 607//607
f 624//624 649//649 621//621
f 621//621 650//650 1237//1237
f 649//649 650//650 621//621
f 1193//1193 339//339 1238//1238
f 651//651 330//330 625//625
f 652//652 625//625 328//328
f 651//651 625//625 652//652
f 343//343 340//340 653//653
f 53//53 654//654 1239//1239
f 1246//1246 1244//1244 341//341
f 344//344 1244//1244 1246//1246
f 654//654 1243//1243 1239//1239
f 1239//1239 341//341 53//53
f 655//655 54//54 1242//1242
f 344//344 1246//1246 1245//1245
f 1246//1246 341//341 1245//1245
f 341//341 1239//1239 1245//1245
f 1248//1248 653//653 340//340
f 343//343 653//653 1248//1248
f 344//344 1245//1245 720//720
f 1245//1245 364//364 720//720
f 655//655 55//55 54//54
f 1242//1242 55//55 655//655
f 1241//1241 1247//1247 1240//1240
f 1239//1239 1243//1243 71//71
f 71//71 1245//1245 1239//1239
f 71//71 364//364 1245//1245
f 342//342 1249//1249 1254//1254
f 344//344 720//720 346//346
f 56//56 1276//1276 357//357
f 1276//1276 1275//1275 357//357
f 56//56 1275//1275 1276//1276
f 1247//1247 657//657 656//656
f 1249//1249 342//342 345//345
f 1249//1249 1251//1251 1254//1254
f 345//345 1250//1250 1249//1249
f 1249//1249 1250//1250 1251//1251
f 72//72 346//346 737//737
f 1251//1251 1250//1250 1253//1253
f 1251//1251 1253//1253 1254//1254
f 652//652 656//656 628//628
f 628//628 657//657 58//58
f 656//656 657//657 628//628
f 58//58 629//629 628//628
f 658//658 630//630 660//660
f 659//659 44//44 661//661
f 659//659 661//661 660//660
f 1222//1222 1163//1163 1223//1223
f 1223//1223 1163//1163 1277//1277
f 572//572 1257//1257 74//74
f 347//347 1257//1257 662//662
f 347//347 662//662 683//683
f 662//662 1185//1185 348//348
f 348//348 683//683 662//662
f 1185//1185 75//75 348//348
f 1185//1185 334//334 726//726
f 766//766 352//352 638//638
f 663//663 351//351 49//49
f 638//638 352//352 665//665
f 664//664 665//665 358//358
f 638//638 665//665 664//664
f 664//664 663//663 638//638
f 663//663 49//49 638//638
f 1259//1259 1261//1261 76//76
f 350//350 1261//1261 1259//1259
f 663//663 1278//1278 351//351
f 664//664 1278//1278 663//663
f 1264//1264 49//49 351//351
f 61//61 1263//1263 669//669
f 1263//1263 666//666 669//669
f 668//668 1262//1262 670//670
f 61//61 669//669 670//670
f 669//669 668//668 670//670
f 62//62 672//672 1294//1294
f 672//672 63//63 1294//1294
f 1298//1298 63//63 617//617
f 1186//1186 674//674 617//617
f 617//617 1295//1295 1298//1298
f 674//674 1295//1295 617//617
f 705//705 65//65 1264//1264
f 705//705 1264//1264 351//351
f 64//64 1295//1295 675//675
f 675//675 1295//1295 674//674
f 353//353 1265//1265 1282//1282
f 1265//1265 65//65 705//705
f 1282//1282 705//705 1283//1283
f 1265//1265 705//705 1282//1282
f 79//79 689//689 688//688
f 688//688 1269//1269 1268//1268
f 689//689 1269//1269 688//688
f 80//80 1284//1284 691//691
f 1284//1284 354//354 691//691
f 1268//1268 1269//1269 355//355
f 1269//1269 66//66 1270//1270
f 1269//1269 1270//1270 355//355
f 689//689 692//692 1269//1269
f 692//692 360//360 693//693
f 1269//1269 693//693 66//66
f 692//692 693//693 1269//1269
f 691//691 1232//1232 80//80
f 354//354 1232//1232 691//691
f 85//85 1284//1284 1231//1231
f 1231//1231 80//80 336//336
f 1284//1284 80//80 1231//1231
f 355//355 1271//1271 1267//1267
f 1271//1271 66//66 644//644
f 1267//1267 644//644 51//51
f 1271//1271 644//644 1267//1267
f 355//355 1270//1270 1271//1271
f 1270//1270 66//66 1271//1271
f 67//67 1272//1272 716//716
f 1272//1272 356//356 1274//1274
f 1272//1272 1274//1274 716//716
f 356//356 1272//1272 1273//1273
f 1272//1272 67//67 1233//1233
f 1273//1273 1233//1233 337//337
f 1272//1272 1233//1233 1273//1273
f 694//694 67//67 716//716
f 677//677 85//85 1231//1231
f 677//677 1231//1231 336//336
f 1233//1233 1234//1234 337//337
f 67//67 1234//1234 1233//1233
f 694//694 1229//1229 67//67
f 68//68 678//678 676//676
f 676//676 679//679 82//82
f 676//676 678//678 679//679
f 679//679 678//678 619//619
f 679//679 619//619 645//645
f 82//82 679//679 695//695
f 695//695 679//679 70//70
f 69//69 680//680 1292//1292
f 679//679 646//646 70//70
f 645//645 646//646 679//679
f 71//71 1252//1252 364//364
f 720//720 737//737 346//346
f 71//71 1243//1243 1252//1252
f 658//658 1333//1333 1252//1252
f 658//658 1252//1252 57//57
f 737//737 755//755 72//72
f 365//365 72//72 755//755
f 73//73 681//681 629//629
f 681//681 1163//1163 579//579
f 1277//1277 682//682 739//739
f 1163//1163 682//682 1277//1277
f 1163//1163 725//725 682//682
f 682//682 725//725 739//739
f 683//683 1255//1255 347//347
f 700//700 74//74 1257//1257
f 703//703 74//74 700//700
f 347//347 1255//1255 1256//1256
f 1255//1255 683//683 701//701
f 1256//1256 701//701 700//700
f 1255//1255 701//701 1256//1256
f 348//348 684//684 683//683
f 684//684 75//75 702//702
f 684//684 702//702 683//683
f 702//702 700//700 701//701
f 702//702 701//701 683//683
f 75//75 1185//1185 703//703
f 703//703 1185//1185 375//375
f 321//321 766//766 638//638
f 726//726 375//375 1185//1185
f 616//616 704//704 1258//1258
f 726//726 334//334 1258//1258
f 616//616 1263//1263 704//704
f 1280//1280 685//685 1260//1260
f 685//685 358//358 665//665
f 1260//1260 665//665 352//352
f 685//685 665//665 1260//1260
f 61//61 704//704 1263//1263
f 76//76 1261//1261 686//686
f 686//686 350//350 77//77
f 1261//1261 350//350 686//686
f 1280//1280 1279//1279 685//685
f 1279//1279 358//358 685//685
f 358//358 1279//1279 1280//1280
f 686//686 1281//1281 76//76
f 77//77 1281//1281 686//686
f 352//352 705//705 351//351
f 1278//1278 366//366 351//351
f 664//664 366//366 1278//1278
f 1296//1296 1298//1298 1295//1295
f 1296//1296 1295//1295 64//64
f 705//705 369//369 1283//1283
f 1298//1298 1296//1296 1297//1297
f 1296//1296 64//64 687//687
f 1296//1296 687//687 1297//1297
f 359//359 1299//1299 687//687
f 1298//1298 1297//1297 1301//1301
f 740//740 369//369 705//705
f 359//359 367//367 1299//1299
f 1268//1268 78//78 690//690
f 688//688 690//690 79//79
f 1268//1268 690//690 688//688
f 1284//1284 1308//1308 354//354
f 360//360 692//692 689//689
f 1309//1309 1274//1274 361//361
f 716//716 1274//1274 1309//1309
f 85//85 713//713 86//86
f 713//713 68//68 717//717
f 713//713 717//717 86//86
f 85//85 677//677 713//713
f 713//713 678//678 68//68
f 677//677 678//678 713//713
f 82//82 696//696 719//719
f 696//696 81//81 718//718
f 719//719 718//718 86//86
f 696//696 718//718 719//719
f 694//694 1292//1292 1229//1229
f 68//68 676//676 717//717
f 676//676 82//82 719//719
f 717//717 719//719 86//86
f 676//676 719//719 717//717
f 82//82 1288//1288 696//696
f 1288//1288 362//362 1287//1287
f 696//696 1287//1287 81//81
f 1288//1288 1287//1287 696//696
f 694//694 1286//1286 1292//1292
f 363//363 1291//1291 1289//1289
f 1291//1291 362//362 1288//1288
f 1289//1289 1288//1288 82//82
f 1291//1291 1288//1288 1289//1289
f 82//82 698//698 1289//1289
f 698//698 83//83 1290//1290
f 1289//1289 1290//1290 363//363
f 698//698 1290//1290 1289//1289
f 1292//1292 1286//1286 69//69
f 82//82 695//695 698//698
f 695//695 70//70 697//697
f 698//698 697//697 83//83
f 695//695 697//697 698//698
f 83//83 697//697 69//69
f 697//697 70//70 680//680
f 697//697 680//680 69//69
f 755//755 738//738 365//365
f 629//629 58//58 84//84
f 629//629 84//84 721//721
f 73//73 629//629 721//721
f 721//721 84//84 699//699
f 699//699 84//84 1293//1293
f 699//699 1293//1293 721//721
f 722//722 1293//1293 87//87
f 1293//1293 722//722 721//721
f 722//722 96//96 721//721
f 722//722 87//87 723//723
f 722//722 723//723 96//96
f 73//73 721//721 1312//1312
f 721//721 1313//1313 1312//1312
f 681//681 725//725 1163//1163
f 98//98 74//74 703//703
f 700//700 702//702 703//703
f 702//702 75//75 703//703
f 703//703 375//375 98//98
f 704//704 61//61 741//741
f 705//705 352//352 740//740
f 1301//1301 1297//1297 707//707
f 1297//1297 687//687 707//707
f 687//687 1299//1299 707//707
f 1299//1299 367//367 707//707
f 368//368 1302//1302 370//370
f 1300//1300 1302//1302 368//368
f 740//740 727//727 369//369
f 708//708 1301//1301 707//707
f 706//706 707//707 367//367
f 708//708 707//707 706//706
f 706//706 710//710 708//708
f 370//370 1302//1302 1303//1303
f 1302//1302 1300//1300 1303//1303
f 369//369 727//727 1300//1300
f 710//710 711//711 708//708
f 706//706 709//709 710//710
f 370//370 1303//1303 1305//1305
f 1303//1303 1300//1300 727//727
f 1303//1303 727//727 1305//1305
f 710//710 709//709 711//711
f 708//708 1306//1306 1301//1301
f 711//711 1306//1306 708//708
f 727//727 1304//1304 371//371
f 727//727 371//371 1305//1305
f 1304//1304 88//88 371//371
f 1301//1301 1306//1306 728//728
f 728//728 1306//1306 373//373
f 712//712 373//373 1306//1306
f 1307//1307 1306//1306 711//711
f 712//712 1306//1306 1307//1307
f 729//729 88//88 1304//1304
f 712//712 1307//1307 1315//1315
f 712//712 1315//1315 373//373
f 79//79 690//690 374//374
f 690//690 78//78 1320//1320
f 690//690 1320//1320 374//374
f 1330//1330 90//90 1285//1285
f 361//361 734//734 1309//1309
f 753//753 1308//1308 1284//1284
f 753//753 1284//1284 85//85
f 86//86 1323//1323 715//715
f 86//86 715//715 85//85
f 93//93 716//716 1309//1309
f 716//716 93//93 1286//1286
f 1323//1323 714//714 736//736
f 714//714 81//81 735//735
f 736//736 735//735 93//93
f 714//714 735//735 736//736
f 694//694 716//716 1286//1286
f 81//81 714//714 718//718
f 714//714 1323//1323 86//86
f 714//714 86//86 718//718
f 364//364 1252//1252 1333//1333
f 738//738 724//724 365//365
f 721//721 96//96 1313//1313
f 724//724 723//723 87//87
f 724//724 738//738 723//723
f 723//723 738//738 96//96
f 1313//1313 96//96 372//372
f 74//74 660//660 572//572
f 1314//1314 739//739 725//725
f 380//380 1314//1314 725//725
f 1258//1258 704//704 726//726
f 740//740 352//352 766//766
f 704//704 375//375 726//726
f 741//741 375//375 704//704
f 1301//1301 741//741 61//61
f 742//742 1301//1301 728//728
f 373//373 742//742 728//728
f 1315//1315 1307//1307 88//88
f 378//378 732//732 729//729
f 732//732 88//88 729//729
f 88//88 1316//1316 1315//1315
f 1316//1316 1317//1317 1318//1318
f 1315//1315 1318//1318 373//373
f 1316//1316 1318//1318 1315//1315
f 378//378 743//743 732//732
f 88//88 732//732 1316//1316
f 1316//1316 732//732 1317//1317
f 742//742 373//373 730//730
f 742//742 730//730 731//731
f 1317//1317 732//732 730//730
f 731//731 730//730 732//732
f 732//732 1319//1319 731//731
f 745//745 744//744 1319//1319
f 744//744 747//747 1319//1319
f 731//731 95//95 1329//1329
f 731//731 1329//1329 742//742
f 376//376 1328//1328 731//731
f 1319//1319 747//747 731//731
f 731//731 1326//1326 376//376
f 747//747 1326//1326 731//731
f 732//732 744//744 745//745
f 732//732 745//745 1319//1319
f 732//732 743//743 746//746
f 732//732 746//746 744//744
f 751//751 94//94 749//749
f 748//748 749//749 1327//1327
f 751//751 749//749 748//748
f 752//752 377//377 1327//1327
f 1285//1285 752//752 733//733
f 733//733 752//752 1327//1327
f 1327//1327 749//749 733//733
f 749//749 94//94 750//750
f 733//733 750//750 89//89
f 749//749 750//750 733//733
f 1321//1321 379//379 1331//1331
f 1322//1322 1331//1331 1285//1285
f 1321//1321 1331//1331 1322//1322
f 1285//1285 374//374 1322//1322
f 78//78 1321//1321 1320//1320
f 1320//1320 1322//1322 374//374
f 1321//1321 1322//1322 1320//1320
f 753//753 95//95 1308//1308
f 1336//1336 91//91 734//734
f 754//754 753//753 85//85
f 91//91 1309//1309 734//734
f 85//85 715//715 1338//1338
f 715//715 92//92 1332//1332
f 715//715 1332//1332 1338//1338
f 1323//1323 92//92 715//715
f 93//93 1309//1309 1324//1324
f 1324//1324 1309//1309 92//92
f 92//92 1323//1323 1324//1324
f 1324//1324 736//736 93//93
f 1323//1323 736//736 1324//1324
f 364//364 737//737 720//720
f 755//755 737//737 364//364
f 725//725 866//866 380//380
f 681//681 866//866 725//725
f 74//74 98//98 97//97
f 59//59 739//739 766//766
f 756//756 98//98 375//375
f 757//757 758//758 740//740
f 741//741 768//768 756//756
f 375//375 741//741 756//756
f 1304//1304 727//727 740//740
f 1301//1301 768//768 741//741
f 742//742 1329//1329 382//382
f 99//99 763//763 1304//1304
f 1304//1304 763//763 729//729
f 378//378 729//729 763//763
f 747//747 744//744 746//746
f 747//747 746//746 743//743
f 731//731 1328//1328 95//95
f 743//743 1325//1325 747//747
f 377//377 1328//1328 376//376
f 376//376 1326//1326 748//748
f 770//770 769//769 763//763
f 747//747 1325//1325 751//751
f 1326//1326 751//751 748//748
f 747//747 751//751 1326//1326
f 751//751 1325//1325 94//94
f 763//763 361//361 378//378
f 769//769 361//361 763//763
f 823//823 95//95 753//753
f 377//377 752//752 1328//1328
f 1328//1328 752//752 95//95
f 1330//1330 733//733 89//89
f 1285//1285 733//733 1330//1330
f 1285//1285 1331//1331 752//752
f 752//752 379//379 95//95
f 1331//1331 379//379 752//752
f 89//89 90//90 1330//1330
f 765//765 361//361 769//769
f 92//92 1309//1309 1332//1332
f 1309//1309 91//91 1332//1332
f 1333//1333 755//755 364//364
f 152//152 755//755 1333//1333
f 372//372 1310//1310 1311//1311
f 1310//1310 106//106 802//802
f 1311//1311 802//802 780//780
f 1310//1310 802//802 1311//1311
f 106//106 1310//1310 1334//1334
f 1310//1310 372//372 1334//1334
f 1314//1314 766//766 739//739
f 1314//1314 380//380 766//766
f 97//97 98//98 385//385
f 99//99 1304//1304 758//758
f 1304//1304 740//740 758//758
f 99//99 758//758 760//760
f 758//758 759//759 760//760
f 758//758 757//757 759//759
f 742//742 768//768 1301//1301
f 382//382 768//768 742//742
f 101//101 99//99 760//760
f 761//761 760//760 759//759
f 101//101 760//760 761//761
f 757//757 815//815 764//764
f 757//757 764//764 759//759
f 99//99 381//381 763//763
f 761//761 381//381 762//762
f 761//761 762//762 101//101
f 761//761 759//759 764//764
f 761//761 764//764 381//381
f 764//764 770//770 381//381
f 770//770 763//763 381//381
f 823//823 1329//1329 95//95
f 770//770 772//772 769//769
f 769//769 772//772 765//765
f 753//753 754//754 102//102
f 384//384 1336//1336 1335//1335
f 1336//1336 765//765 1335//1335
f 1337//1337 1346//1346 91//91
f 1336//1336 734//734 765//765
f 734//734 361//361 765//765
f 1346//1346 1332//1332 91//91
f 383//383 1338//1338 1346//1346
f 1338//1338 1332//1332 1346//1346
f 1313//1313 372//372 1311//1311
f 1312//1312 1311//1311 780//780
f 1313//1313 1311//1311 1312//1312
f 140//140 96//96 738//738
f 780//780 681//681 73//73
f 153//153 681//681 780//780
f 766//766 380//380 740//740
f 866//866 740//740 380//380
f 391//391 781//781 782//782
f 781//781 785//785 392//392
f 385//385 785//785 1339//1339
f 1339//1339 781//781 97//97
f 785//785 781//781 1339//1339
f 108//108 757//757 740//740
f 764//764 815//815 767//767
f 1340//1340 792//792 767//767
f 386//386 792//792 1340//1340
f 767//767 1342//1342 764//764
f 764//764 1342//1342 100//100
f 113//113 100//100 1342//1342
f 790//790 398//398 1342//1342
f 790//790 1342//1342 767//767
f 770//770 764//764 100//100
f 795//795 113//113 1342//1342
f 795//795 1342//1342 398//398
f 770//770 100//100 771//771
f 773//773 1345//1345 772//772
f 773//773 772//772 770//770
f 770//770 771//771 773//773
f 1345//1345 103//103 774//774
f 1345//1345 774//774 772//772
f 102//102 823//823 753//753
f 1349//1349 102//102 1350//1350
f 1347//1347 1348//1348 1345//1345
f 1347//1347 1345//1345 773//773
f 1347//1347 773//773 771//771
f 103//103 384//384 1335//1335
f 774//774 1335//1335 772//772
f 103//103 1335//1335 774//774
f 1337//1337 383//383 1346//1346
f 1349//1349 1350//1350 104//104
f 823//823 102//102 828//828
f 765//765 772//772 1335//1335
f 105//105 390//390 775//775
f 828//828 102//102 1349//1349
f 828//828 1349//1349 104//104
f 1348//1348 797//797 390//390
f 775//775 1351//1351 105//105
f 776//776 104//104 1351//1351
f 776//776 828//828 104//104
f 777//777 828//828 776//776
f 797//797 1351//1351 775//775
f 797//797 775//775 390//390
f 1352//1352 828//828 777//777
f 776//776 799//799 777//777
f 658//658 660//660 1333//1333
f 802//802 106//106 779//779
f 779//779 106//106 778//778
f 778//778 802//802 779//779
f 152//152 140//140 738//738
f 778//778 801//801 802//802
f 74//74 391//391 124//124
f 97//97 781//781 74//74
f 781//781 391//391 74//74
f 1353//1353 391//391 782//782
f 781//781 783//783 782//782
f 392//392 785//785 1354//1354
f 784//784 781//781 392//392
f 783//783 781//781 784//784
f 1354//1354 785//785 385//385
f 392//392 1354//1354 107//107
f 107//107 1354//1354 98//98
f 1354//1354 385//385 98//98
f 786//786 1355//1355 740//740
f 787//787 393//393 1355//1355
f 787//787 1355//1355 786//786
f 1355//1355 108//108 740//740
f 786//786 409//409 787//787
f 393//393 787//787 788//788
f 788//788 787//787 409//409
f 393//393 788//788 108//108
f 788//788 812//812 108//108
f 814//814 815//815 757//757
f 814//814 757//757 108//108
f 387//387 1341//1341 816//816
f 815//815 1402//1402 1341//1341
f 110//110 387//387 816//816
f 767//767 792//792 790//790
f 790//790 792//792 394//394
f 816//816 818//818 110//110
f 1341//1341 817//817 816//816
f 817//817 412//412 818//818
f 817//817 818//818 816//816
f 1329//1329 768//768 382//382
f 756//756 768//768 1329//1329
f 756//756 1329//1329 789//789
f 789//789 1329//1329 823//823
f 789//789 823//823 1416//1416
f 109//109 790//790 791//791
f 791//791 790//790 394//394
f 1357//1357 394//394 792//792
f 1357//1357 820//820 394//394
f 792//792 386//386 1356//1356
f 1357//1357 1356//1356 396//396
f 792//792 1356//1356 1357//1357
f 789//789 1416//1416 1404//1404
f 109//109 1358//1358 790//790
f 1358//1358 398//398 790//790
f 394//394 820//820 1408//1408
f 398//398 793//793 795//795
f 1357//1357 396//396 820//820
f 397//397 1359//1359 1360//1360
f 1359//1359 111//111 1360//1360
f 1358//1358 109//109 1361//1361
f 1358//1358 1361//1361 398//398
f 1366//1366 388//388 401//401
f 793//793 113//113 795//795
f 111//111 794//794 1360//1360
f 1360//1360 112//112 397//397
f 794//794 112//112 1360//1360
f 402//402 1369//1369 1368//1368
f 1369//1369 397//397 112//112
f 1369//1369 112//112 1368//1368
f 395//395 1363//1363 399//399
f 112//112 794//794 1368//1368
f 794//794 111//111 1367//1367
f 1368//1368 1367//1367 402//402
f 794//794 1367//1367 1368//1368
f 1363//1363 114//114 1362//1362
f 1363//1363 1362//1362 399//399
f 1344//1344 389//389 1343//1343
f 388//388 1366//1366 1375//1375
f 1365//1365 1366//1366 401//401
f 400//400 1370//1370 115//115
f 114//114 1363//1363 826//826
f 1363//1363 395//395 1364//1364
f 826//826 1364//1364 414//414
f 1363//1363 1364//1364 826//826
f 1380//1380 404//404 115//115
f 1416//1416 823//823 828//828
f 1344//1344 1371//1371 389//389
f 1343//1343 1371//1371 1344//1344
f 1372//1372 403//403 1375//1375
f 1372//1372 1366//1366 1365//1365
f 1375//1375 1366//1366 1372//1372
f 1365//1365 1379//1379 1372//1372
f 1372//1372 1377//1377 1376//1376
f 1379//1379 1377//1377 1372//1372
f 826//826 829//829 114//114
f 414//414 829//829 826//826
f 1348//1348 1347//1347 797//797
f 1347//1347 771//771 796//796
f 1347//1347 796//796 797//797
f 1372//1372 1373//1373 403//403
f 1376//1376 1373//1373 1372//1372
f 1377//1377 1378//1378 1376//1376
f 115//115 1370//1370 1380//1380
f 1370//1370 116//116 1380//1380
f 400//400 1419//1419 1370//1370
f 1419//1419 413//413 1417//1417
f 1370//1370 1417//1417 116//116
f 1419//1419 1417//1417 1370//1370
f 1379//1379 1378//1378 1377//1377
f 116//116 118//118 1380//1380
f 1380//1380 1376//1376 404//404
f 118//118 1376//1376 1380//1380
f 1376//1376 800//800 1373//1373
f 800//800 118//118 1374//1374
f 1373//1373 1374//1374 403//403
f 800//800 1374//1374 1373//1373
f 118//118 800//800 1376//1376
f 117//117 799//799 798//798
f 798//798 776//776 1351//1351
f 799//799 776//776 798//798
f 1351//1351 797//797 798//798
f 798//798 796//796 117//117
f 797//797 796//796 798//798
f 403//403 1382//1382 1381//1381
f 1382//1382 405//405 1381//1381
f 1382//1382 403//403 1374//1374
f 1382//1382 1374//1374 118//118
f 1352//1352 777//777 799//799
f 1352//1352 799//799 119//119
f 405//405 831//831 122//122
f 831//831 405//405 1382//1382
f 831//831 1382//1382 118//118
f 832//832 122//122 831//831
f 875//875 1352//1352 119//119
f 120//120 119//119 799//799
f 117//117 1387//1387 799//799
f 117//117 1383//1383 1387//1387
f 1383//1383 121//121 1387//1387
f 122//122 1386//1386 834//834
f 120//120 799//799 1387//1387
f 120//120 1387//1387 838//838
f 838//838 121//121 139//139
f 1387//1387 121//121 838//838
f 406//406 1389//1389 1430//1430
f 1389//1389 138//138 1429//1429
f 1430//1430 1429//1429 420//420
f 1389//1389 1429//1429 1430//1430
f 1392//1392 1391//1391 407//407
f 1390//1390 1391//1391 1392//1392
f 1392//1392 407//407 1390//1390
f 803//803 802//802 801//801
f 801//801 422//422 803//803
f 124//124 804//804 74//74
f 840//840 804//804 805//805
f 805//805 804//804 123//123
f 123//123 124//124 1393//1393
f 1353//1353 1393//1393 391//391
f 123//123 1393//1393 1353//1353
f 124//124 123//123 804//804
f 123//123 1353//1353 783//783
f 783//783 1353//1353 782//782
f 125//125 807//807 783//783
f 807//807 123//123 783//783
f 840//840 805//805 806//806
f 805//805 123//123 807//807
f 806//806 807//807 125//125
f 805//805 807//807 806//806
f 808//808 839//839 126//126
f 839//839 840//840 806//806
f 126//126 806//806 125//125
f 839//839 806//806 126//126
f 808//808 126//126 1394//1394
f 784//784 126//126 783//783
f 783//783 126//126 125//125
f 1394//1394 126//126 810//810
f 126//126 784//784 810//810
f 1436//1436 1394//1394 810//810
f 1436//1436 810//810 127//127
f 107//107 98//98 427//427
f 784//784 1398//1398 810//810
f 1398//1398 408//408 1396//1396
f 810//810 1396//1396 127//127
f 1398//1398 1396//1396 810//810
f 426//426 844//844 786//786
f 143//143 127//127 811//811
f 143//143 811//811 128//128
f 127//127 1396//1396 811//811
f 1396//1396 408//408 1397//1397
f 811//811 1397//1397 128//128
f 1396//1396 1397//1397 811//811
f 868//868 409//409 786//786
f 868//868 786//786 844//844
f 427//427 98//98 789//789
f 789//789 98//98 756//756
f 788//788 409//409 813//813
f 788//788 813//813 812//812
f 128//128 1397//1397 1399//1399
f 1397//1397 408//408 1401//1401
f 1399//1399 1401//1401 410//410
f 1397//1397 1401//1401 1399//1399
f 409//409 868//868 813//813
f 813//813 814//814 812//812
f 812//812 814//814 108//108
f 868//868 814//814 813//813
f 1402//1402 815//815 814//814
f 1402//1402 814//814 868//868
f 144//144 845//845 1400//1400
f 845//845 128//128 1399//1399
f 1400//1400 1399//1399 410//410
f 845//845 1399//1399 1400//1400
f 158//158 129//129 1402//1402
f 129//129 817//817 1402//1402
f 1402//1402 817//817 1341//1341
f 817//817 129//129 1466//1466
f 817//817 1466//1466 412//412
f 789//789 1404//1404 130//130
f 412//412 819//819 818//818
f 110//110 818//818 135//135
f 818//818 819//819 135//135
f 412//412 821//821 819//819
f 821//821 1405//1405 819//819
f 819//819 1405//1405 135//135
f 821//821 132//132 824//824
f 1405//1405 824//824 135//135
f 821//821 824//824 1405//1405
f 396//396 1406//1406 820//820
f 131//131 133//133 822//822
f 820//820 1406//1406 1408//1408
f 134//134 131//131 822//822
f 1407//1407 133//133 137//137
f 133//133 1407//1407 822//822
f 1407//1407 134//134 822//822
f 395//395 1410//1410 1364//1364
f 1364//1364 1409//1409 414//414
f 1410//1410 1409//1409 1364//1364
f 824//824 1413//1413 135//135
f 132//132 1413//1413 824//824
f 1407//1407 137//137 825//825
f 134//134 1407//1407 1420//1420
f 1420//1420 1407//1407 825//825
f 1413//1413 1414//1414 135//135
f 1409//1409 1410//1410 414//414
f 1412//1412 1411//1411 1416//1416
f 827//827 1416//1416 1411//1411
f 827//827 1411//1411 1415//1415
f 1412//1412 1415//1415 1411//1411
f 825//825 137//137 850//850
f 825//825 850//850 1420//1420
f 413//413 831//831 1417//1417
f 118//118 116//116 1417//1417
f 118//118 1417//1417 831//831
f 875//875 828//828 1352//1352
f 415//415 1416//1416 828//828
f 1420//1420 850//850 146//146
f 415//415 1422//1422 1421//1421
f 1422//1422 146//146 850//850
f 1421//1421 850//850 137//137
f 1422//1422 850//850 1421//1421
f 1418//1418 831//831 413//413
f 415//415 828//828 875//875
f 1418//1418 832//832 831//831
f 875//875 830//830 415//415
f 832//832 416//416 1386//1386
f 832//832 1386//1386 122//122
f 875//875 119//119 1384//1384
f 416//416 833//833 1386//1386
f 854//854 836//836 416//416
f 1385//1385 875//875 1384//1384
f 1427//1427 1425//1425 1426//1426
f 837//837 1426//1426 1425//1425
f 836//836 1425//1425 1427//1427
f 837//837 1425//1425 836//836
f 854//854 853//853 836//836
f 1424//1424 1388//1388 406//406
f 417//417 1388//1388 1424//1424
f 418//418 1428//1428 419//419
f 1386//1386 833//833 835//835
f 834//834 835//835 418//418
f 1386//1386 835//835 834//834
f 1388//1388 417//417 138//138
f 1426//1426 837//837 833//833
f 836//836 858//858 837//837
f 858//858 432//432 857//857
f 837//837 857//857 833//833
f 858//858 857//857 837//837
f 406//406 1388//1388 1389//1389
f 1388//1388 138//138 1389//1389
f 833//833 857//857 835//835
f 857//857 432//432 859//859
f 835//835 859//859 418//418
f 857//857 859//859 835//835
f 418//418 859//859 1428//1428
f 1428//1428 859//859 863//863
f 419//419 1428//1428 138//138
f 1428//1428 863//863 138//138
f 420//420 1429//1429 1455//1455
f 1429//1429 138//138 1455//1455
f 863//863 1455//1455 138//138
f 1433//1433 1431//1431 1432//1432
f 1431//1431 120//120 838//838
f 1432//1432 838//838 139//139
f 1431//1431 838//838 1432//1432
f 139//139 1433//1433 1432//1432
f 152//152 1333//1333 660//660
f 755//755 152//152 738//738
f 803//803 422//422 802//802
f 423//423 1434//1434 424//424
f 436//436 140//140 152//152
f 780//780 802//802 153//153
f 1463//1463 424//424 1434//1434
f 1463//1463 1434//1434 423//423
f 802//802 422//422 1462//1462
f 660//660 74//74 804//804
f 660//660 804//804 840//840
f 808//808 840//840 839//839
f 808//808 809//809 840//840
f 154//154 740//740 866//866
f 840//840 809//809 1395//1395
f 809//809 808//808 1394//1394
f 809//809 1394//1394 1395//1395
f 1436//1436 1395//1395 1394//1394
f 425//425 1395//1395 1436//1436
f 141//141 1435//1435 142//142
f 154//154 786//786 740//740
f 141//141 841//841 1435//1435
f 841//841 154//154 1435//1435
f 127//127 843//843 1436//1436
f 843//843 425//425 1436//1436
f 154//154 841//841 786//786
f 786//786 841//841 426//426
f 841//841 141//141 1438//1438
f 841//841 1438//1438 426//426
f 437//437 425//425 843//843
f 425//425 842//842 1437//1437
f 842//842 142//142 1437//1437
f 842//842 425//425 1440//1440
f 1438//1438 1443//1443 426//426
f 141//141 1443//1443 1438//1438
f 428//428 1445//1445 1444//1444
f 1445//1445 437//437 843//843
f 1444//1444 843//843 127//127
f 1445//1445 843//843 1444//1444
f 1441//1441 155//155 1442//1442
f 1441//1441 1442//1442 1440//1440
f 1440//1440 1442//1442 842//842
f 842//842 155//155 142//142
f 1442//1442 155//155 842//842
f 1439//1439 844//844 427//427
f 437//437 1445//1445 428//428
f 845//845 144//144 846//846
f 128//128 846//846 143//143
f 845//845 846//846 128//128
f 158//158 1402//1402 1446//1446
f 847//847 1446//1446 1402//1402
f 427//427 789//789 870//870
f 789//789 130//130 870//870
f 429//429 1447//1447 1448//1448
f 1446//1446 1449//1449 158//158
f 1446//1446 847//847 1449//1449
f 1449//1449 1469//1469 157//157
f 847//847 1469//1469 1449//1449
f 870//870 130//130 871//871
f 870//870 871//871 1465//1465
f 886//886 870//870 1465//1465
f 159//159 870//870 886//886
f 411//411 1450//1450 1403//1403
f 1450//1450 145//145 872//872
f 1403//1403 872//872 145//145
f 1450//1450 872//872 1403//1403
f 1471//1471 130//130 1404//1404
f 129//129 874//874 1466//1466
f 1466//1466 132//132 412//412
f 874//874 132//132 1466//1466
f 136//136 848//848 1413//1413
f 848//848 849//849 1414//1414
f 848//848 1414//1414 1413//1413
f 874//874 1413//1413 132//132
f 136//136 1413//1413 874//874
f 1404//1404 1416//1416 827//827
f 1404//1404 827//827 442//442
f 848//848 431//431 849//849
f 442//442 827//827 1415//1415
f 830//830 1422//1422 415//415
f 851//851 146//146 1422//1422
f 851//851 1422//1422 1454//1454
f 146//146 851//851 1418//1418
f 179//179 876//876 875//875
f 876//876 830//830 875//875
f 1454//1454 852//852 1475//1475
f 852//852 876//876 1476//1476
f 1475//1475 1476//1476 443//443
f 852//852 1476//1476 1475//1475
f 876//876 852//852 830//830
f 852//852 1454//1454 1422//1422
f 852//852 1422//1422 830//830
f 416//416 832//832 1423//1423
f 1423//1423 832//832 1418//1418
f 851//851 1454//1454 1418//1418
f 1423//1423 854//854 416//416
f 1418//1418 854//854 1423//1423
f 854//854 1418//1418 1454//1454
f 855//855 1454//1454 147//147
f 854//854 1454//1454 855//855
f 875//875 1385//1385 889//889
f 875//875 889//889 179//179
f 1475//1475 443//443 1477//1477
f 1454//1454 1477//1477 147//147
f 1475//1475 1477//1477 1454//1454
f 148//148 854//854 856//856
f 854//854 148//148 853//853
f 853//853 148//148 836//836
f 855//855 149//149 856//856
f 855//855 856//856 854//854
f 836//836 148//148 858//858
f 858//858 860//860 432//432
f 148//148 860//860 858//858
f 432//432 860//860 861//861
f 860//860 148//148 856//856
f 861//861 856//856 149//149
f 860//860 856//856 861//861
f 147//147 877//877 855//855
f 855//855 445//445 149//149
f 877//877 445//445 855//855
f 432//432 862//862 863//863
f 432//432 861//861 150//150
f 859//859 432//432 863//863
f 150//150 861//861 1479//1479
f 1479//1479 149//149 444//444
f 861//861 149//149 1479//1479
f 150//150 1479//1479 862//862
f 1479//1479 444//444 1480//1480
f 1479//1479 1480//1480 862//862
f 864//864 863//863 862//862
f 863//863 864//864 151//151
f 864//864 865//865 151//151
f 151//151 1455//1455 863//863
f 151//151 1456//1456 1455//1455
f 864//864 879//879 865//865
f 879//879 1456//1456 880//880
f 865//865 880//880 151//151
f 879//879 880//880 865//865
f 434//434 420//420 1455//1455
f 1460//1460 1461//1461 433//433
f 421//421 1461//1461 1460//1460
f 1456//1456 883//883 1455//1455
f 1455//1455 883//883 434//434
f 433//433 1461//1461 1458//1458
f 1461//1461 421//421 1458//1458
f 1457//1457 1458//1458 421//421
f 884//884 1458//1458 1457//1457
f 1458//1458 1483//1483 1459//1459
f 1458//1458 1459//1459 433//433
f 889//889 1385//1385 910//910
f 1458//1458 884//884 1483//1483
f 1483//1483 895//895 1459//1459
f 1459//1459 446//446 433//433
f 895//895 446//446 1459//1459
f 1457//1457 165//165 884//884
f 866//866 681//681 153//153
f 802//802 1462//1462 153//153
f 866//866 153//153 1462//1462
f 154//154 866//866 1462//1462
f 436//436 152//152 840//840
f 867//867 840//840 1395//1395
f 154//154 436//436 840//840
f 840//840 1435//1435 154//154
f 142//142 867//867 1437//1437
f 1437//1437 1395//1395 425//425
f 867//867 1395//1395 1437//1437
f 1402//1402 868//868 844//844
f 427//427 885//885 1439//1439
f 1439//1439 885//885 844//844
f 844//844 847//847 1402//1402
f 156//156 885//885 427//427
f 844//844 885//885 869//869
f 885//885 1497//1497 869//869
f 847//847 844//844 869//869
f 156//156 427//427 870//870
f 1449//1449 157//157 158//158
f 1469//1469 847//847 869//869
f 870//870 159//159 156//156
f 1497//1497 1470//1470 869//869
f 438//438 429//429 1448//1448
f 438//438 1448//1448 1447//1447
f 130//130 1464//1464 871//871
f 1464//1464 1465//1465 871//871
f 869//869 440//440 1469//1469
f 145//145 1450//1450 873//873
f 430//430 439//439 1467//1467
f 1467//1467 1468//1468 430//430
f 439//439 1468//1468 1467//1467
f 869//869 1470//1470 440//440
f 902//902 1470//1470 1497//1497
f 886//886 1465//1465 441//441
f 411//411 1451//1451 1450//1450
f 1451//1451 873//873 1450//1450
f 886//886 441//441 168//168
f 182//182 160//160 183//183
f 1473//1473 1471//1471 906//906
f 1473//1473 906//906 905//905
f 905//905 1472//1472 1473//1473
f 1472//1472 1471//1471 1473//1473
f 136//136 874//874 848//848
f 874//874 161//161 848//848
f 848//848 1474//1474 431//431
f 161//161 1474//1474 848//848
f 874//874 907//907 161//161
f 442//442 917//917 1404//1404
f 1504//1504 1505//1505 162//162
f 170//170 888//888 1478//1478
f 888//888 147//147 1477//1477
f 1478//1478 1477//1477 443//443
f 888//888 1477//1477 1478//1478
f 1456//1456 879//879 878//878
f 878//878 864//864 862//862
f 879//879 864//864 878//878
f 1456//1456 878//878 882//882
f 878//878 862//862 881//881
f 882//882 881//881 163//163
f 878//878 881//881 882//882
f 444//444 1481//1481 1480//1480
f 1481//1481 163//163 881//881
f 1480//1480 881//881 862//862
f 1481//1481 881//881 1480//1480
f 882//882 164//164 883//883
f 882//882 883//883 1456//1456
f 163//163 164//164 882//882
f 164//164 178//178 883//883
f 178//178 894//894 883//883
f 883//883 894//894 434//434
f 166//166 434//434 894//894
f 901//901 446//446 895//895
f 901//901 895//895 896//896
f 895//895 1483//1483 896//896
f 165//165 1483//1483 884//884
f 1486//1486 1484//1484 447//447
f 447//447 1484//1484 1485//1485
f 1484//1484 1486//1486 899//899
f 1485//1485 899//899 174//174
f 1484//1484 899//899 1485//1485
f 901//901 896//896 1493//1493
f 896//896 1483//1483 1492//1492
f 1493//1493 1492//1492 451//451
f 896//896 1492//1492 1493//1493
f 173//173 899//899 894//894
f 894//894 1486//1486 166//166
f 899//899 1486//1486 894//894
f 173//173 900//900 899//899
f 900//900 174//174 899//899
f 1493//1493 451//451 1494//1494
f 1493//1493 1494//1494 901//901
f 840//840 152//152 660//660
f 448//448 1489//1489 1487//1487
f 1489//1489 449//449 1488//1488
f 1487//1487 1488//1488 435//435
f 1489//1489 1488//1488 1487//1487
f 449//449 1489//1489 448//448
f 1435//1435 867//867 142//142
f 840//840 867//867 1435//1435
f 1498//1498 885//885 156//156
f 156//156 167//167 1498//1498
f 885//885 1498//1498 206//206
f 206//206 1497//1497 885//885
f 167//167 156//156 887//887
f 156//156 159//159 887//887
f 167//167 887//887 1540//1540
f 440//440 1470//1470 453//453
f 1470//1470 902//902 903//903
f 1470//1470 903//903 453//453
f 1541//1541 159//159 886//886
f 1541//1541 886//886 168//168
f 1541//1541 887//887 159//159
f 1540//1540 887//887 1541//1541
f 1471//1471 1404//1404 904//904
f 874//874 129//129 169//169
f 1453//1453 431//431 1474//1474
f 907//907 1474//1474 161//161
f 1453//1453 1474//1474 907//907
f 442//442 909//909 917//917
f 147//147 892//892 877//877
f 892//892 172//172 893//893
f 877//877 893//893 445//445
f 892//892 893//893 877//877
f 170//170 891//891 888//888
f 891//891 171//171 890//890
f 888//888 890//890 147//147
f 891//891 890//890 888//888
f 147//147 890//890 1490//1490
f 890//890 171//171 1491//1491
f 1490//1490 1491//1491 450//450
f 890//890 1491//1491 1490//1490
f 893//893 172//172 1482//1482
f 893//893 1482//1482 445//445
f 445//445 1482//1482 164//164
f 1482//1482 172//172 178//178
f 1482//1482 178//178 164//164
f 889//889 910//910 179//179
f 894//894 178//178 172//172
f 910//910 1385//1385 452//452
f 900//900 173//173 897//897
f 911//911 897//897 898//898
f 911//911 898//898 465//465
f 897//897 911//911 900//900
f 900//900 175//175 174//174
f 911//911 175//175 900//900
f 1496//1496 1495//1495 912//912
f 912//912 176//176 1496//1496
f 176//176 912//912 1495//1495
f 1501//1501 483//483 1499//1499
f 1501//1501 1499//1499 1502//1502
f 1500//1500 903//903 902//902
f 167//167 1503//1503 1498//1498
f 453//453 903//903 1500//1500
f 1517//1517 1501//1501 1502//1502
f 483//483 1501//1501 1517//1517
f 915//915 183//183 160//160
f 182//182 183//183 915//915
f 169//169 905//905 906//906
f 926//926 177//177 906//906
f 926//926 906//906 1471//1471
f 908//908 177//177 454//454
f 874//874 916//916 907//907
f 169//169 906//906 916//916
f 906//906 177//177 908//908
f 916//916 908//908 1518//1518
f 906//906 908//908 916//916
f 917//917 904//904 1404//1404
f 916//916 874//874 169//169
f 1453//1453 195//195 1545//1545
f 1453//1453 1545//1545 431//431
f 1504//1504 162//162 1452//1452
f 1565//1565 431//431 1545//1545
f 171//171 1506//1506 1491//1491
f 1506//1506 455//455 1507//1507
f 1491//1491 1507//1507 450//450
f 1506//1506 1507//1507 1491//1491
f 172//172 1508//1508 894//894
f 894//894 1508//1508 173//173
f 1521//1521 1519//1519 462//462
f 463//463 1519//1519 1521//1521
f 897//897 1509//1509 898//898
f 179//179 910//910 186//186
f 910//910 918//918 186//186
f 1509//1509 919//919 898//898
f 919//919 185//185 898//898
f 452//452 918//918 910//910
f 465//465 456//456 911//911
f 911//911 456//456 175//175
f 457//457 1512//1512 1513//1513
f 1529//1529 187//187 1510//1510
f 918//918 452//452 181//181
f 457//457 1513//1513 459//459
f 1513//1513 1512//1512 459//459
f 458//458 180//180 1514//1514
f 458//458 1514//1514 460//460
f 180//180 913//913 1514//1514
f 1514//1514 913//913 460//460
f 932//932 1533//1533 461//461
f 922//922 188//188 936//936
f 922//922 936//936 914//914
f 204//204 914//914 936//936
f 914//914 181//181 922//922
f 188//188 922//922 924//924
f 922//922 181//181 923//923
f 924//924 923//923 189//189
f 922//922 923//923 924//924
f 1532//1532 1533//1533 921//921
f 1515//1515 952//952 1516//1516
f 1562//1562 1517//1517 1502//1502
f 483//483 1517//1517 1562//1562
f 1541//1541 168//168 1540//1540
f 502//502 182//182 915//915
f 473//473 177//177 926//926
f 1518//1518 1564//1564 916//916
f 908//908 454//454 940//940
f 1518//1518 940//940 949//949
f 908//908 940//940 1518//1518
f 926//926 1471//1471 904//904
f 926//926 904//904 184//184
f 904//904 917//917 202//202
f 940//940 454//454 473//473
f 916//916 1453//1453 907//907
f 1564//1564 195//195 1453//1453
f 1453//1453 916//916 1564//1564
f 909//909 941//941 917//917
f 941//941 202//202 917//917
f 1504//1504 1452//1452 1505//1505
f 194//194 475//475 1543//1543
f 920//920 465//465 898//898
f 920//920 898//898 185//185
f 1521//1521 1520//1520 463//463
f 462//462 1520//1520 1521//1521
f 1522//1522 919//919 1509//1509
f 464//464 467//467 1528//1528
f 1525//1525 920//920 185//185
f 465//465 920//920 1525//1525
f 185//185 919//919 466//466
f 919//919 1522//1522 1526//1526
f 919//919 1526//1526 466//466
f 1523//1523 1526//1526 1522//1522
f 918//918 467//467 186//186
f 1511//1511 928//928 461//461
f 1529//1529 1510//1510 468//468
f 187//187 1529//1529 468//468
f 932//932 921//921 1533//1533
f 1532//1532 921//921 1557//1557
f 936//936 188//188 190//190
f 189//189 191//191 924//924
f 191//191 1530//1530 924//924
f 924//924 469//469 188//188
f 1530//1530 469//469 924//924
f 1557//1557 935//935 1532//1532
f 935//935 192//192 1532//1532
f 469//469 1530//1530 1531//1531
f 1531//1531 191//191 193//193
f 1530//1530 191//191 1531//1531
f 1557//1557 1535//1535 935//935
f 935//935 1534//1534 192//192
f 1535//1535 1534//1534 935//935
f 1532//1532 192//192 1533//1533
f 471//471 1537//1537 470//470
f 192//192 1534//1534 1538//1538
f 1538//1538 1534//1534 482//482
f 482//482 1534//1534 1539//1539
f 1534//1534 1535//1535 1539//1539
f 1537//1537 472//472 470//470
f 1558//1558 925//925 1536//1536
f 925//925 190//190 1536//1536
f 193//193 469//469 1531//1531
f 1537//1537 471//471 472//472
f 206//206 1498//1498 1503//1503
f 205//205 948//948 947//947
f 948//948 473//473 926//926
f 947//947 926//926 184//184
f 948//948 926//926 947//947
f 184//184 904//904 947//947
f 904//904 202//202 947//947
f 1518//1518 1563//1563 1564//1564
f 909//909 942//942 941//941
f 195//195 1564//1564 956//956
f 1545//1545 195//195 1546//1546
f 1545//1545 1544//1544 1565//1565
f 1546//1546 1544//1544 1545//1545
f 195//195 956//956 484//484
f 464//464 1528//1528 1524//1524
f 1528//1528 467//467 1524//1524
f 197//197 930//930 1524//1524
f 197//197 1524//1524 467//467
f 930//930 927//927 1524//1524
f 927//927 1547//1547 1548//1548
f 1524//1524 1548//1548 464//464
f 927//927 1548//1548 1524//1524
f 1526//1526 1523//1523 466//466
f 196//196 1547//1547 927//927
f 197//197 467//467 918//918
f 197//197 918//918 181//181
f 929//929 1511//1511 1527//1527
f 930//930 476//476 1550//1550
f 927//927 1550//1550 196//196
f 930//930 1550//1550 927//927
f 476//476 1552//1552 1550//1550
f 1552//1552 1549//1549 933//933
f 1550//1550 933//933 196//196
f 1552//1552 933//933 1550//1550
f 1511//1511 932//932 928//928
f 932//932 461//461 928//928
f 197//197 1556//1556 930//930
f 1569//1569 1511//1511 929//929
f 934//934 929//929 1527//1527
f 1569//1569 929//929 934//934
f 481//481 477//477 1555//1555
f 1555//1555 477//477 1549//1549
f 476//476 478//478 1551//1551
f 478//478 1553//1553 1551//1551
f 1553//1553 199//199 1551//1551
f 479//479 1554//1554 198//198
f 1511//1511 1569//1569 932//932
f 476//476 1551//1551 1552//1552
f 1551//1551 199//199 1552//1552
f 481//481 1555//1555 931//931
f 1555//1555 1549//1549 1552//1552
f 931//931 1552//1552 199//199
f 1555//1555 1552//1552 931//931
f 181//181 914//914 197//197
f 197//197 914//914 1556//1556
f 200//200 199//199 1553//1553
f 200//200 1553//1553 478//478
f 480//480 198//198 1554//1554
f 481//481 931//931 199//199
f 480//480 1554//1554 479//479
f 1556//1556 914//914 204//204
f 932//932 1569//1569 921//921
f 1568//1568 1569//1569 934//934
f 1568//1568 921//921 1569//1569
f 936//936 937//937 204//204
f 945//945 201//201 921//921
f 921//921 201//201 1557//1557
f 938//938 1535//1535 201//201
f 201//201 1539//1539 938//938
f 938//938 1539//1539 1535//1535
f 190//190 925//925 936//936
f 925//925 1558//1558 937//937
f 925//925 937//937 936//936
f 1558//1558 1536//1536 1559//1559
f 1536//1536 190//190 939//939
f 1536//1536 939//939 1559//1559
f 1560//1560 482//482 1539//1539
f 492//492 1576//1576 1579//1579
f 1516//1516 1561//1561 1515//1515
f 1561//1561 952//952 1515//1515
f 940//940 473//473 948//948
f 949//949 948//948 205//205
f 940//940 948//948 949//949
f 956//956 1564//1564 1563//1563
f 207//207 202//202 941//941
f 202//202 207//207 954//954
f 947//947 954//954 205//205
f 202//202 954//954 947//947
f 941//941 942//942 203//203
f 1543//1543 943//943 194//194
f 475//475 943//943 1543//1543
f 474//474 950//950 1542//1542
f 950//950 203//203 942//942
f 1542//1542 942//942 909//909
f 950//950 942//942 1542//1542
f 1567//1567 484//484 956//956
f 944//944 1544//1544 1546//1546
f 1565//1565 951//951 1566//1566
f 1544//1544 951//951 1565//1565
f 945//945 921//921 1568//1568
f 1571//1571 1570//1570 485//485
f 486//486 1570//1570 1571//1571
f 486//486 1571//1571 485//485
f 204//204 937//937 946//946
f 1568//1568 1539//1539 945//945
f 1539//1539 201//201 945//945
f 1568//1568 1572//1572 1539//1539
f 1572//1572 487//487 1573//1573
f 1539//1539 1573//1573 1560//1560
f 1572//1572 1573//1573 1539//1539
f 946//946 937//937 1558//1558
f 488//488 482//482 1560//1560
f 488//488 1574//1574 1575//1575
f 1560//1560 1574//1574 488//488
f 1560//1560 1573//1573 1574//1574
f 1573//1573 487//487 1574//1574
f 487//487 1575//1575 1574//1574
f 160//160 221//221 915//915
f 1594//1594 493//493 1610//1610
f 502//502 915//915 953//953
f 915//915 1598//1598 953//953
f 489//489 950//950 1577//1577
f 1577//1577 950//950 957//957
f 1577//1577 957//957 211//211
f 489//489 1577//1577 210//210
f 1577//1577 211//211 959//959
f 1577//1577 959//959 210//210
f 489//489 203//203 950//950
f 211//211 957//957 958//958
f 958//958 950//950 474//474
f 957//957 950//950 958//958
f 1544//1544 944//944 951//951
f 1578//1578 490//490 1566//1566
f 960//960 958//958 474//474
f 491//491 219//219 1585//1585
f 490//490 1578//1578 495//495
f 1578//1578 1566//1566 1586//1586
f 1578//1578 1586//1586 495//495
f 944//944 961//961 951//951
f 961//961 212//212 962//962
f 951//951 962//962 1566//1566
f 961//961 962//962 951//951
f 1581//1581 494//494 1580//1580
f 205//205 954//954 208//208
f 208//208 954//954 955//955
f 954//954 207//207 972//972
f 955//955 972//972 209//209
f 954//954 972//972 955//955
f 1563//1563 1582//1582 956//956
f 217//217 973//973 972//972
f 973//973 209//209 972//972
f 965//965 964//964 1584//1584
f 965//965 1584//1584 1583//1583
f 210//210 959//959 963//963
f 959//959 211//211 964//964
f 959//959 964//964 963//963
f 960//960 211//211 958//958
f 964//964 965//965 967//967
f 965//965 1583//1583 967//967
f 212//212 484//484 1567//1567
f 1566//1566 969//969 1586//1586
f 969//969 214//214 1587//1587
f 1586//1586 1587//1587 495//495
f 969//969 1587//1587 1586//1586
f 1566//1566 962//962 969//969
f 962//962 212//212 970//970
f 969//969 970//970 214//214
f 962//962 970//970 969//969
f 495//495 1587//1587 215//215
f 1587//1587 214//214 971//971
f 1587//1587 971//971 215//215
f 1592//1592 492//492 978//978
f 1580//1580 1592//1592 1581//1581
f 216//216 978//978 1576//1576
f 978//978 492//492 1579//1579
f 978//978 1579//1579 1576//1576
f 956//956 1582//1582 1567//1567
f 213//213 210//210 963//963
f 966//966 963//963 964//964
f 213//213 963//963 966//966
f 218//218 941//941 203//203
f 207//207 941//941 974//974
f 941//941 218//218 974//974
f 974//974 217//217 972//972
f 974//974 972//972 207//207
f 1588//1588 967//967 975//975
f 975//975 967//967 1583//1583
f 213//213 966//966 968//968
f 966//966 964//964 967//967
f 968//968 967//967 1588//1588
f 966//966 967//967 968//968
f 218//218 203//203 1588//1588
f 1583//1583 1585//1585 975//975
f 218//218 1588//1588 975//975
f 220//220 494//494 1581//1581
f 1591//1591 1581//1581 1592//1592
f 220//220 1581//1581 1591//1591
f 1593//1593 1610//1610 493//493
f 502//502 953//953 1613//1613
f 953//953 1598//1598 1590//1590
f 953//953 1590//1590 1613//1613
f 218//218 227//227 974//974
f 217//217 974//974 226//226
f 974//974 227//227 226//226
f 1600//1600 1567//1567 1582//1582
f 1601//1601 1567//1567 1600//1600
f 223//223 1585//1585 219//219
f 977//977 970//970 212//212
f 977//977 212//212 1567//1567
f 977//977 1567//1567 976//976
f 214//214 970//970 977//977
f 976//976 981//981 977//977
f 981//981 1622//1622 977//977
f 214//214 977//977 1603//1603
f 977//977 1622//1622 1603//1603
f 1591//1591 978//978 216//216
f 1592//1592 978//978 1591//1591
f 1591//1591 500//500 220//220
f 1609//1609 1610//1610 1593//1593
f 216//216 1611//1611 1591//1591
f 1591//1591 1611//1611 500//500
f 221//221 979//979 915//915
f 915//915 979//979 1598//1598
f 1599//1599 979//979 990//990
f 979//979 1599//1599 1598//1598
f 227//227 503//503 226//226
f 1585//1585 223//223 975//975
f 975//975 223//223 218//218
f 227//227 218//218 223//223
f 222//222 1567//1567 1601//1601
f 222//222 497//497 976//976
f 222//222 976//976 1567//1567
f 983//983 222//222 1601//1601
f 497//497 981//981 976//976
f 222//222 983//983 224//224
f 983//983 228//228 984//984
f 983//983 984//984 224//224
f 497//497 229//229 981//981
f 222//222 1602//1602 497//497
f 222//222 224//224 980//980
f 504//504 1619//1619 1616//1616
f 1619//1619 497//497 1602//1602
f 1616//1616 1602//1602 222//222
f 1619//1619 1602//1602 1616//1616
f 224//224 1617//1617 980//980
f 1617//1617 504//504 1616//1616
f 980//980 1616//1616 222//222
f 1617//1617 1616//1616 980//980
f 228//228 1618//1618 984//984
f 1618//1618 504//504 1617//1617
f 984//984 1617//1617 224//224
f 1618//1618 1617//1617 984//984
f 219//219 491//491 986//986
f 214//214 1603//1603 985//985
f 1603//1603 1622//1622 985//985
f 223//223 219//219 986//986
f 998//998 986//986 230//230
f 223//223 986//986 998//998
f 1624//1624 230//230 986//986
f 1589//1589 986//986 491//491
f 1624//1624 986//986 1589//1589
f 214//214 1604//1604 971//971
f 1604//1604 498//498 1605//1605
f 971//971 1605//1605 215//215
f 1604//1604 1605//1605 971//971
f 1621//1621 1620//1620 1606//1606
f 499//499 1620//1620 1621//1621
f 499//499 1621//1621 1606//1606
f 982//982 225//225 1611//1611
f 982//982 1611//1611 216//216
f 237//237 1594//1594 1607//1607
f 1607//1607 1610//1610 1609//1609
f 1594//1594 1610//1610 1607//1607
f 221//221 234//234 990//990
f 221//221 990//990 979//979
f 1614//1614 231//231 1615//1615
f 1614//1614 1615//1615 503//503
f 231//231 1614//1614 227//227
f 1614//1614 503//503 227//227
f 227//227 987//987 231//231
f 992//992 227//227 223//223
f 983//983 1601//1601 228//228
f 1601//1601 229//229 228//228
f 229//229 989//989 233//233
f 989//989 229//229 1601//1601
f 229//229 1623//1623 981//981
f 1623//1623 505//505 1622//1622
f 1623//1623 1622//1622 981//981
f 233//233 505//505 1623//1623
f 233//233 1623//1623 229//229
f 236//236 1597//1597 1634//1634
f 1597//1597 496//496 1635//1635
f 1634//1634 1635//1635 512//512
f 1597//1597 1635//1635 1634//1634
f 243//243 1012//1012 1608//1608
f 1012//1012 237//237 1607//1607
f 1608//1608 1607//1607 1609//1609
f 1012//1012 1607//1607 1608//1608
f 496//496 1595//1595 1596//1596
f 1595//1595 997//997 991//991
f 1596//1596 991//991 234//234
f 1595//1595 991//991 1596//1596
f 496//496 1597//1597 1595//1595
f 1597//1597 236//236 996//996
f 1595//1595 996//996 997//997
f 1597//1597 996//996 1595//1595
f 506//506 1599//1599 1626//1626
f 1599//1599 990//990 1626//1626
f 990//990 234//234 1626//1626
f 227//227 992//992 987//987
f 992//992 1630//1630 988//988
f 987//987 988//988 994//994
f 992//992 988//988 987//987
f 1600//1600 232//232 989//989
f 1600//1600 989//989 1601//1601
f 511//511 231//231 987//987
f 992//992 223//223 998//998
f 992//992 998//998 238//238
f 1629//1629 994//994 988//988
f 1629//1629 988//988 1630//1630
f 232//232 233//233 989//989
f 1624//1624 995//995 230//230
f 1589//1589 995//995 1624//1624
f 233//233 1589//1589 505//505
f 987//987 994//994 993//993
f 987//987 993//993 511//511
f 994//994 1629//1629 513//513
f 511//511 993//993 1633//1633
f 993//993 994//994 1632//1632
f 1633//1633 1632//1632 510//510
f 993//993 1632//1632 1633//1633
f 992//992 238//238 1630//1630
f 1629//1629 1630//1630 509//509
f 1633//1633 510//510 511//511
f 513//513 1631//1631 1636//1636
f 513//513 1629//1629 1631//1631
f 1629//1629 509//509 1631//1631
f 995//995 238//238 998//998
f 995//995 998//998 230//230
f 233//233 1002//1002 1589//1589
f 1002//1002 239//239 1639//1639
f 1002//1002 1639//1639 1589//1589
f 236//236 237//237 997//997
f 236//236 997//997 996//996
f 236//236 512//512 237//237
f 1634//1634 512//512 236//236
f 216//216 235//235 982//982
f 997//997 234//234 991//991
f 502//502 1613//1613 508//508
f 234//234 1028//1028 1626//1626
f 1626//1626 1627//1627 506//506
f 1028//1028 1627//1627 1626//1626
f 509//509 1636//1636 1631//1631
f 232//232 1002//1002 233//233
f 1015//1015 1637//1637 1636//1636
f 1637//1637 513//513 1636//1636
f 238//238 995//995 1647//1647
f 995//995 518//518 1647//1647
f 518//518 995//995 1003//1003
f 995//995 1589//1589 999//999
f 1003//1003 999//999 515//515
f 995//995 999//999 1003//1003
f 240//240 1641//1641 999//999
f 1641//1641 515//515 999//999
f 1000//1000 1589//1589 1639//1639
f 1640//1640 1639//1639 239//239
f 1000//1000 1639//1639 1640//1640
f 1005//1005 1640//1640 239//239
f 1003//1003 515//515 1008//1008
f 240//240 999//999 1000//1000
f 999//999 1589//1589 1000//1000
f 515//515 1641//1641 1642//1642
f 1642//1642 240//240 241//241
f 1641//1641 240//240 1642//1642
f 1640//1640 1006//1006 1000//1000
f 1000//1000 1006//1006 240//240
f 1640//1640 1005//1005 1006//1006
f 1005//1005 1649//1649 1007//1007
f 1006//1006 1007//1007 519//519
f 1005//1005 1007//1007 1006//1006
f 1648//1648 515//515 1642//1642
f 1009//1009 1642//1642 241//241
f 1648//1648 1642//1642 1009//1009
f 520//520 240//240 1006//1006
f 1643//1643 1006//1006 519//519
f 520//520 1006//1006 1643//1643
f 1028//1028 234//234 997//997
f 1028//1028 997//997 237//237
f 500//500 1611//1611 1652//1652
f 1611//1611 225//225 1653//1653
f 1652//1652 1653//1653 521//521
f 1611//1611 1653//1653 1652//1652
f 225//225 982//982 1698//1698
f 508//508 1613//1613 245//245
f 1613//1613 1590//1590 1625//1625
f 1613//1613 1625//1625 245//245
f 523//523 1628//1628 1001//1001
f 1628//1628 507//507 1001//1001
f 506//506 1627//1627 516//516
f 1627//1627 1028//1028 516//516
f 516//516 1028//1028 235//235
f 1590//1590 1644//1644 1625//1625
f 1001//1001 507//507 522//522
f 1625//1625 1013//1013 245//245
f 1644//1644 1013//1013 1625//1625
f 1001//1001 522//522 523//523
f 1015//1015 1016//1016 248//248
f 1645//1645 1646//1646 517//517
f 514//514 1646//1646 1645//1645
f 517//517 1646//1646 1657//1657
f 1657//1657 514//514 524//524
f 1646//1646 514//514 1657//1657
f 1015//1015 1636//1636 1016//1016
f 1636//1636 509//509 1638//1638
f 1636//1636 1638//1638 1016//1016
f 1656//1656 238//238 1647//1647
f 248//248 1016//1016 1017//1017
f 1016//1016 1638//1638 1014//1014
f 1016//1016 1014//1014 1017//1017
f 1656//1656 1018//1018 1021//1021
f 1018//1018 1647//1647 518//518
f 1656//1656 1647//1647 1018//1018
f 1003//1003 1004//1004 518//518
f 242//242 1004//1004 1003//1003
f 242//242 1019//1019 1004//1004
f 1019//1019 1021//1021 1018//1018
f 1004//1004 1018//1018 518//518
f 1019//1019 1018//1018 1004//1004
f 242//242 1003//1003 1008//1008
f 1008//1008 1019//1019 242//242
f 1002//1002 1005//1005 239//239
f 1649//1649 1005//1005 1002//1002
f 246//246 1649//1649 1002//1002
f 1010//1010 1008//1008 515//515
f 1011//1011 1008//1008 1010//1010
f 1648//1648 1009//1009 1010//1010
f 519//519 1007//1007 1649//1649
f 1649//1649 246//246 1672//1672
f 1650//1650 1643//1643 519//519
f 520//520 1643//1643 1650//1650
f 1010//1010 1009//1009 1651//1651
f 1009//1009 241//241 1651//1651
f 1022//1022 1651//1651 241//241
f 521//521 1653//1653 1654//1654
f 1653//1653 225//225 1612//1612
f 1653//1653 1612//1612 1654//1654
f 237//237 1012//1012 1028//1028
f 1028//1028 243//243 244//244
f 1012//1012 243//243 1028//1028
f 521//521 1654//1654 257//257
f 1665//1665 1667//1667 1655//1655
f 1667//1667 525//525 1666//1666
f 1655//1655 1666//1666 501//501
f 1667//1667 1666//1666 1655//1655
f 1698//1698 982//982 1700//1700
f 982//982 235//235 1700//1700
f 1028//1028 1042//1042 235//235
f 524//524 1659//1659 1657//1657
f 1659//1659 1660//1660 1658//1658
f 1657//1657 1658//1658 517//517
f 1659//1659 1658//1658 1657//1657
f 1014//1014 1661//1661 1017//1017
f 1017//1017 1662//1662 248//248
f 1661//1661 1662//1662 1017//1017
f 524//524 1660//1660 1659//1659
f 1019//1019 1008//1008 1011//1011
f 1019//1019 1011//1011 1020//1020
f 1021//1021 1020//1020 1663//1663
f 1019//1019 1020//1020 1021//1021
f 1661//1661 1663//1663 1664//1664
f 1661//1661 1664//1664 1662//1662
f 1662//1662 1664//1664 248//248
f 232//232 246//246 1002//1002
f 1029//1029 1663//1663 1020//1020
f 1029//1029 1020//1020 1023//1023
f 1020//1020 1011//1011 1023//1023
f 1011//1011 1010//1010 1651//1651
f 1023//1023 1651//1651 1022//1022
f 1011//1011 1651//1651 1023//1023
f 247//247 251//251 250//250
f 1612//1612 1699//1699 1654//1654
f 1699//1699 257//257 1654//1654
f 1028//1028 244//244 1027//1027
f 1028//1028 1027//1027 529//529
f 528//528 1677//1677 1676//1676
f 1677//1677 529//529 1027//1027
f 1676//1676 1027//1027 244//244
f 1677//1677 1027//1027 1676//1676
f 535//535 245//245 1013//1013
f 535//535 1013//1013 1644//1644
f 1029//1029 1664//1664 1663//1663
f 1664//1664 1029//1029 533//533
f 533//533 1668//1668 1664//1664
f 1664//1664 526//526 248//248
f 1668//1668 526//526 1664//1664
f 249//249 246//246 232//232
f 1029//1029 1023//1023 533//533
f 533//533 1023//1023 1031//1031
f 1023//1023 1022//1022 1031//1031
f 249//249 1669//1669 246//246
f 1669//1669 1672//1672 246//246
f 247//247 250//250 1024//1024
f 247//247 1024//1024 251//251
f 1671//1671 1670//1670 1675//1675
f 1025//1025 1024//1024 250//250
f 252//252 1024//1024 1026//1026
f 1024//1024 1025//1025 1026//1026
f 1024//1024 252//252 251//251
f 1672//1672 1669//1669 1025//1025
f 1675//1675 1670//1670 527//527
f 1025//1025 1669//1669 1026//1026
f 1039//1039 1026//1026 1669//1669
f 532//532 1671//1671 1673//1673
f 1673//1673 1675//1675 527//527
f 1671//1671 1675//1675 1673//1673
f 527//527 1674//1674 1673//1673
f 1674//1674 1040//1040 1673//1673
f 252//252 1026//1026 1039//1039
f 525//525 1667//1667 1665//1665
f 1612//1612 543//543 1699//1699
f 1701//1701 1699//1699 543//543
f 257//257 1699//1699 1701//1701
f 529//529 1042//1042 1028//1028
f 529//529 1677//1677 528//528
f 543//543 1698//1698 1700//1700
f 253//253 526//526 1668//1668
f 1030//1030 1668//1668 533//533
f 253//253 1668//1668 1030//1030
f 1681//1681 531//531 1680//1680
f 1679//1679 253//253 1030//1030
f 1030//1030 533//533 1682//1682
f 1680//1680 1679//1679 1681//1681
f 1032//1032 254//254 1033//1033
f 1031//1031 1686//1686 1683//1683
f 1031//1031 1683//1683 533//533
f 533//533 1683//1683 1684//1684
f 1683//1683 1686//1686 1684//1684
f 1679//1679 1030//1030 1685//1685
f 1030//1030 1682//1682 1685//1685
f 1033//1033 1686//1686 1031//1031
f 1032//1032 1031//1031 1022//1022
f 1033//1033 1031//1031 1032//1032
f 1682//1682 1037//1037 1685//1685
f 1033//1033 254//254 1686//1686
f 1682//1682 532//532 1034//1034
f 1037//1037 1682//1682 1034//1034
f 1040//1040 255//255 1034//1034
f 1040//1040 1034//1034 532//532
f 1037//1037 1034//1034 255//255
f 1691//1691 1692//1692 539//539
f 1689//1689 1692//1692 1691//1691
f 1688//1688 1041//1041 534//534
f 539//539 1689//1689 1691//1691
f 1688//1688 534//534 1687//1687
f 1041//1041 1688//1688 1687//1687
f 532//532 1673//1673 1040//1040
f 1695//1695 540//540 1694//1694
f 529//529 1678//1678 1042//1042
f 1679//1679 1035//1035 1681//1681
f 1681//1681 536//536 531//531
f 1035//1035 536//536 1681//1681
f 1035//1035 1036//1036 1690//1690
f 1035//1035 1690//1690 536//536
f 1679//1679 1685//1685 1035//1035
f 1035//1035 1685//1685 1036//1036
f 1685//1685 256//256 1036//1036
f 1685//1685 1037//1037 256//256
f 1037//1037 1038//1038 256//256
f 537//537 538//538 1693//1693
f 537//537 1693//1693 544//544
f 1039//1039 1669//1669 249//249
f 255//255 1040//1040 1038//1038
f 255//255 1038//1038 1037//1037
f 1695//1695 1703//1703 540//540
f 1038//1038 1040//1040 1674//1674
f 1674//1674 256//256 1038//1038
f 1694//1694 1703//1703 1695//1695
f 530//530 541//541 1697//1697
f 530//530 1697//1697 1696//1696
f 541//541 1696//1696 1697//1697
f 1701//1701 258//258 257//257
f 544//544 1693//1693 538//538
f 542//542 1704//1704 545//545
f 1702//1702 543//543 1700//1700
f 545//545 1704//1704 1706//1706
f 1678//1678 1705//1705 1042//1042
f 543//543 1702//1702 1701//1701
f 1702//1702 258//258 1701//1701
f 542//542 1706//1706 1704//1704
f 546//546 258//258 1044//1044
f 1722//1722 1702//1702 1700//1700
f 1043//1043 258//258 1702//1702
f 1043//1043 1702//1702 1716//1716
f 1716//1716 1702//1702 1722//1722
f 235//235 1042//1042 1700//1700
f 1042//1042 1713//1713 1700//1700
f 1700//1700 1045//1045 1710//1710
f 546//546 1044//1044 259//259
f 1709//1709 547//547 1707//1707
f 1708//1708 1707//1707 1705//1705
f 1709//1709 1707//1707 1708//1708
f 1705//1705 1707//1707 1042//1042
f 1042//1042 1707//1707 1713//1713
f 1700//1700 1713//1713 1711//1711
f 258//258 1043//1043 1044//1044
f 1044//1044 1043//1043 259//259
f 1716//1716 548//548 1043//1043
f 259//259 1043//1043 260//260
f 1043//1043 548//548 1715//1715
f 1043//1043 1715//1715 260//260
f 547//547 1712//1712 1707//1707
f 1707//1707 1712//1712 1713//1713
f 1712//1712 547//547 1046//1046
f 1709//1709 1714//1714 547//547
f 1708//1708 1714//1714 1709//1709
f 1712//1712 1046//1046 1718//1718
f 263//263 1700//1700 1710//1710
f 1710//1710 1045//1045 1047//1047
f 1047//1047 551//551 261//261
f 1045//1045 551//551 1047//1047
f 1711//1711 551//551 1045//1045
f 1711//1711 1045//1045 1700//1700
f 260//260 1715//1715 262//262
f 262//262 1715//1715 548//548
f 263//263 1722//1722 1700//1700
f 1718//1718 1713//1713 1712//1712
f 1710//1710 1047//1047 263//263
f 1047//1047 261//261 263//263
f 261//261 1048//1048 263//263
f 551//551 1711//1711 1718//1718
f 1711//1711 1713//1713 1718//1718
f 1716//1716 549//549 548//548
f 549//549 1719//1719 550//550
f 1722//1722 264//264 1717//1717
f 1716//1716 1722//1722 1717//1717
f 1716//1716 1717//1717 549//549
f 549//549 1717//1717 1719//1719
f 1717//1717 552//552 1721//1721
f 1719//1719 1721//1721 550//550
f 1717//1717 1721//1721 1719//1719
f 1736//1736 551//551 1718//1718
f 263//263 1048//1048 266//266
f 1717//1717 264//264 1720//1720
f 1717//1717 1720//1720 552//552
f 1736//1736 1718//1718 1724//1724
f 1722//1722 266//266 271//271
f 263//263 266//266 1722//1722
f 265//265 1718//1718 1046//1046
f 264//264 1050//1050 1720//1720
f 1720//1720 265//265 552//552
f 1050//1050 265//265 1720//1720
f 265//265 1724//1724 1718//1718
f 266//266 553//553 1054//1054
f 1723//1723 1049//1049 1048//1048
f 1048//1048 1049//1049 266//266
f 1049//1049 553//553 266//266
f 267//267 1052//1052 1051//1051
f 1052//1052 265//265 1050//1050
f 1051//1051 1050//1050 264//264
f 1052//1052 1050//1050 1051//1051
f 1732//1732 266//266 1054//1054
f 266//266 1739//1739 271//271
f 1724//1724 265//265 1052//1052
f 1724//1724 1052//1052 267//267
f 1732//1732 1739//1739 266//266
f 1724//1724 267//267 1733//1733
f 268//268 1725//1725 1734//1734
f 1049//1049 1723//1723 270//270
f 553//553 1049//1049 1054//1054
f 1049//1049 270//270 1054//1054
f 1727//1727 1728//1728 269//269
f 1726//1726 1728//1728 1727//1727
f 269//269 1728//1728 1726//1726
f 1731//1731 1729//1729 555//555
f 555//555 1729//1729 1730//1730
f 1729//1729 1731//1731 1730//1730
f 268//268 1735//1735 1725//1725
f 1735//1735 1734//1734 1725//1725
f 1733//1733 1736//1736 1724//1724
f 1737//1737 1747//1747 554//554
f 1747//1747 1737//1737 1740//1740
f 1740//1740 1737//1737 1053//1053
f 1738//1738 1054//1054 270//270
f 1739//1739 1732//1732 1054//1054
f 1746//1746 560//560 1745//1745
f 1737//1737 554//554 1053//1053
f 1054//1054 271//271 1739//1739
f 556//556 1743//1743 1742//1742
f 1742//1742 1741//1741 556//556
f 1743//1743 1741//1741 1742//1742
f 558//558 557//557 1744//1744
f 559//559 558//558 1744//1744
f 559//559 1744//1744 557//557
f 1745//1745 561//561 1746//1746
f 271//271 1054//1054 1738//1738
f 562//562 560//560 1746//1746
f 562//562 1746//1746 561//561
f 1747//1747 1740//1740 563//563
f 1053//1053 563//563 1740//1740
