# decimated by Tools/decimate_anatomy.py from 16496 triangles (BodyParts3D, CC BY 4.0)
v 0.02024243 -0.02775602 -0.20184229
v 0.02006963 -0.02268915 -0.19877145
v 0.01734447 -0.02851248 -0.20296653
v 0.01659355 -0.02891805 -0.20350546
v 0.02212400 -0.01957851 -0.18097694
v 0.02218010 -0.01980702 -0.17519319
v 0.02450053 -0.01149676 -0.15071775
v 0.02474270 -0.00217161 -0.12319438
v 0.01653094 0.00264874 -0.12040622
v 0.01406476 -0.01177897 -0.14706746
v 0.01618213 -0.00872484 -0.13476024
v 0.01140571 0.00379933 -0.11480327
v 0.02147954 0.00182099 -0.10182451
v 0.01593489 0.00360009 -0.11030286
v 0.00392203 -0.00629247 -0.13360268
v 0.00287354 0.00090636 -0.11038354
v 0.01679099 0.00361731 -0.07038182
v 0.00258589 -0.00067581 -0.11243162
v 0.01046289 0.00765407 -0.07412912
v 0.01321611 0.00703974 -0.05384341
v 0.01000447 0.00749003 -0.07415534
v 0.01509255 0.00662609 -0.08340777
v 0.01010118 0.00777163 -0.06771692
v 0.00190045 0.00359183 -0.08588139
v 0.00164174 0.00276570 -0.08392048
v 0.00738216 0.00859807 -0.05958275
v 0.00859575 0.00892432 -0.05370710
v 0.00800632 0.00916387 -0.05090534
v 0.00819198 0.00918570 -0.05093759
v 0.00754910 0.00283856 -0.05444918
v 0.00555461 0.00953091 -0.04978095
v 0.00499868 0.00910839 -0.05018337
v 0.00748319 0.00944760 -0.04644293
v 0.00795533 0.00946027 -0.04881617
v 0.00904175 0.00924242 -0.04851956
v 0.01013236 0.00047045 -0.06695319
v 0.00469984 0.00921447 -0.04867731
v 0.00606098 0.00346021 -0.04778587
v 0.00413151 0.00941753 -0.04356297
v 0.00722441 0.01100196 -0.02382398
v 0.00348032 0.00968444 -0.03835301
v 0.00293054 0.01034929 -0.02554813
v 0.00250085 0.01061768 -0.01584232
v 0.00241014 0.01079722 -0.01457587
v 0.00631258 0.01153488 0.00595275
v 0.00261821 0.01281081 0.00794115
v 0.00616083 0.01213311 0.00319109
v -0.00343194 0.00507718 -0.02854969
v -0.00410354 0.00599880 -0.02265429
v 0.00161058 0.01086527 -0.01066324
v 0.00477144 0.01001967 0.00763925
v 0.00586204 0.01104495 0.00978437
v -0.00448621 0.00747547 -0.01501096
v 0.00086446 0.01215695 0.00367943
v -0.00496379 0.00851938 -0.00932102
v 0.00319232 0.01328924 0.01012961
v -0.00515965 0.00812223 -0.00775382
v 0.00810288 0.01573087 0.03112657
v 0.00932739 0.01624612 0.03527980
v 0.01302419 0.01599309 0.04274133
v 0.00126036 0.01304420 0.01825768
v 0.00684973 0.01476026 0.02982810
v 0.00663611 0.01449591 0.02939122
v 0.00935612 0.01707867 0.04020879
v 0.01358837 0.01752728 0.04629132
v -0.00610926 0.00794813 0.00373355
v 0.00219765 0.01328389 0.01606435
v 0.01665348 0.02047395 0.06477381
v 0.00240928 0.01071490 0.02243102
v 0.01083575 0.01856083 0.04934418
v 0.01701827 0.02050586 0.06979697
v 0.01730688 0.02204749 0.07070502
v 0.00050000 0.01421683 0.02859681
v 0.01207017 0.01924533 0.06014604
v 0.01748229 0.02305728 0.07513855
v 0.01726349 0.02283820 0.07544227
v 0.01694208 0.02295179 0.07673985
v 0.01722322 0.02291939 0.07715775
v 0.01776622 0.02374550 0.07880705
v -0.00680138 0.00861355 0.00787939
v 0.00146066 0.01302978 0.03322339
v -0.00025136 0.01513495 0.03274615
v 0.00093179 0.01409981 0.02677526
v 0.00296482 0.01216228 0.02700004
v 0.01843620 0.02224502 0.08269423
v 0.01864242 0.02300363 0.08190434
v 0.01795812 0.02395662 0.08234965
v 0.01705953 0.02275377 0.07617967
v -0.00603074 0.01315994 0.02327645
v -0.00225009 0.01072991 0.02648796
v -0.00279361 0.01045325 0.02689485
v -0.00220164 0.01192834 0.02834997
v -0.00163890 0.01430723 0.03311429
v -0.00049440 0.01623133 0.03687172
v -0.00075431 0.01650395 0.03818936
v -0.00018749 0.01664629 0.03939846
v 0.00224077 0.01750775 0.04915950
v 0.01443487 0.02172192 0.07581051
v 0.02097539 0.02475841 0.09796076
v 0.02032366 0.02480106 0.09513928
v -0.00909419 0.00915389 0.01866979
v -0.00815439 0.01023155 0.02746129
v -0.00673693 0.01092827 0.02599801
v 0.01568819 0.02426635 0.08533034
v 0.01509672 0.02392975 0.08427588
v 0.01993080 0.02472489 0.10750004
v -0.00675377 0.01131295 0.02615648
v -0.00740730 0.01135493 0.03067408
v -0.00051391 0.01577002 0.04673702
v -0.00097602 0.01819295 0.05127176
v 0.00238102 0.01795583 0.05557318
v -0.00145517 0.01652837 0.04794061
v -0.00143203 0.01766353 0.05077342
v -0.00115253 0.01871134 0.05513731
v 0.01874675 0.02631333 0.10529472
v 0.02245457 0.02563932 0.10813779
v 0.00224924 0.01909177 0.06402745
v 0.01740328 0.02544651 0.10093445
v 0.01825747 0.02559250 0.10670618
v 0.01895552 0.02640967 0.10878472
v 0.02458533 0.02739523 0.11962341
v -0.00054427 0.01805746 0.06124663
v -0.00103749 0.02035954 0.06372526
v -0.00173624 0.01966470 0.06393578
v -0.00156027 0.02024569 0.06505181
v 0.00213062 0.02068983 0.07155420
v 0.01856044 0.02493517 0.10672944
v 0.01914212 0.02639349 0.11135747
v 0.02560843 0.02633780 0.12448842
v -0.01118056 0.01136867 0.03748043
v -0.01084742 0.01224493 0.03638679
v -0.00114964 0.01890946 0.06385130
v 0.00208710 0.01998554 0.06954178
v 0.01996967 0.02574000 0.11524342
v 0.02459128 0.02561717 0.12268379
v 0.02726857 0.02453748 0.13283378
v -0.01397431 0.01168914 0.03153753
v 0.00198107 0.02064605 0.07625486
v 0.00112519 0.02249373 0.08418691
v 0.00161354 0.02196312 0.07996585
v 0.02450273 0.02400141 0.13201232
v 0.02297813 0.02477760 0.13108920
v -0.01425115 0.01315797 0.04290854
v -0.01194844 0.01488377 0.04936694
v -0.00222965 0.02179677 0.07939641
v 0.03089243 0.02179930 0.14761634
v -0.01088574 0.01076224 0.03576178
v -0.01093841 0.01408868 0.05459866
v 0.00096155 0.02287979 0.09011412
v 0.02706928 0.02141730 0.14344305
v 0.02609925 0.02213749 0.14262107
v -0.01288896 0.01057510 0.03665016
v -0.01337244 0.01539990 0.05527816
v -0.01060356 0.01637387 0.05985212
v -0.00195062 0.02181015 0.08995526
v 0.03015462 0.01963094 0.14892495
v 0.03051666 0.02039264 0.15408155
v -0.01648466 0.01210675 0.04913115
v -0.00159627 0.02163333 0.09395030
v 0.02998772 0.02033133 0.15398259
v 0.02810293 0.01965911 0.15346736
v 0.00108840 0.02282219 0.10492756
v 0.00187221 0.02231821 0.10387788
v 0.03210727 0.01565228 0.15747549
v 0.03096448 0.01845127 0.15632439
v 0.03047364 0.01889274 0.15627360
v 0.02945101 0.01794135 0.15666340
v -0.01901065 0.01266083 0.05280231
v 0.00088778 0.02284033 0.10094704
v -0.01684297 0.01839772 0.07101592
v -0.00204027 0.02274226 0.10549181
v -0.00092907 0.02263737 0.10888829
v 0.00081080 0.02238121 0.11332502
v -0.01465827 0.01896469 0.07927502
v 0.00082812 0.02123105 0.12194761
v -0.02041983 0.01126506 0.05849432
v -0.02296995 0.01313704 0.05994837
v -0.01876966 0.01825727 0.08131478
v -0.00219447 0.02203319 0.10139912
v -0.00197831 0.02068558 0.12411425
v -0.01922086 0.01780777 0.08593717
v -0.00071341 0.01901769 0.12058833
v -0.01577137 0.01881054 0.08590199
v -0.02484620 0.01400177 0.07121625
v -0.01950260 0.01897333 0.08633998
v 0.00110947 0.01821411 0.12974054
v -0.02230628 0.01095381 0.05346694
v -0.03144693 0.01445770 0.07735483
v -0.02541320 0.01458955 0.07274845
v -0.02667662 0.01555486 0.07366567
v -0.02111704 0.01830949 0.09622225
v -0.02995549 0.01390566 0.07424572
v -0.02224624 0.01845150 0.10459173
v -0.00070399 0.01425743 0.15147051
v -0.03096406 0.01524129 0.07688107
v -0.02036115 0.01778180 0.10436713
v 0.00135535 0.01663092 0.13892408
v -0.03007863 0.01620775 0.08317719
v -0.02924233 0.01463992 0.08235778
v -0.00170083 0.01466868 0.14960772
v -0.00158917 0.01565017 0.14636993
v -0.00135857 0.01381609 0.15281831
v -0.03434195 0.01402538 0.08800199
v -0.03557044 0.01380209 0.08940103
v -0.00205136 0.01363114 0.15311565
v -0.00123195 0.01348598 0.15332320
v -0.00095460 0.01349768 0.15327970
v -0.00201027 0.01327795 0.15293758
v 0.00037428 0.01230695 0.15734155
v 0.00014983 0.01193167 0.15871333
v -0.03345744 0.01362190 0.09464626
v -0.02329846 0.01697250 0.11980006
v -0.02032165 0.01724801 0.12650585
v -0.00029025 0.01211892 0.15881088
v -0.02038448 0.01581644 0.12487899
v -0.02250408 0.01491355 0.12738815
v -0.02143884 0.01426117 0.13162054
v -0.02079558 0.01497832 0.13398390
v -0.02155287 0.01416138 0.13844297
v -0.03800682 0.01180422 0.09790946
v -0.02361779 0.01628995 0.12895710
v -0.02138720 0.01480974 0.12886491
v -0.02177399 0.01508960 0.13588955
v -0.03673045 0.01171892 0.10644672
v -0.02474383 0.01369828 0.13540085
v -0.03830292 0.01192165 0.10789979
v -0.02213043 0.01253120 0.13883717
v -0.03988329 0.01070833 0.10381929
v -0.03752702 0.01048444 0.10949995
v -0.02199833 0.01168608 0.14505456
v -0.02284500 0.01251748 0.14432359
v -0.02192899 0.01374529 0.14026627
v -0.03978815 0.00909145 0.11307438
v -0.04127447 0.00986643 0.12206569
v -0.02204106 0.01043264 0.14683065
v -0.02271400 0.00853349 0.15162248
v -0.02290432 0.00842120 0.15166708
v -0.02521620 0.00832215 0.15076089
v -0.02558660 0.00805960 0.15031061
v -0.04472539 0.00888258 0.12801721
v -0.04280478 0.00772392 0.12778978
v -0.04378944 0.00715527 0.12601171
v -0.04619865 0.00748873 0.12940595
v -0.04579512 0.00444137 0.13099606
v -0.04614178 0.00404345 0.13124092
v -0.04591523 0.00463980 0.13046467
v -0.04451261 0.00373082 0.13513996
v -0.04509892 0.00350114 0.13602881
v -0.04665840 0.00316301 0.13610388
v -0.04717355 0.00301475 0.13581280
v 0.02344850 -0.01221613 -0.14336270
v 0.02210188 -0.00680638 -0.11642937
v 0.00548486 -0.00362602 -0.11643042
v 0.00884158 -0.00425037 -0.10755818
v 0.01597651 0.00580888 -0.07772581
v 0.01253252 -0.00222944 -0.08004292
v 0.01715356 0.00493881 -0.07468426
v 0.00176179 0.00240760 -0.08558968
v 0.01022809 0.00789318 -0.06175114
v 0.00994427 0.00795709 -0.06106874
v 0.00850563 0.00964864 -0.04571923
v 0.00851135 0.00926069 -0.05212122
v 0.00795631 0.00896889 -0.05111835
v 0.00879963 0.00915183 -0.04640504
v 0.00543144 0.00927752 -0.04994368
v 0.00066941 0.00499478 -0.06855260
v 0.00688219 0.00385865 -0.04996250
v 0.00008886 0.00488764 -0.06079765
v 0.00427421 0.00942294 -0.04410681
v -0.00079967 0.00655261 -0.05244522
v 0.00774086 0.01018745 -0.03211805
v -0.00386260 0.00888436 -0.01638504
v 0.00543696 0.01234752 -0.00312694
v -0.00489032 0.00798538 -0.01073743
v 0.01117426 0.01404261 0.03236608
v 0.01357968 0.01799211 0.04753864
v 0.00385783 0.01215985 0.02214508
v 0.00587009 0.01313589 0.02684357
v 0.00411713 0.01182366 0.02194133
v 0.00391922 0.01233882 0.02220985
v 0.00809882 0.01440445 0.03460078
v 0.01107373 0.01782994 0.04451380
v 0.01395383 0.01695771 0.04865134
v 0.00281365 0.01366709 0.02359106
v 0.00275582 0.01332091 0.02010556
v 0.00900652 0.01678398 0.04116717
v 0.01647324 0.02044067 0.06379164
v 0.00060294 0.01364302 0.02461940
v 0.01616991 0.01958650 0.06749060
v 0.01605792 0.02141417 0.06657662
v 0.01662817 0.02276495 0.07511286
v 0.01598060 0.02144428 0.06684408
v 0.01203214 0.01950136 0.06065750
v 0.01325721 0.02130013 0.06647391
v 0.01510546 0.02312935 0.07576953
v 0.01653063 0.02319755 0.07620073
v 0.01778948 0.02372358 0.07860256
v -0.00045417 0.01556431 0.03369030
v 0.01830657 0.02215009 0.08134974
v 0.01750416 0.02381486 0.08194264
v 0.01804496 0.02406038 0.08232732
v -0.00135209 0.01310240 0.03180691
v -0.00169742 0.01277689 0.03051975
v 0.00268391 0.01527702 0.03314497
v 0.01977673 0.02476717 0.09309863
v -0.00852572 0.00896282 0.01661164
v -0.00636154 0.01071253 0.02620265
v -0.00653538 0.01110010 0.02608062
v -0.00689552 0.01243387 0.02516501
v -0.00164536 0.01509369 0.03519952
v 0.01477660 0.02355558 0.08222945
v 0.01514141 0.02394284 0.08541756
v -0.00667372 0.01113822 0.02603753
v -0.00683354 0.01194598 0.02583288
v 0.00013579 0.01588995 0.05071840
v 0.00232522 0.01692430 0.05093092
v 0.02027461 0.02604294 0.10123036
v -0.00140060 0.01644450 0.04818012
v 0.00005078 0.01576340 0.05049918
v -0.00139926 0.01779674 0.05119228
v 0.01577067 0.02418531 0.08992696
v 0.01696996 0.02480400 0.09983436
v 0.02075122 0.02641939 0.12004245
v 0.02242934 0.02557104 0.10889738
v 0.02388253 0.02760901 0.11711536
v 0.01752955 0.02514467 0.10328572
v 0.01969508 0.02519564 0.10871652
v -0.00169283 0.01948359 0.06355845
v 0.01968300 0.02570490 0.11410994
v 0.01926062 0.02625247 0.11213968
v 0.02564667 0.02645617 0.12461113
v -0.01349321 0.01068549 0.03119652
v -0.01101331 0.01222074 0.03691935
v 0.02740500 0.02461892 0.13325244
v 0.02138535 0.02569269 0.12284007
v 0.02623096 0.02412872 0.13079160
v 0.02765758 0.02488686 0.13589583
v 0.02809460 0.02449540 0.13772400
v 0.00208325 0.02151385 0.08671829
v 0.02359077 0.02585780 0.13179923
v 0.02913472 0.02352874 0.14127907
v -0.01445313 0.01296984 0.04404659
v 0.02551196 0.02438057 0.13895397
v 0.03015876 0.02148785 0.14495106
v 0.03175636 0.01920048 0.15455122
v -0.01731082 0.01208476 0.03963292
v -0.02091916 0.01112297 0.05902249
v -0.01632791 0.01328306 0.04540635
v -0.01689900 0.01325611 0.04656581
v 0.02547053 0.02327375 0.14060846
v 0.02618840 0.02210320 0.14322045
v 0.03015382 0.02169269 0.15027709
v -0.01612338 0.01207809 0.04824857
v -0.00199186 0.02209750 0.09083992
v 0.02699796 0.02153792 0.14784592
v 0.02996259 0.01934201 0.15023807
v 0.02789829 0.01970060 0.15075742
v 0.02935020 0.01994544 0.15173455
v 0.03057123 0.02003668 0.15473647
v 0.02988388 0.02031635 0.15398711
v -0.02095157 0.01196017 0.06058766
v -0.00179874 0.02186477 0.09223842
v 0.02749238 0.02017279 0.15118572
v 0.02859178 0.02019393 0.15215272
v 0.02895686 0.02046574 0.15202750
v 0.02874940 0.02018928 0.15255529
v 0.02891842 0.02021382 0.15275544
v 0.02884139 0.01997742 0.15302122
v 0.02806414 0.02020592 0.15246227
v 0.02809678 0.01961324 0.15350042
v 0.02831526 0.02019689 0.15158770
v 0.03081475 0.01920771 0.15541658
v -0.01698261 0.01783773 0.07259436
v -0.00168692 0.02303304 0.09597175
v 0.00186003 0.02222638 0.10637376
v 0.03216040 0.01580313 0.15742908
v 0.03141358 0.01629300 0.15882953
v 0.03132361 0.01648681 0.15867572
v 0.03122687 0.01652531 0.15870460
v 0.03105898 0.01669382 0.15856871
v 0.03120725 0.01646688 0.15864702
v 0.02910781 0.01810321 0.15634149
v 0.02909810 0.01813223 0.15641174
v 0.02921712 0.01818080 0.15630288
v 0.02901649 0.01808995 0.15647148
v 0.02910953 0.01804397 0.15661015
v 0.02911400 0.01787537 0.15689437
v 0.02878220 0.01846080 0.15580265
v 0.00111001 0.02087185 0.10890910
v -0.02212364 0.01095618 0.05275195
v -0.02045682 0.01192482 0.05924062
v -0.01296475 0.01871834 0.07071491
v -0.00202815 0.02248607 0.11001934
v 0.00074842 0.02224687 0.11435663
v -0.01871774 0.01214915 0.04304769
v -0.01771652 0.01864821 0.07519099
v -0.02266350 0.01349463 0.06477013
v -0.02291811 0.01189400 0.06434766
v -0.01675090 0.01768294 0.07187604
v -0.01880347 0.01892594 0.08256140
v -0.01697127 0.01872458 0.09269215
v -0.01666857 0.01936156 0.09319598
v 0.00044912 0.01974125 0.13291923
v -0.02679167 0.01551691 0.07515333
v -0.02707245 0.01426671 0.07600007
v -0.01666019 0.01958553 0.09112292
v -0.02050415 0.01905843 0.09173699
v -0.02177226 0.01932273 0.10254970
v -0.00215972 0.01686192 0.14145018
v 0.00106046 0.01353469 0.15268929
v 0.00121363 0.01349874 0.15299539
v 0.00129558 0.01352585 0.15292168
v -0.03298194 0.01424249 0.08147414
v -0.00211188 0.01394402 0.14562313
v -0.00132451 0.01344434 0.15291272
v -0.00122764 0.01362759 0.15314956
v -0.00102892 0.01368790 0.15329748
v 0.00023059 0.01365352 0.15265217
v -0.00130261 0.01358338 0.15348237
v -0.00128777 0.01369397 0.15321290
v -0.00130645 0.01359718 0.15329159
v -0.03532708 0.01384065 0.08861295
v -0.00183340 0.01229168 0.15146822
v -0.00134488 0.01349367 0.15321384
v -0.00138183 0.01361109 0.15322019
v -0.00134264 0.01370156 0.15332015
v -0.00037553 0.01239329 0.15844455
v -0.00171840 0.01182688 0.15698250
v 0.00057921 0.01251691 0.15718956
v -0.01975266 0.01866854 0.11547958
v -0.00029712 0.01280194 0.15422603
v 0.00010666 0.01183487 0.15940560
v -0.00056378 0.01188546 0.15869828
v -0.00004567 0.01227002 0.15809223
v -0.00102555 0.01200938 0.15862359
v -0.00157563 0.01177369 0.15750091
v -0.02353046 0.01628216 0.12142717
v -0.02059004 0.01554714 0.12630074
v -0.02156252 0.01415268 0.13146801
v -0.03716793 0.01048745 0.10478272
v -0.02125706 0.01477715 0.13633943
v -0.02175063 0.01221777 0.14185569
v -0.02174253 0.01655713 0.13088360
v -0.03628475 0.01219227 0.10444632
v -0.03795021 0.01135286 0.11031565
v -0.03762368 0.01014319 0.10696360
v -0.02263304 0.01112012 0.14334834
v -0.02264963 0.01098891 0.14282182
v -0.02130712 0.01354007 0.13751461
v -0.02223398 0.01032532 0.14804287
v -0.02523693 0.01072872 0.14322887
v -0.04024954 0.01029017 0.11848377
v -0.02266835 0.00848415 0.15135800
v -0.02238969 0.00858803 0.15151541
v -0.02285184 0.00846818 0.15160763
v -0.02279049 0.00845011 0.15160243
v -0.02305348 0.00850785 0.15169914
v -0.02292923 0.00840562 0.15169477
v -0.02299880 0.00851621 0.15169673
v -0.02241804 0.00929116 0.15092055
v -0.02528364 0.00832656 0.15071785
v -0.02517573 0.00817525 0.15070666
v -0.02517641 0.00817451 0.15063822
v -0.02521207 0.00821681 0.15083273
v -0.02530154 0.00813989 0.15088844
v -0.02503063 0.00847048 0.15067816
v -0.04195171 0.00983452 0.12428768
v -0.04282676 0.00963080 0.12600226
v -0.04615388 0.00520545 0.12958331
v -0.04582864 0.00597063 0.12882977
v -0.04541071 0.00448290 0.13118836
v -0.04569323 0.00472187 0.13091537
v -0.04565811 0.00612825 0.12871169
v -0.04588920 0.00333297 0.13599844
v -0.04607590 0.00402163 0.13127060
v -0.04604480 0.00558459 0.12930591
v -0.04597726 0.00465115 0.13043801
v -0.04414170 0.00427237 0.13346463
v -0.04509729 0.00349705 0.13599534
v -0.04525439 0.00339880 0.13603957
v -0.04675893 0.00375671 0.13550103
v -0.04646102 0.00326171 0.13623352
v 0.01988542 -0.03043024 -0.21028723
v 0.02004056 -0.02987985 -0.20886095
v 0.02041858 -0.02824104 -0.20447937
v 0.01745604 -0.03115745 -0.20993022
v 0.01785133 -0.02910864 -0.20478571
v 0.01765372 -0.02750509 -0.19969535
v 0.02120003 -0.02397481 -0.19186206
v 0.02097414 -0.02430764 -0.19786799
v 0.01975813 -0.02634030 -0.19578066
v 0.01824967 -0.02686500 -0.19705590
v 0.00799077 -0.01486646 -0.19015644
v 0.02235963 -0.01924238 -0.17359560
v 0.02330148 -0.01667132 -0.16520888
v 0.02045341 -0.02371991 -0.18685357
v 0.01984446 -0.02262040 -0.18216801
v 0.02077598 -0.01856850 -0.16844739
v 0.02398330 -0.01258166 -0.14939755
v 0.02386027 -0.01409069 -0.15576865
v 0.02295567 -0.01036969 -0.13379128
v 0.01419045 -0.01484890 -0.15999336
v 0.01432470 -0.01688402 -0.16594573
v 0.01531430 0.00347240 -0.12293843
v 0.02280805 -0.00748340 -0.11976896
v 0.01705589 0.00270021 -0.12064212
v 0.02003471 -0.00678760 -0.11802924
v 0.00984550 0.00416643 -0.11152241
v 0.00832846 -0.01238116 -0.14928652
v 0.01341696 -0.00418900 -0.10440903
v 0.01088806 0.00175151 -0.12900670
v 0.01873942 0.00395262 -0.10011738
v 0.00470933 -0.00457426 -0.15531245
v 0.02188275 -0.00631000 -0.11365906
v 0.00303022 -0.00837113 -0.15026510
v 0.00400191 -0.00994789 -0.14993182
v 0.00317796 -0.00487639 -0.13061829
v 0.00515934 -0.00461567 -0.12156531
v 0.00519673 -0.00402973 -0.11778606
v 0.00521770 -0.00448045 -0.12061660
v 0.01297378 0.00602336 -0.09381892
v 0.01517118 0.00671023 -0.08173401
v 0.01601777 0.00617907 -0.08938141
v 0.00404678 -0.00286695 -0.11345373
v 0.00831681 -0.00611315 -0.12091352
v 0.00280445 0.00033149 -0.11338603
v 0.01382581 0.00650998 -0.08532225
v 0.01864112 0.00313829 -0.07995420
v 0.01863671 -0.00460252 -0.10310838
v 0.01114721 0.00706663 -0.08290042
v 0.01690583 0.00535653 -0.07987209
v 0.01418306 0.00701701 -0.07740541
v 0.00274317 -0.00519746 -0.13443150
v 0.00817537 -0.00464765 -0.11111861
v 0.00872735 -0.00361749 -0.09947114
v 0.00833036 -0.00276377 -0.09615471
v 0.00727323 -0.00242934 -0.09309403
v 0.00983724 -0.00375005 -0.09796625
v 0.00962302 0.00736733 -0.07630845
v 0.01050600 0.00717234 -0.07850380
v 0.01066206 0.00728662 -0.07831586
v 0.00240798 0.00221123 -0.09834744
v 0.00865149 0.00838238 -0.06171156
v 0.00998753 0.00772896 -0.07089042
v 0.01581894 0.00478710 -0.06601966
v 0.00499625 -0.00080043 -0.09489721
v 0.00228775 0.00179047 -0.09759183
v 0.00177110 0.00317876 -0.08490093
v 0.01684456 -0.00258508 -0.08254723
v 0.00516829 0.00816558 -0.05669744
v 0.00667476 0.00890695 -0.05595429
v 0.00632349 0.00887608 -0.05483917
v 0.00491276 0.00894175 -0.05231508
v 0.00658065 0.00906045 -0.05508920
v 0.00594849 0.00928849 -0.05219313
v 0.00554876 0.00942185 -0.05012322
v 0.00495178 0.00903521 -0.05144530
v 0.00780115 0.00930048 -0.04861845
v 0.00776887 0.00938844 -0.04800698
v 0.00745106 0.00947535 -0.04607746
v 0.00834679 0.00936778 -0.04433300
v 0.00585067 0.00252356 -0.05630919
v 0.00687573 0.00281871 -0.05405551
v 0.00768625 0.00263773 -0.05502468
v 0.00715825 0.00315785 -0.05240569
v 0.00677709 0.00325574 -0.05093148
v 0.00701660 0.00331379 -0.05174818
v 0.00479069 0.00913385 -0.05009902
v 0.00477217 0.00918543 -0.04902159
v 0.00122815 0.00346683 -0.06867076
v -0.00133539 0.00746715 -0.03771149
v 0.00460151 0.00929101 -0.04746054
v 0.01002468 0.00929340 -0.03996892
v 0.00664887 0.00320081 -0.05152649
v 0.00605260 0.00981579 -0.04655692
v 0.00444671 0.00954533 -0.04401058
v 0.00365863 0.00947908 -0.04085548
v 0.01064450 0.00811269 -0.03904875
v 0.00958127 0.00376245 -0.04951599
v 0.00032075 0.00376297 -0.04661667
v 0.00207160 0.00335776 -0.04076200
v 0.00355192 0.00983782 -0.03642934
v 0.00251451 0.00362331 -0.04067901
v -0.00050628 0.00400405 -0.03006321
v 0.00587879 0.01100047 -0.01984919
v -0.00291219 0.00622564 -0.03469108
v 0.00284776 0.01051262 -0.02050217
v 0.00281119 0.01062710 -0.01812131
v 0.00274032 0.01076036 -0.01658269
v 0.00244050 0.01069875 -0.01517088
v 0.00206735 0.00702685 -0.00417670
v 0.00554621 0.01202059 -0.00465172
v -0.00363007 0.00517562 -0.02570689
v -0.00325389 0.00507811 -0.03097789
v 0.00181453 0.01081017 -0.01172803
v 0.00173104 0.01096165 -0.01037558
v 0.00601908 0.01200824 0.00190286
v 0.00699336 0.01232380 0.00978875
v -0.00409445 0.00762855 -0.01931952
v -0.00436473 0.00713246 -0.01443949
v 0.00227787 0.01187058 -0.00135496
v 0.00371031 0.01322278 0.00703566
v 0.00702565 0.01178650 0.01380416
v 0.00858942 0.01300347 0.02019342
v 0.00274057 0.01301780 0.00807610
v -0.00474420 0.00770286 -0.01204935
v -0.00480190 0.00773685 -0.01053924
v -0.00508952 0.00828313 -0.00858743
v -0.00557764 0.00792916 -0.00334136
v -0.00177068 0.00805509 0.00899089
v 0.00567998 0.01403788 0.02091089
v 0.00878977 0.01570000 0.03219045
v 0.00892098 0.01551079 0.02985197
v 0.00908834 0.01583632 0.03313479
v 0.01191578 0.01539438 0.03547458
v -0.00533080 0.00803583 -0.00621936
v -0.00447333 0.00887698 -0.01138611
v 0.00202403 0.01320065 0.01622296
v 0.00124095 0.01264850 0.01610909
v 0.00380836 0.01249449 0.02198712
v 0.00566493 0.01389117 0.02518054
v 0.00682678 0.01470958 0.02951978
v 0.00808521 0.01594589 0.03534705
v 0.00812800 0.01602908 0.03344004
v 0.01344385 0.01690018 0.04526588
v 0.00161134 0.01010366 0.02152089
v 0.00255632 0.01319526 0.01770306
v 0.00199643 0.01343748 0.02325966
v 0.00114899 0.01336474 0.02041695
v 0.00781170 0.01440586 0.03391417
v 0.01055290 0.01496538 0.04006534
v 0.00570942 0.01174461 0.01964438
v 0.01473734 0.01811091 0.05302707
v 0.01515010 0.01891335 0.05536805
v -0.00686066 0.00946518 0.00879595
v 0.00166382 0.01456632 0.02946915
v 0.00200510 0.01519765 0.03095630
v 0.01188891 0.01503367 0.04077397
v 0.01103134 0.01819519 0.04592230
v 0.01687763 0.02055087 0.06712572
v 0.00084943 0.01566005 0.03319863
v 0.00203652 0.01497099 0.03009115
v 0.01530551 0.01965682 0.06798656
v 0.01724523 0.02242924 0.07215709
v 0.01262777 0.01754360 0.04293461
v -0.00761726 0.01046775 0.01449992
v -0.00062433 0.01313856 0.01800959
v 0.00024126 0.01568364 0.03517733
v 0.00041670 0.01536824 0.03325767
v 0.00039528 0.01649845 0.03663178
v 0.01681815 0.02028319 0.06921129
v 0.01767853 0.02360814 0.07875969
v 0.01767293 0.02177416 0.07314971
v 0.01781312 0.02168725 0.07549334
v 0.01761988 0.02348097 0.08004851
v 0.01703237 0.02368911 0.07981640
v 0.01946998 0.02464672 0.09138919
v 0.01906415 0.02381622 0.08597551
v -0.00576653 0.00935068 0.01958446
v -0.00056117 0.01480745 0.03132053
v -0.00109189 0.01628285 0.03781342
v -0.00070439 0.01620543 0.03654593
v -0.00041751 0.01612071 0.03659668
v -0.00057788 0.01638947 0.03746006
v -0.00081111 0.01648402 0.03810335
v 0.00001675 0.01649691 0.03817639
v 0.00041547 0.01660376 0.03713707
v 0.00261730 0.01658245 0.04324456
v 0.01335511 0.02090210 0.06967226
v 0.01736363 0.02150121 0.07842156
v 0.01820980 0.02408449 0.08333760
v -0.00855824 0.00952700 0.01612332
v -0.00924076 0.00973294 0.01863608
v -0.00580514 0.01032242 0.02488016
v -0.00667684 0.01292737 0.02501602
v -0.00681761 0.01187443 0.02620516
v -0.00801528 0.01231744 0.02477346
v -0.00555238 0.01101428 0.03005362
v -0.00360430 0.01124579 0.02947239
v -0.00142033 0.01689637 0.04343113
v 0.01535738 0.02415057 0.08528899
v 0.01681630 0.02119131 0.07719292
v 0.01886737 0.02473283 0.09083372
v 0.02058112 0.02528813 0.09882143
v 0.00085368 0.01666716 0.03775864
v -0.00136782 0.01696416 0.04375042
v 0.00225461 0.01727663 0.05046839
v -0.00999600 0.00932332 0.02312429
v -0.00143288 0.01558278 0.04191216
v -0.00030764 0.01585328 0.04874264
v 0.00161778 0.01572438 0.04811669
v -0.00020021 0.01593719 0.04993589
v -0.00143811 0.01717143 0.04984787
v 0.01706382 0.02528069 0.09524006
v 0.02115864 0.02469749 0.09949415
v -0.01037088 0.00970380 0.02220796
v 0.00230507 0.01853971 0.06003341
v 0.00188565 0.01767143 0.04800359
v 0.01659546 0.02497063 0.09389816
v 0.01632078 0.02479566 0.09337170
v 0.01816036 0.02593267 0.10355569
v 0.01785390 0.02551109 0.10417635
v 0.01850221 0.02583115 0.10767776
v 0.02528470 0.02712899 0.12345121
v -0.00935493 0.00961656 0.02632785
v -0.00819737 0.01522238 0.04247863
v -0.00061304 0.01705777 0.05487399
v -0.00038462 0.01690100 0.05512607
v -0.00157240 0.01811901 0.05599221
v -0.00155030 0.01856279 0.05688501
v -0.00149964 0.01888497 0.05748286
v -0.00131020 0.01943122 0.05962654
v -0.00128982 0.02047964 0.06544451
v -0.00167684 0.01990907 0.06437218
v 0.00210022 0.01966055 0.06774488
v 0.00228098 0.01935477 0.06334886
v 0.00220496 0.01980394 0.06716353
v 0.00030679 0.01849281 0.05298824
v 0.01913363 0.02505415 0.10871701
v 0.02429319 0.02591590 0.12071550
v -0.01255075 0.01569777 0.05247743
v -0.00089736 0.01738835 0.05558584
v -0.00085711 0.01849796 0.06259558
v 0.00158701 0.01859311 0.06357083
v 0.00210395 0.02058390 0.07158593
v 0.02334745 0.02496399 0.12172145
v 0.02551985 0.02588012 0.12513392
v -0.01267424 0.01060249 0.02854786
v -0.01411364 0.01140623 0.03247822
v -0.01078883 0.01061369 0.03434443
v -0.00701568 0.01403883 0.04516294
v -0.00756573 0.01478676 0.04713912
v 0.00204196 0.02077829 0.07541931
v 0.02197551 0.02566177 0.12060958
v -0.01498988 0.01128116 0.03574853
v 0.02457079 0.02399106 0.13190086
v 0.02226197 0.02524339 0.12764108
v 0.02558758 0.02352770 0.13420127
v 0.02394712 0.02425224 0.13168425
v 0.02968078 0.02280827 0.14287299
v -0.00706855 0.01218020 0.02548280
v -0.01251774 0.01273886 0.03957930
v -0.00816587 0.01391345 0.04902781
v -0.01110232 0.01327406 0.05017988
v -0.00132148 0.02121074 0.07040184
v -0.00166743 0.02131290 0.07252619
v -0.00200226 0.02079985 0.07180315
v -0.00191309 0.02102776 0.07219940
v -0.00200948 0.02196208 0.07868804
v 0.00119018 0.02257879 0.08727013
v 0.02567204 0.02289627 0.13722745
v 0.03103175 0.02067333 0.14905762
v -0.01496764 0.01157664 0.04485246
v -0.01559372 0.01315818 0.04573422
v -0.00802244 0.01437255 0.04943492
v 0.02538103 0.02294724 0.13678168
v 0.02432690 0.02365724 0.13669893
v -0.01756692 0.01242396 0.05057318
v -0.01075607 0.01669874 0.06006249
v 0.00190105 0.02026066 0.07179634
v -0.00148849 0.02289908 0.08797959
v -0.00145026 0.02300983 0.08539361
v 0.00014788 0.02291331 0.09110974
v 0.00065794 0.02303400 0.10104656
v 0.03167894 0.01902570 0.15266365
v 0.03008555 0.02040934 0.15383404
v -0.02288202 0.01090178 0.05937526
v -0.01664221 0.01279397 0.04061739
v -0.01604071 0.01724301 0.06925974
v -0.00209228 0.02247297 0.09281851
v 0.00158000 0.02131421 0.10236932
v 0.02711681 0.02129282 0.14404759
v 0.02759201 0.02004728 0.14976320
v 0.02772114 0.02033265 0.15163001
v 0.00208912 0.02138011 0.08114860
v 0.00156289 0.02231348 0.08999935
v 0.03183808 0.01818697 0.15591962
v 0.03111808 0.01646232 0.15859151
v 0.03013004 0.01875785 0.15612626
v 0.02902412 0.01836790 0.15625137
v -0.01771266 0.01292943 0.04929712
v -0.01659384 0.01296841 0.04769810
v -0.02109759 0.01253027 0.05431307
v -0.01613418 0.01921684 0.07273517
v -0.01908697 0.01162447 0.04470404
v -0.02036274 0.01240775 0.05670105
v -0.01527170 0.01692654 0.06365842
v -0.01692478 0.01816182 0.07172583
v -0.01307385 0.01890406 0.06968750
v 0.00117995 0.02227195 0.11260286
v -0.02002214 0.01222999 0.05732227
v 0.00110110 0.02058315 0.11241496
v 0.00120733 0.02189880 0.11585977
v -0.01735865 0.01130018 0.05056816
v -0.02057276 0.01164272 0.05929545
v -0.00044830 0.02069457 0.10817671
v 0.00168399 0.02075427 0.11985705
v -0.01897064 0.02072810 0.10039894
v -0.00066217 0.02252459 0.11076334
v -0.01806357 0.01776838 0.07906438
v -0.01884130 0.01797946 0.08288179
v -0.01634076 0.01866178 0.08891401
v -0.00025963 0.01879258 0.12145563
v 0.00164354 0.01966481 0.12741199
v 0.00125995 0.01990487 0.12847699
v -0.00142575 0.01969448 0.11960457
v -0.02276405 0.01248036 0.06508941
v -0.00149312 0.02007952 0.12713654
v 0.00154423 0.01901142 0.12931951
v -0.02066219 0.01237791 0.05909320
v -0.03042082 0.01487350 0.07886438
v -0.02996215 0.01445126 0.08399655
v -0.01997468 0.01830635 0.08897901
v -0.02014128 0.01804380 0.09079431
v -0.01937644 0.01834071 0.10064583
v -0.01793393 0.01914951 0.10376868
v -0.00103538 0.01909452 0.12316609
v -0.00144530 0.01558409 0.13921877
v -0.00288977 0.01827757 0.13501129
v 0.00014012 0.01685270 0.13428563
v -0.02862675 0.01529978 0.07332618
v -0.02751142 0.01583950 0.07766905
v -0.00186741 0.01706767 0.13282731
v -0.02146147 0.01826487 0.09879220
v -0.02127833 0.01785642 0.09919706
v -0.01866789 0.01839569 0.10695860
v -0.03206965 0.01422224 0.07956287
v -0.03314190 0.01416779 0.08222337
v -0.01951644 0.01781292 0.11840670
v -0.00106476 0.01600269 0.13767710
v -0.00132698 0.01421202 0.15148924
v -0.00100382 0.01358542 0.15304607
v -0.03456925 0.01392963 0.08682341
v -0.00194837 0.01179184 0.15761618
v -0.00135772 0.01353053 0.15336530
v -0.00253904 0.01255585 0.15349055
v 0.00047358 0.01964236 0.13315678
v 0.00043264 0.01234004 0.15721475
v -0.02279617 0.01775695 0.11191416
v -0.00114018 0.01287041 0.15437742
v -0.00113564 0.01225479 0.15832605
v -0.03371785 0.01385449 0.09549384
v -0.03414758 0.01319035 0.09716021
v -0.01970171 0.01692375 0.11625242
v -0.01989948 0.01706382 0.11057394
v -0.02032216 0.01640267 0.11612310
v -0.02059612 0.01726405 0.12650666
v -0.02230959 0.01620010 0.11827957
v -0.02385282 0.01600705 0.12430823
v -0.03683786 0.01175380 0.09708778
v -0.03531358 0.01360366 0.09191096
v -0.01945653 0.01746679 0.12119354
v -0.02050880 0.01624678 0.12984471
v -0.02063230 0.01526021 0.13053310
v -0.02073264 0.01608020 0.13129812
v -0.03851946 0.01266027 0.09937608
v -0.03531856 0.01508184 0.08992705
v -0.03482892 0.01380068 0.08773844
v -0.03572845 0.01163835 0.09888221
v -0.03923049 0.01171183 0.10723506
v -0.02192861 0.01521084 0.13597050
v -0.03536559 0.01267987 0.10130396
v -0.02366363 0.01094006 0.14291648
v -0.02447256 0.01390528 0.13305500
v -0.02092087 0.01473184 0.13506473
v -0.02154754 0.01326258 0.13972215
v -0.03657666 0.01088779 0.10481258
v -0.03746650 0.01017167 0.10708616
v -0.03470019 0.01523206 0.09104738
v -0.02192775 0.01308058 0.13703352
v -0.02475270 0.01387366 0.13663370
v -0.02189862 0.01270503 0.13984380
v -0.02215683 0.01239923 0.13963818
v -0.02191688 0.01390940 0.13976795
v -0.03844421 0.01177641 0.09890936
v -0.03889166 0.01129162 0.10066556
v -0.03915803 0.01083403 0.10218914
v -0.03521597 0.01221563 0.10102618
v -0.03597331 0.01176316 0.10382549
v -0.03720058 0.01107523 0.10823292
v -0.03754914 0.01187284 0.10731933
v -0.02481715 0.01291487 0.13730748
v -0.02266431 0.01394550 0.14053686
v -0.02265823 0.01339758 0.14193155
v -0.02198723 0.01163573 0.14499475
v -0.02233224 0.01134236 0.14391970
v -0.04111250 0.00860900 0.11414463
v -0.03829288 0.01208407 0.09832940
v -0.04024716 0.01066319 0.10488690
v -0.04026440 0.01001612 0.10577800
v -0.02516613 0.01156556 0.14132959
v -0.02276588 0.01232184 0.14462092
v -0.03817217 0.01003191 0.10555677
v -0.03859220 0.01084848 0.11297757
v -0.02384924 0.00846382 0.15091685
v -0.02513919 0.00817759 0.15065722
v -0.04078337 0.01060812 0.11819359
v -0.02509243 0.01139547 0.14628181
v -0.02518999 0.00819588 0.15072256
v -0.02514998 0.00817741 0.15026214
v -0.02544316 0.00798581 0.15075582
v -0.04183495 0.00816450 0.11897764
v -0.04453499 0.00652494 0.12700443
v -0.04333766 0.00716109 0.12685231
v -0.04413304 0.00596207 0.13287336
v -0.04594679 0.00421207 0.13115045
v -0.04585326 0.00463356 0.13064436
v -0.04420223 0.00499097 0.13372692
v -0.04584197 0.00823921 0.12643801
v -0.04712009 0.00330480 0.13359219
v -0.04476733 0.00376557 0.13548978
v -0.04656024 0.00319618 0.13614722
v -0.04689676 0.00308820 0.13597687
v -0.04689378 0.00309536 0.13599032
v -0.04684056 0.00340060 0.13372665
v -0.04708300 0.00305132 0.13598561
v 0.02215054 -0.01934895 -0.17292836
v 0.02189708 -0.01823454 -0.16670316
v 0.02106531 -0.01439138 -0.15392190
v 0.00957840 0.00167667 -0.12872742
v 0.01882822 -0.00501733 -0.10863211
v 0.01884429 0.00424830 -0.08320636
v 0.00263632 -0.00558131 -0.13766585
v 0.00251876 -0.00381042 -0.13385499
v 0.00267420 -0.00097627 -0.11113374
v 0.00538124 -0.00402554 -0.11844325
v 0.00533572 -0.00393816 -0.11779449
v 0.00522682 -0.00309568 -0.11383350
v 0.00496811 -0.00398879 -0.11751472
v 0.01892708 -0.00400774 -0.09871256
v 0.01115075 0.00665629 -0.08520309
v 0.01187768 0.00720703 -0.08511728
v 0.01586090 0.00563907 -0.07681656
v 0.01560791 0.00561256 -0.07555317
v 0.01621481 0.00544888 -0.07936164
v 0.01642363 0.00530479 -0.07974415
v 0.01366397 0.00645653 -0.07100064
v 0.00266897 0.00048310 -0.09309608
v 0.00577917 -0.00209196 -0.10459990
v 0.01008904 0.00023905 -0.06755258
v 0.01057014 -0.00039832 -0.07039671
v 0.01101127 0.00862557 -0.04782056
v 0.00786835 0.00659157 -0.07214182
v -0.00033966 0.00623577 -0.05629123
v 0.00564107 0.00671576 -0.07225470
v 0.00781499 0.00693641 -0.06976871
v 0.00890848 0.00764489 -0.07131047
v 0.01288998 0.00571952 -0.05035435
v 0.00231489 0.00067586 -0.10012741
v 0.00175920 0.00241811 -0.08205196
v 0.00098461 0.00369370 -0.07333458
v 0.00237001 0.00080034 -0.09445898
v 0.01218278 0.00744854 -0.07024147
v 0.01122202 0.00754857 -0.06534911
v 0.01039023 0.00784108 -0.06147976
v 0.00916707 0.00858212 -0.05659467
v 0.00864388 0.00904455 -0.05335181
v 0.00826355 0.00922386 -0.05116295
v 0.00940009 0.00846882 -0.05760647
v 0.00812638 0.00903562 -0.05142233
v 0.00857198 0.00951902 -0.04564189
v 0.00610639 0.00882370 -0.05429796
v 0.00518397 0.00909634 -0.05066670
v 0.00474802 0.00943269 -0.04611137
v 0.00457897 0.00952383 -0.04457354
v 0.00819277 0.00952141 -0.04423576
v 0.00873866 0.00955849 -0.04687790
v 0.00789337 0.00993112 -0.03721084
v 0.00818458 0.00959516 -0.04507873
v 0.00765228 0.00291704 -0.05452868
v 0.00679484 0.00356014 -0.05047914
v 0.00712485 0.00383205 -0.04899461
v 0.00938612 0.00119720 -0.06334800
v 0.00688675 0.00316003 -0.05170105
v 0.00206946 0.00355627 -0.04805608
v 0.00103467 0.00425105 -0.07317146
v 0.00027289 0.00454554 -0.06094127
v 0.00017268 0.00525834 -0.06190177
v 0.00461152 0.00927213 -0.04718799
v 0.00441485 0.00935733 -0.04561190
v 0.00134752 0.00327944 -0.05355653
v -0.00239340 0.00598201 -0.03937066
v -0.00025985 0.00598177 -0.05735462
v -0.00043652 0.00578044 -0.05566127
v 0.00762366 0.01074771 -0.02106324
v 0.00620648 0.01153735 -0.01154145
v 0.00298350 0.01082664 -0.01753686
v 0.00590261 0.01145309 -0.00562763
v 0.00787617 0.01490443 0.02261676
v -0.00437609 0.00728452 -0.01321168
v 0.00162947 0.01124098 -0.00786747
v -0.00192305 0.01010703 -0.01112299
v 0.00482861 0.01390668 0.01382533
v 0.00899666 0.01461101 0.02238670
v 0.01178063 0.01592236 0.03525877
v 0.01161144 0.01676187 0.03879889
v 0.00961532 0.01492735 0.02532084
v 0.00850171 0.01290182 0.01979808
v 0.01159061 0.01474081 0.03392379
v 0.01161880 0.01446073 0.03437393
v 0.01322373 0.01729304 0.04419700
v 0.00106242 0.01358947 0.02263304
v 0.00817467 0.01596401 0.03249719
v 0.01416110 0.01717702 0.05105994
v 0.01298232 0.01749611 0.04383181
v 0.01361536 0.01779665 0.04696832
v 0.00441966 0.01308330 0.02162895
v 0.00406835 0.01205481 0.02211372
v 0.00347329 0.01293886 0.02112228
v 0.00373751 0.01272200 0.02157560
v 0.00399961 0.01263654 0.02185575
v 0.00357915 0.01263505 0.02178289
v 0.00456419 0.01212977 0.02230855
v 0.00682325 0.01393574 0.02967723
v 0.00835709 0.01603307 0.03251457
v 0.01535918 0.01869736 0.05740906
v 0.01026677 0.01603287 0.04396352
v 0.00413422 0.01181584 0.02175629
v 0.00812669 0.01598704 0.03639867
v 0.00892439 0.01676891 0.03975691
v 0.00902455 0.01595928 0.04013172
v 0.00947056 0.01748655 0.04238207
v 0.01475124 0.01867689 0.05319456
v 0.01705042 0.02139565 0.06832004
v 0.01502646 0.01921639 0.05566514
v -0.00692783 0.00880060 0.00863072
v 0.00084877 0.01345789 0.02221308
v 0.00025568 0.01328948 0.02329810
v 0.00081168 0.01363394 0.02363151
v 0.00078821 0.01418614 0.02770582
v 0.00078274 0.01388051 0.02578499
v 0.00272618 0.01398505 0.03023387
v 0.01619935 0.02123830 0.06609030
v 0.01499573 0.01989829 0.05831981
v 0.01659812 0.02207943 0.07071277
v 0.01662403 0.02217328 0.07222135
v 0.01724540 0.02156043 0.06949006
v 0.01811520 0.02337608 0.07823517
v 0.01788777 0.02241881 0.07530618
v 0.00083703 0.01514859 0.03114220
v 0.00260530 0.01632834 0.03933234
v 0.00251446 0.01664104 0.04023933
v 0.01049065 0.01734165 0.04954419
v 0.01104996 0.01862968 0.05417832
v 0.01373615 0.02196653 0.07358887
v 0.01411361 0.02248535 0.07450238
v 0.01275365 0.02051769 0.06426740
v 0.01729044 0.02283003 0.07449505
v 0.01740705 0.02299337 0.07487412
v 0.01649599 0.02195394 0.06928454
v 0.01555728 0.02296546 0.07460529
v 0.01444617 0.02205238 0.06978896
v 0.01626818 0.02301761 0.07557427
v 0.01774833 0.02287208 0.07487268
v 0.01761138 0.02297527 0.07502706
v 0.01802345 0.02402412 0.08203752
v 0.01796777 0.02369006 0.07883622
v -0.00745158 0.00894609 0.01146903
v -0.00815171 0.00887891 0.01504120
v -0.00187194 0.01292290 0.02961097
v -0.00227644 0.01294463 0.02746024
v -0.00215906 0.01268430 0.02791517
v -0.00214300 0.01244222 0.02829183
v -0.00193272 0.01274952 0.02799618
v -0.00020622 0.01496131 0.03206673
v -0.00030429 0.01523809 0.03301163
v -0.00051479 0.01583544 0.03489078
v -0.00093442 0.01619733 0.03670579
v -0.00015785 0.01509413 0.03295875
v 0.00035620 0.01628667 0.03587658
v 0.00229106 0.01682895 0.05118024
v 0.01484992 0.02346874 0.07942326
v 0.01475905 0.02276279 0.07403585
v 0.01582769 0.02327365 0.07635533
v 0.01768291 0.02136891 0.07536021
v 0.01849760 0.02254114 0.08187598
v 0.01944354 0.02331104 0.08850533
v 0.02012130 0.02367375 0.09329568
v 0.01793594 0.02393620 0.08201053
v 0.01552837 0.02401132 0.08263782
v 0.01853446 0.02385773 0.08238022
v -0.00561093 0.00926170 0.02067675
v -0.00199468 0.01165431 0.02833730
v -0.00220601 0.01191329 0.02834435
v -0.00208949 0.01201118 0.02858967
v -0.00231479 0.01166410 0.02820476
v -0.00245393 0.01219189 0.02823565
v -0.00280784 0.01182926 0.02841826
v -0.00265948 0.01192408 0.02834587
v -0.00258830 0.01169440 0.02829988
v -0.00456031 0.01304560 0.03565641
v -0.00283186 0.01215349 0.02898215
v -0.00147894 0.01308427 0.03144048
v -0.00148140 0.01464964 0.03530035
v -0.00025908 0.01662530 0.03959825
v -0.00015634 0.01637516 0.03835824
v 0.00004311 0.01611338 0.03724598
v 0.02008767 0.02411972 0.09237125
v 0.01952610 0.02460901 0.09149518
v -0.00977633 0.00927018 0.02131987
v -0.01078101 0.00968237 0.02372235
v -0.00694195 0.01229219 0.02545370
v -0.00674925 0.01145409 0.02619876
v -0.00149471 0.01603668 0.04323938
v -0.00143344 0.01717344 0.04692934
v 0.01343692 0.02156168 0.07191472
v 0.01472854 0.02298988 0.08122021
v 0.01597118 0.02451808 0.09115849
v 0.02187921 0.02544274 0.10416828
v 0.02123956 0.02522625 0.10010388
v -0.00667317 0.01122898 0.02612899
v -0.00707741 0.01131716 0.02677887
v -0.00660005 0.01125647 0.02563760
v -0.00814497 0.01173725 0.02936298
v -0.00933032 0.01222296 0.03126427
v -0.00968592 0.01242981 0.03142763
v -0.00784011 0.01062628 0.02743206
v -0.00054072 0.01575346 0.04655156
v -0.00130365 0.01776090 0.05619529
v -0.00121641 0.01390056 0.03431661
v -0.00022459 0.01609944 0.05084184
v -0.00000186 0.01583332 0.05059253
v 0.00006657 0.01581470 0.05051965
v -0.00034372 0.01702435 0.05629245
v -0.00006662 0.01587236 0.05063588
v -0.00143179 0.01728443 0.04721321
v -0.00129177 0.01760205 0.04870817
v -0.00127590 0.01825404 0.05316479
v -0.00145606 0.01907000 0.05819278
v 0.01701334 0.02501378 0.09937046
v 0.01618937 0.02449884 0.09354978
v 0.01738745 0.02530734 0.09509747
v 0.02258225 0.02791444 0.12141340
v 0.01898977 0.02566061 0.09895283
v 0.02338165 0.02593678 0.11594153
v 0.02268798 0.02663220 0.10983927
v -0.00231086 0.01305838 0.02835612
v -0.00920837 0.01597517 0.05251656
v -0.00679983 0.01488541 0.04376956
v 0.01826154 0.02520383 0.10620162
v 0.02455005 0.02636855 0.11923673
v 0.00163998 0.02152219 0.07250295
v -0.00162595 0.02220779 0.07893627
v -0.00098236 0.02056222 0.06514972
v -0.00153425 0.01936016 0.06418697
v 0.01969882 0.02572900 0.11409049
v 0.02359839 0.02697628 0.11474324
v 0.02537968 0.02705381 0.12373173
v 0.02571605 0.02659118 0.12537767
v -0.01006250 0.00934288 0.02317440
v -0.01137357 0.01025562 0.02926448
v -0.01336418 0.01103245 0.03324097
v -0.01147585 0.00998544 0.02551820
v -0.01248251 0.01042500 0.02819992
v -0.00897096 0.01167615 0.03168287
v -0.01473206 0.01206559 0.04486282
v -0.00888941 0.01180990 0.03149518
v -0.00786714 0.01345140 0.03047053
v -0.00878223 0.01215321 0.03481780
v -0.01313762 0.01428560 0.05363547
v 0.00206184 0.02053105 0.07484223
v 0.02128823 0.02560291 0.12056536
v 0.02148009 0.02545215 0.12070571
v 0.02265830 0.02498122 0.12521938
v 0.02504481 0.02438496 0.12791524
v 0.02683313 0.02304605 0.13513330
v -0.01451218 0.01103918 0.03362074
v -0.01323612 0.01072026 0.03493597
v 0.02713872 0.02401665 0.13336369
v 0.02803319 0.02311534 0.13698168
v 0.02663466 0.02584732 0.13065967
v 0.02972312 0.02289408 0.14330773
v 0.02662140 0.02569531 0.13017648
v 0.02748451 0.02480258 0.13439044
v 0.02963462 0.02301302 0.14316341
v -0.00194764 0.02169174 0.08914516
v 0.00212600 0.02116243 0.07888282
v 0.00201308 0.02106770 0.08112829
v 0.00197150 0.02129100 0.08644026
v 0.00201465 0.02157033 0.09455548
v 0.02227187 0.02544877 0.12841075
v 0.02480047 0.02384232 0.13813323
v 0.02314490 0.02486025 0.13208850
v 0.02244452 0.02584266 0.12878269
v 0.02982589 0.02284606 0.14378002
v 0.02866124 0.02396435 0.13967597
v -0.00194153 0.02058103 0.07112134
v -0.00198938 0.02107813 0.07749220
v 0.00167500 0.02087888 0.08663712
v 0.02540122 0.02288128 0.13732079
v 0.02481350 0.02325895 0.13717506
v 0.02632624 0.02207281 0.14096130
v 0.02551774 0.02372422 0.14003908
v 0.02618685 0.02316207 0.14285487
v 0.03108776 0.01908351 0.15131521
v 0.02773594 0.02268687 0.13777369
v 0.02854641 0.02207023 0.14078693
v -0.01721626 0.01295121 0.04815089
v -0.01653442 0.01324590 0.04590225
v -0.01051469 0.01329330 0.04184098
v -0.01325180 0.01427498 0.05414164
v -0.01300939 0.01438135 0.05310233
v 0.02680656 0.02119324 0.14696346
v 0.02486677 0.02325151 0.13835137
v 0.02950613 0.02096854 0.15142265
v -0.01901978 0.01199316 0.04394769
v -0.01799944 0.01162044 0.05263680
v -0.01313646 0.01875300 0.07166478
v -0.00124918 0.02116921 0.09826352
v -0.00098502 0.02098569 0.09159516
v -0.00188115 0.02249471 0.09132104
v -0.00220727 0.02173221 0.08066867
v -0.00195087 0.02191381 0.09118129
v -0.00192404 0.02194825 0.09132792
v 0.00106874 0.02087830 0.09781390
v 0.00079793 0.02103163 0.09666738
v 0.02719033 0.02094805 0.14918947
v 0.02607678 0.02227715 0.14266759
v 0.02866438 0.02071505 0.14525708
v 0.03149132 0.01853895 0.15256106
v 0.03055033 0.02028617 0.15387471
v 0.03042028 0.02089753 0.15265141
v -0.01848783 0.01161348 0.05393262
v -0.01681655 0.01199883 0.04997595
v -0.00204525 0.02273177 0.10558050
v -0.00158585 0.02314415 0.10047329
v 0.00122098 0.02087475 0.09876196
v 0.02774203 0.01979862 0.15117390
v 0.02834193 0.01984702 0.15109373
v 0.02766941 0.02010968 0.15105872
v 0.02842260 0.01999679 0.15131693
v 0.02694776 0.02084878 0.14787896
v 0.03177797 0.01698583 0.15495586
v 0.02925718 0.02024976 0.15317830
v 0.02950878 0.02027648 0.15350993
v 0.02885975 0.02020323 0.15269455
v 0.02853872 0.02013974 0.15319904
v 0.02976544 0.01846889 0.15594395
v 0.02921227 0.01888546 0.15498061
v 0.03004108 0.02189759 0.14952037
v 0.02860697 0.02015583 0.15248019
v 0.02863591 0.02016803 0.15247409
v 0.02930377 0.02185699 0.15023704
v 0.02833317 0.02037774 0.15219539
v 0.02733926 0.02042117 0.15035670
v 0.02733794 0.02086823 0.14998335
v 0.02835327 0.02022782 0.15193923
v 0.03214906 0.01626422 0.15666600
v 0.03215116 0.01630926 0.15661985
v 0.03077849 0.01944127 0.15513289
v 0.03065458 0.01747321 0.15779871
v 0.03098290 0.01782286 0.15715989
v -0.01476594 0.01619088 0.06124377
v -0.01612497 0.01750563 0.06764009
v -0.00083397 0.02274249 0.10575458
v -0.00186756 0.02290814 0.09816995
v -0.00077407 0.02287732 0.10654201
v 0.00189743 0.02188995 0.10249391
v 0.00176492 0.02193363 0.10614997
v 0.00178780 0.02143081 0.11261655
v 0.00175608 0.02163257 0.11341284
v 0.00200607 0.02202730 0.09729253
v 0.03214206 0.01574547 0.15740542
v 0.03216772 0.01598758 0.15710115
v 0.03119072 0.01657757 0.15863781
v 0.03108987 0.01645308 0.15857577
v 0.03113917 0.01651850 0.15861411
v 0.03108614 0.01645313 0.15858480
v 0.03131876 0.01636467 0.15878291
v 0.03180598 0.01657669 0.15695985
v 0.03089789 0.01677132 0.15871035
v 0.03106286 0.01664028 0.15870813
v 0.03143246 0.01624341 0.15883392
v 0.03051244 0.01847848 0.15660141
v 0.03065620 0.01812778 0.15693086
v 0.02947827 0.01880344 0.15517174
v 0.02903045 0.01885792 0.15506399
v 0.02925653 0.01816500 0.15629420
v 0.02903733 0.01908345 0.15465014
v 0.02910141 0.01809029 0.15649953
v 0.02809026 0.01980882 0.15325996
v 0.02906776 0.01810808 0.15641819
v 0.02867088 0.01863327 0.15541662
v 0.02923580 0.01794473 0.15670329
v 0.02900694 0.01812951 0.15650509
v 0.02910401 0.01808506 0.15656415
v 0.02864730 0.01927831 0.15457423
v 0.02843201 0.01904832 0.15462539
v 0.02889008 0.01826782 0.15615544
v -0.01521508 0.01953866 0.07434461
v -0.01584550 0.01945335 0.07458863
v -0.00060394 0.02323303 0.10475300
v 0.00164867 0.02135082 0.10695191
v 0.00157987 0.02075885 0.12225817
v 0.00136627 0.02208283 0.11398063
v -0.01417263 0.01768523 0.07191980
v -0.02147794 0.01948933 0.10093886
v -0.00195981 0.02254078 0.11021205
v -0.00176709 0.02278028 0.10793728
v -0.00042584 0.02332195 0.10528462
v 0.00071626 0.02240121 0.11373550
v -0.02066414 0.01213920 0.05947653
v -0.01576342 0.01955430 0.08327631
v -0.00215849 0.02187837 0.11492353
v -0.00218520 0.02218718 0.10986822
v 0.00070608 0.02244118 0.11347577
v 0.00070096 0.02237336 0.11416159
v 0.00031275 0.02107400 0.12377878
v -0.02400689 0.01369338 0.06480001
v -0.01739310 0.01797515 0.07438520
v -0.02514104 0.01464655 0.07180786
v -0.01866904 0.01843206 0.08065910
v -0.01585531 0.01915511 0.08580691
v -0.00241944 0.02095827 0.12057173
v -0.00193483 0.02188237 0.11669547
v -0.02469406 0.01324758 0.06018557
v -0.01888314 0.01867347 0.08243457
v 0.00159635 0.02052811 0.12333438
v 0.00142051 0.01972585 0.12850948
v -0.01627348 0.01912342 0.09011062
v -0.01749378 0.01862543 0.09629140
v -0.01641150 0.01898292 0.09048447
v -0.02246551 0.01285957 0.06474665
v -0.02379900 0.01382438 0.06818095
v -0.02177396 0.01871925 0.10044744
v -0.03044037 0.01494290 0.07487105
v -0.02646084 0.01503726 0.07551297
v -0.03001633 0.01642391 0.08260928
v -0.01938214 0.01827109 0.09702226
v -0.01780681 0.01850586 0.09730602
v -0.02686656 0.01472693 0.07613881
v -0.02002053 0.01730702 0.10808944
v -0.02898196 0.01575382 0.08191343
v -0.03152455 0.01545770 0.08843141
v -0.02210019 0.01883332 0.10490206
v -0.02242371 0.01836140 0.10962201
v -0.00157780 0.01527600 0.14758365
v -0.00170553 0.01539112 0.14697371
v -0.03387495 0.01484118 0.08396065
v -0.03239764 0.01420586 0.08097193
v -0.01960851 0.01773942 0.12041279
v -0.01993512 0.01790324 0.12181780
v -0.00081122 0.01287149 0.14949425
v 0.00160380 0.01946030 0.12909465
v -0.00000507 0.01362620 0.15276556
v -0.00024764 0.01355130 0.15300734
v -0.00008053 0.01345684 0.15311675
v 0.00081407 0.01284980 0.15540677
v 0.00066193 0.01263353 0.15618922
v -0.00035181 0.01260516 0.15513299
v -0.03368943 0.01397604 0.08406633
v -0.03417876 0.01391357 0.08573333
v -0.03472066 0.01367267 0.09821385
v -0.03275013 0.01581004 0.08988247
v -0.03311128 0.01402048 0.09361314
v -0.02988005 0.01447196 0.07894180
v -0.01942351 0.01717741 0.11935568
v -0.02012720 0.01618626 0.12391336
v -0.02025258 0.01593217 0.12856472
v -0.00116787 0.01366442 0.15320238
v -0.00114281 0.01374579 0.15307488
v -0.00094177 0.01359146 0.15301941
v -0.00117649 0.01358512 0.15310347
v -0.00120264 0.01366264 0.15310889
v -0.00127747 0.01371290 0.15312921
v -0.03659528 0.01279562 0.09320672
v -0.03471120 0.01398839 0.08676109
v -0.03680419 0.01275542 0.09368393
v -0.03736042 0.01245979 0.09536963
v -0.03529067 0.01374913 0.08874886
v -0.00189849 0.01359073 0.15331139
v -0.00156516 0.01299988 0.15235295
v -0.00209335 0.01310643 0.15246685
v -0.00172658 0.01333771 0.15278073
v -0.00134067 0.01358182 0.15325554
v -0.00157860 0.01340474 0.15311562
v -0.00167650 0.01338148 0.15306041
v -0.00140817 0.01348392 0.15310681
v -0.00162250 0.01341214 0.15315485
v -0.00217539 0.01322018 0.15288100
v -0.00227516 0.01313048 0.15261680
v -0.00247177 0.01303505 0.15241780
v 0.00060176 0.01280495 0.15542504
v 0.00093940 0.01302344 0.15501601
v -0.03560207 0.01190860 0.10238266
v -0.00180626 0.01173004 0.15741035
v -0.00121773 0.01181682 0.15782969
v -0.00145639 0.01371193 0.15324767
v 0.00062849 0.01257752 0.15657642
v 0.00041357 0.01227668 0.15792441
v -0.00020421 0.01198776 0.15846449
v -0.00014953 0.01226817 0.15828920
v 0.00047064 0.01213691 0.15871743
v -0.00193491 0.01176403 0.15758520
v -0.00200391 0.01180500 0.15684460
v -0.00189095 0.01176013 0.15741311
v -0.02229327 0.01604879 0.11771929
v -0.02300686 0.01723770 0.11441524
v -0.02336485 0.01675842 0.11922506
v -0.02077127 0.01526615 0.12722720
v -0.02157100 0.01634279 0.13221564
v -0.02164835 0.01377812 0.13443480
v -0.02182615 0.01338426 0.13498943
v -0.02115436 0.01536501 0.13444650
v -0.02140446 0.01504790 0.13543020
v -0.04017392 0.01161003 0.10528654
v -0.02139222 0.01485404 0.13600517
v -0.02167205 0.01360084 0.13588607
v -0.02173138 0.01469770 0.13635096
v -0.03792738 0.01031554 0.10656230
v -0.03768109 0.01021696 0.10663853
v -0.02247925 0.01261486 0.13792206
v -0.03773187 0.01014558 0.10727390
v -0.04036360 0.00896330 0.11277062
v -0.03722247 0.01037697 0.10676896
v -0.03768518 0.01019113 0.10889768
v -0.04067222 0.00890809 0.11903175
v -0.02374709 0.01390306 0.13144805
v -0.02260349 0.01113257 0.14294600
v -0.02207222 0.01031792 0.14694125
v -0.02226172 0.01012311 0.14843477
v -0.02206762 0.01050491 0.14696867
v -0.04187500 0.01002421 0.11034461
v -0.02502370 0.01202261 0.13985191
v -0.02537449 0.01067602 0.14402461
v -0.02503466 0.01057085 0.14381090
v -0.03990285 0.01008835 0.11735207
v -0.03922361 0.01080813 0.11478402
v -0.04072799 0.01035769 0.11913329
v -0.03794056 0.01124027 0.11062305
v -0.02254206 0.00859623 0.15154266
v -0.02265659 0.00849219 0.15162250
v -0.02290332 0.00845844 0.15149061
v -0.02281444 0.00845606 0.15163781
v -0.02290228 0.00849023 0.15153468
v -0.02291058 0.00851865 0.15155527
v -0.02288225 0.00850184 0.15166502
v -0.02303991 0.00850680 0.15156233
v -0.02297796 0.00851426 0.15164421
v -0.02305836 0.00844936 0.15170257
v -0.02262947 0.01069861 0.14819682
v -0.02253908 0.00886217 0.15134279
v -0.02318918 0.00842238 0.15170000
v -0.02541649 0.00797482 0.15092018
v -0.02471775 0.00831902 0.15122056
v -0.02521424 0.00811268 0.15080839
v -0.02525660 0.00826287 0.15069566
v -0.02521903 0.00831582 0.15077236
v -0.02524269 0.00821211 0.15083855
v -0.02527984 0.00825616 0.15079749
v -0.02534458 0.00819918 0.15079605
v -0.04231694 0.00985478 0.12469804
v -0.04321860 0.00876815 0.12824209
v -0.04315907 0.00807666 0.12858168
v -0.04269558 0.00787014 0.12727022
v -0.04492711 0.00580131 0.12843551
v -0.04535105 0.00712990 0.12545580
v -0.04537033 0.00636334 0.12781297
v -0.04552843 0.00443374 0.13115894
v -0.04631106 0.00384450 0.13187884
v -0.04592874 0.00562112 0.12925151
v -0.04363062 0.00560209 0.13125958
v -0.04291132 0.00725695 0.12696455
v -0.04382296 0.00505816 0.13258398
v -0.04710433 0.00331696 0.13356041
v -0.04660288 0.00370279 0.13221692
v -0.04645562 0.00331151 0.13578835
v -0.04520448 0.00347222 0.13603663
v -0.04527209 0.00352909 0.13607033
v -0.04544342 0.00382980 0.13581076
v -0.04586615 0.00360455 0.13630672
v -0.04671540 0.00370159 0.13557941
v -0.04682004 0.00360306 0.13572650
v -0.04605065 0.00345401 0.13645273
v -0.04716809 0.00316183 0.13589529
v -0.04749146 0.00348666 0.13468576
v 0.01233918 -0.02489956 -0.20621510
v 0.01991847 -0.02930155 -0.20654105
v 0.01963808 -0.02824659 -0.20234223
v 0.02002456 -0.02970501 -0.20814769
v 0.01923230 -0.02513751 -0.19087721
v 0.02057911 -0.02737268 -0.20361315
v 0.02095504 -0.02568096 -0.19771783
v 0.02093621 -0.02512681 -0.19971459
v 0.02005048 -0.02991693 -0.20966497
v 0.02027790 -0.02836320 -0.20440669
v 0.02088251 -0.02579602 -0.19764452
v 0.02109480 -0.02496279 -0.19545113
v 0.02015313 -0.02943053 -0.20770279
v 0.02038531 -0.02641291 -0.20446636
v 0.02018357 -0.02472805 -0.20227008
v 0.02007451 -0.02412963 -0.20165505
v 0.01628481 -0.03021865 -0.20751122
v 0.01634846 -0.03004220 -0.20705532
v 0.01819734 -0.02941692 -0.20556317
vn 0.660485 -0.730779 0.172399
vn 0.332402 0.867079 -0.371056
vn 0.188900 -0.934176 0.302708
vn -0.662232 -0.692449 0.286293
vn 0.535980 0.803803 -0.258121
vn 0.939755 -0.340276 0.032742
vn 0.526589 0.807711 -0.265154
vn 0.801670 0.579073 -0.148323
vn 0.438598 0.898162 -0.030618
vn -0.060917 -0.968871 0.239953
vn -0.093547 -0.975884 0.197231
vn -0.111158 0.987326 -0.113274
vn 0.791863 0.609923 0.030759
vn 0.296355 0.951044 -0.087691
vn -0.527178 -0.831821 0.173661
vn -0.452174 0.884374 -0.115849
vn 0.619649 -0.762308 0.186872
vn -0.991250 0.128259 -0.031180
vn 0.227374 0.973752 -0.010373
vn 0.851041 0.514165 0.106601
vn -0.019718 0.996995 -0.074909
vn -0.008482 0.997097 -0.075662
vn 0.063812 0.995937 -0.063538
vn -0.995608 0.067047 -0.065337
vn -0.971409 0.226592 -0.070851
vn -0.352305 0.927098 -0.127945
vn -0.615340 0.767833 -0.178294
vn 0.043009 0.995347 -0.086229
vn -0.681399 0.717319 -0.145429
vn 0.923420 -0.300938 0.238183
vn -0.029029 0.995646 -0.088581
vn -0.276796 0.956993 -0.086886
vn -0.576121 0.805515 -0.138675
vn -0.825469 0.540096 -0.164002
vn 0.284127 0.957259 -0.054098
vn -0.095742 -0.983917 0.150800
vn 0.274513 0.961214 -0.026657
vn 0.158834 -0.983115 0.090870
vn -0.414599 0.905957 -0.085732
vn 0.190177 0.980461 -0.050298
vn -0.376921 0.922801 -0.079809
vn -0.179830 0.982421 -0.050095
vn -0.583420 0.807080 -0.090794
vn -0.601773 0.788686 -0.125868
vn 0.777103 -0.629234 -0.013248
vn -0.497327 0.863804 -0.080676
vn 0.991368 -0.067177 -0.112590
vn -0.517775 -0.855256 -0.021130
vn -0.703002 -0.707197 0.075236
vn -0.203398 0.977508 -0.055746
vn 0.421863 -0.899104 0.116807
vn 0.378347 -0.924164 0.052668
vn -0.983008 0.149480 -0.106544
vn -0.187871 0.978389 -0.086367
vn -0.881503 0.458685 -0.112076
vn -0.126070 0.991775 -0.022100
vn -0.968845 -0.232940 -0.084136
vn -0.000877 0.979714 -0.200399
vn 0.102246 0.978815 -0.177388
vn 0.987362 -0.051906 -0.149741
vn -0.072974 0.989676 -0.123350
vn -0.480250 0.875633 -0.051259
vn -0.939318 -0.232262 0.252458
vn -0.095228 0.984709 -0.145877
vn 0.967914 0.163273 -0.191011
vn -0.145965 -0.988295 0.044360
vn -0.485674 0.867313 -0.109037
vn 0.972281 -0.209165 -0.104495
vn 0.480030 -0.869743 0.114539
vn -0.571747 0.820167 -0.020776
vn 0.616896 -0.786042 0.039711
vn 0.421828 0.872926 -0.245074
vn -0.191004 0.961474 -0.197698
vn -0.246887 -0.946820 0.206348
vn 0.260957 0.940686 -0.216820
vn -0.709992 0.703048 -0.040432
vn 0.533177 0.820291 -0.206991
vn -0.738888 0.673124 -0.030781
vn -0.810308 0.585651 -0.020347
vn -0.153302 -0.986953 0.049218
vn 0.210432 -0.954009 0.213506
vn 0.371583 0.901096 -0.223499
vn -0.630229 0.764233 -0.136966
vn 0.998530 0.043234 0.032692
vn 0.375372 -0.924575 0.065239
vn 0.985537 -0.129820 -0.108924
vn -0.848035 0.529416 0.023578
vn 0.458728 0.863622 -0.209107
vn -0.154448 0.977721 -0.142156
vn 0.092744 -0.944549 0.315002
vn 0.127967 -0.975927 0.176611
vn -0.378596 -0.225205 0.897746
vn -0.783328 0.598609 -0.167524
vn 0.342861 0.920143 -0.189164
vn -0.006338 0.995760 -0.091769
vn -0.788191 0.581073 -0.202755
vn 0.770249 0.636129 -0.045333
vn -0.363756 -0.915237 0.173270
vn 0.967910 -0.221981 -0.117795
vn 0.803331 0.559034 -0.205281
vn -0.906164 -0.344214 -0.245732
vn 0.466477 -0.849061 0.247983
vn 0.711355 -0.592025 0.378788
vn -0.326894 0.943703 -0.050647
vn -0.738429 0.674183 -0.014137
vn -0.001191 -0.995070 0.099166
vn -0.215379 -0.484329 0.847961
vn -0.513509 -0.858039 0.008806
vn -0.418913 -0.903493 0.090619
vn -0.052040 0.987284 -0.150208
vn 0.999358 -0.033543 0.012562
vn -0.999971 0.003960 -0.006504
vn -0.993698 0.108144 -0.029471
vn -0.579773 0.803059 -0.137692
vn -0.679082 0.733178 0.036028
vn 0.984790 0.015269 -0.173078
vn 0.708923 -0.695164 0.119060
vn -0.727594 0.683883 0.053954
vn -0.911267 0.393569 0.121226
vn -0.827608 0.559371 0.046575
vn 0.965809 0.160062 -0.203945
vn -0.093870 -0.973242 0.209736
vn -0.540843 0.828820 -0.143339
vn -0.957617 0.279498 -0.069655
vn -0.689477 0.713880 -0.122464
vn 0.905313 0.422902 -0.039522
vn -0.461384 -0.880431 0.109390
vn -0.827873 0.557833 0.058720
vn 0.792725 -0.573535 -0.206509
vn 0.829359 -0.423260 0.364713
vn 0.603528 0.774685 0.188724
vn -0.432186 -0.898346 0.078680
vn 0.983044 -0.177638 0.045480
vn -0.090961 -0.995518 0.025894
vn 0.630521 -0.732149 -0.257685
vn 0.809064 -0.514381 -0.284303
vn -0.814092 0.477209 -0.330946
vn 0.943106 -0.331002 0.031440
vn 0.211948 0.974444 -0.074403
vn 0.438117 0.897143 -0.056457
vn -0.215566 -0.962071 -0.167184
vn -0.537995 -0.842188 -0.035786
vn -0.021300 0.998104 -0.057742
vn -0.954296 0.165628 -0.248768
vn -0.812330 0.581618 -0.042904
vn -0.062063 0.958357 0.278747
vn 0.361671 -0.915581 0.175800
vn 0.149136 -0.964753 0.216817
vn 0.227641 0.973511 -0.021345
vn -0.160919 -0.967638 -0.194375
vn -0.595193 -0.800699 -0.068018
vn -0.071150 -0.997465 0.001372
vn -0.953302 0.176017 -0.245424
vn 0.868037 0.486770 0.097810
vn -0.950647 -0.307494 0.041443
vn 0.566692 -0.746153 -0.349450
vn -0.208639 0.881838 0.422884
vn 0.615809 0.734800 0.284336
vn -0.908728 -0.417320 0.007535
vn -0.483069 0.786365 0.385064
vn -0.715903 0.544624 0.436885
vn 0.181096 0.982156 0.050739
vn 0.571567 0.820370 -0.017438
vn 0.719064 -0.572736 -0.393600
vn 0.522491 0.686911 0.505131
vn -0.388810 0.742166 0.545909
vn -0.005344 0.871790 0.489850
vn 0.067879 0.992841 0.098277
vn 0.576032 0.816633 -0.036018
vn -0.975210 -0.114171 -0.189555
vn -0.541816 0.840464 0.007496
vn -0.921050 0.388874 -0.021078
vn 0.028001 0.993347 0.111702
vn 0.830029 -0.537828 0.147624
vn 0.020599 0.990672 0.134701
vn 0.792244 -0.499850 0.350000
vn 0.201644 0.976368 -0.077745
vn -0.937134 -0.311530 -0.157256
vn -0.819860 -0.568989 -0.063884
vn -0.136784 0.978200 0.156253
vn -0.825635 -0.548214 -0.133372
vn -0.491219 -0.863876 -0.111455
vn 0.862876 0.484153 0.145055
vn 0.814188 -0.430358 0.389731
vn -0.887484 0.426911 -0.173548
vn 0.552783 -0.821638 -0.139073
vn -0.194670 -0.979697 0.047930
vn -0.934974 -0.033721 -0.353108
vn 0.920214 0.274256 0.279268
vn 0.270086 0.955420 -0.119273
vn -0.974916 -0.164753 -0.149650
vn 0.293340 -0.929159 0.224979
vn -0.800419 -0.587182 -0.120613
vn -0.140446 0.953137 0.267965
vn -0.419345 0.895610 -0.148430
vn 0.124589 -0.988607 -0.084462
vn 0.868235 -0.485301 -0.103208
vn 0.295887 0.923178 0.245343
vn 0.830318 -0.462625 0.310725
vn -0.154424 0.952172 0.263671
vn -0.498307 0.827198 0.259681
vn -0.124164 0.956889 0.262577
vn 0.241767 -0.970304 0.007664
vn -0.953893 -0.023704 -0.299210
vn -0.494032 0.832087 0.252118
vn -0.112305 -0.831313 0.544341
vn -0.134766 -0.849561 -0.509985
vn 0.385795 -0.865855 -0.318524
vn 0.243166 -0.945367 -0.217144
vn 0.359196 -0.915410 -0.181666
vn 0.961961 -0.125837 0.242480
vn -0.539068 0.840406 0.055886
vn 0.924003 0.354554 0.143216
vn 0.642462 0.673306 0.365926
vn 0.778560 -0.627065 -0.025181
vn 0.132260 -0.972206 -0.193188
vn 0.641874 -0.762693 -0.079352
vn 0.987543 0.096446 0.124327
vn 0.906192 0.370276 0.204234
vn 0.121414 -0.973051 -0.196037
vn -0.425233 0.897655 0.115728
vn 0.263885 -0.947172 -0.182293
vn 0.544978 0.799077 0.253919
vn 0.941744 0.173621 0.288053
vn -0.996891 0.029820 -0.072937
vn -0.048589 0.986846 0.154187
vn 0.914432 -0.403759 -0.028160
vn -0.777563 -0.528741 -0.340337
vn 0.955271 -0.094957 0.280073
vn 0.969606 0.189763 0.154449
vn 0.523184 0.787387 0.326037
vn 0.525826 0.774593 0.351444
vn 0.436091 -0.899794 0.013996
vn 0.950351 0.087155 0.298726
vn 0.974441 0.178780 0.136027
vn 0.155570 0.585662 0.795486
vn 0.316360 -0.937487 -0.145036
vn -0.600471 0.115541 -0.791255
vn 0.208800 -0.920975 -0.328949
vn -0.326556 0.926552 0.186716
vn 0.955213 0.110097 0.274677
vn 0.466729 -0.884086 -0.023587
vn -0.714260 0.658647 0.236680
vn 0.601051 -0.606211 -0.520813
vn 0.548957 -0.714827 -0.433206
vn 0.735869 -0.618638 -0.275289
vn 0.938585 0.155113 0.308219
vn 0.582708 0.528243 0.617585
vn 0.209379 -0.963536 0.166608
vn 0.315924 -0.942431 -0.109615
vn 0.184148 -0.962782 0.197841
vn -0.140654 -0.976019 0.166144
vn -0.432001 -0.883373 0.181737
vn -0.125350 -0.987716 0.093299
vn 0.979093 0.137259 0.150125
vn 0.694098 -0.668198 0.267843
vn 0.656052 0.753855 0.036040
vn -0.898883 -0.438105 0.008548
vn 0.164342 0.983209 -0.079325
vn -0.431219 0.880280 -0.197884
vn 0.550319 0.823460 0.138068
vn -0.670903 0.717787 -0.186201
vn -0.591950 0.792581 -0.146320
vn 0.953130 0.256104 0.161103
vn -0.318060 0.940528 -0.119350
vn -0.992677 -0.100818 -0.066537
vn 0.538971 -0.828342 0.152837
vn -0.993947 0.075822 -0.079505
vn 0.316725 0.948445 -0.011749
vn -0.991828 0.050535 -0.117146
vn 0.112032 0.992691 -0.044875
vn -0.415278 0.895382 -0.160733
vn -0.079251 0.992401 -0.094122
vn -0.991298 0.081760 -0.103168
vn 0.260696 -0.962113 0.079856
vn 0.525278 0.823242 -0.215304
vn -0.197189 -0.621535 0.758163
vn -0.947003 0.175604 0.268978
vn -0.202886 -0.612557 0.763944
vn -0.107628 0.788939 0.604972
vn -0.981169 0.017169 0.192387
vn 0.001959 0.980380 -0.197105
vn 0.870782 -0.489773 -0.043132
vn 0.448158 0.884930 -0.126701
vn -0.119534 0.982270 -0.144419
vn -0.980165 -0.056461 0.189971
vn 0.548568 0.804983 -0.225999
vn -0.101972 0.992571 -0.066371
vn 0.481162 -0.873332 0.075986
vn 0.296433 0.928909 -0.221934
vn 0.567261 0.798593 -0.201156
vn -0.610432 0.791402 -0.032493
vn -0.958735 0.270346 0.087976
vn -0.792802 0.609353 0.012415
vn -0.036621 0.987513 -0.153225
vn 0.063158 0.989795 -0.127737
vn 0.382871 0.907426 -0.173167
vn 0.738803 0.661186 -0.130397
vn 0.951585 -0.292997 -0.092944
vn 0.034960 0.993413 -0.109124
vn -0.753601 0.657331 0.001648
vn -0.978118 -0.200515 0.055484
vn -0.825511 -0.509834 0.242078
vn 0.505302 0.856559 -0.104772
vn 0.282213 0.952171 -0.117157
vn -0.088285 -0.995226 0.041608
vn -0.919571 -0.360607 -0.156050
vn -0.141243 -0.476661 0.867666
vn -0.918202 0.197522 0.343350
vn -0.981773 -0.179568 0.062261
vn -0.969420 -0.191482 0.153493
vn -0.893908 0.440097 0.085104
vn -0.406843 -0.647197 0.644682
vn 0.103571 0.749086 0.654327
vn -0.147821 -0.831372 0.535696
vn 0.998864 -0.032710 0.034646
vn 0.805137 0.574075 -0.148967
vn -0.493034 -0.856985 0.149982
vn -0.147371 -0.829729 0.538360
vn -0.691267 0.713679 -0.113191
vn -0.900405 -0.403304 0.163145
vn -0.917375 0.381020 0.115094
vn -0.587298 0.807281 0.058122
vn 0.312347 -0.947891 0.062777
vn 0.911087 0.357861 -0.204587
vn -0.371176 -0.916259 0.150662
vn -0.237069 -0.965694 0.105990
vn -0.756424 -0.645994 0.102541
vn -0.883649 -0.425625 0.194959
vn -0.958716 -0.203865 0.198250
vn 0.968307 0.173250 -0.179906
vn -0.865314 -0.431924 -0.254309
vn 0.915542 0.073564 0.395439
vn 0.952675 -0.169521 -0.252337
vn -0.705709 -0.703163 0.086812
vn 0.796201 -0.537231 -0.278295
vn 0.911748 0.390741 -0.126639
vn -0.062518 0.958295 0.278860
vn 0.955449 -0.294723 0.015953
vn -0.344655 0.895858 0.280448
vn -0.062479 0.958299 0.278852
vn 0.627343 0.712997 0.313171
vn -0.787086 0.529096 0.317102
vn 0.544405 -0.760496 -0.353933
vn 0.917544 0.396115 0.034730
vn -0.825892 -0.460711 -0.325037
vn 0.130583 -0.985250 0.110589
vn 0.461248 0.849613 0.255750
vn -0.126989 0.991788 -0.015170
vn -0.975927 -0.051342 0.211966
vn -0.958479 0.174451 0.225575
vn -0.332956 0.889755 0.312211
vn 0.872647 -0.344504 0.346127
vn -0.989505 0.018812 0.143271
vn -0.976344 -0.153913 0.151869
vn -0.299552 -0.936910 -0.180191
vn -0.235428 -0.951045 -0.200216
vn -0.315348 -0.725960 0.611177
vn 0.923816 0.373139 0.085619
vn -0.108226 0.994124 0.002011
vn 0.853824 -0.375383 0.360657
vn -0.989427 0.038878 0.139726
vn -0.983243 0.002261 0.182285
vn -0.216028 -0.972504 0.086988
vn -0.453081 0.843167 0.289460
vn -0.238980 0.966606 0.092526
vn 0.472001 -0.824773 -0.311391
vn -0.020935 0.871925 0.489192
vn -0.484873 0.809703 0.330573
vn -0.964633 -0.168109 0.203034
vn -0.219934 -0.969398 0.109068
vn 0.408781 0.722260 0.557888
vn -0.957545 -0.240660 -0.158715
vn -0.642135 0.765941 -0.031580
vn 0.988445 0.148160 0.032021
vn 0.959093 -0.269535 -0.086548
vn 0.877521 0.333191 0.344877
vn 0.356285 0.169272 -0.918917
vn 0.480163 0.700354 0.528155
vn -0.458691 0.020263 0.888365
vn -0.427682 0.012175 0.903847
vn 0.626561 -0.685562 0.370710
vn 0.625558 -0.687202 0.369366
vn 0.180487 0.877655 0.444012
vn 0.626958 -0.685627 0.369919
vn 0.206373 0.848728 0.486900
vn -0.964659 -0.167677 0.203268
vn -0.964660 -0.167653 0.203281
vn 0.237547 -0.971194 -0.018823
vn -0.788462 -0.513591 -0.338456
vn 0.683934 0.685446 0.249796
vn 0.780471 0.615441 0.109988
vn -0.817723 0.573612 0.047934
vn 0.928874 0.367856 0.043313
vn -0.881739 -0.315596 -0.350622
vn -0.953725 -0.239477 -0.181822
vn 0.916173 0.295756 0.270472
vn 0.717368 -0.586565 0.375932
vn 0.018962 -0.999064 0.038879
vn -0.912250 0.372970 -0.169390
vn 0.328919 -0.943200 0.046760
vn 0.851355 -0.513773 0.105980
vn -0.251916 0.942665 0.218908
vn 0.299169 0.953075 -0.046330
vn 0.808591 -0.468886 0.355424
vn 0.578993 0.813260 0.058104
vn -0.988615 0.043505 -0.144038
vn -0.913798 0.395655 -0.091815
vn -0.238688 0.933746 0.266733
vn -0.132473 -0.850778 -0.508554
vn 0.258055 -0.944885 -0.201493
vn -0.843707 0.536601 -0.014762
vn 0.254350 -0.959509 0.121034
vn -0.685329 -0.701029 -0.197187
vn -0.024630 -0.777732 0.628114
vn 0.253270 0.635328 -0.729529
vn 0.258952 0.779223 -0.570750
vn -0.060169 -0.934712 -0.350276
vn -0.006354 -0.910274 0.413959
vn 0.155323 0.824140 -0.544673
vn 0.649601 0.243391 -0.720264
vn -0.639830 -0.696809 -0.324153
vn -0.023293 -0.777023 0.629041
vn 0.686477 0.283892 -0.669444
vn 0.721720 0.224009 -0.654935
vn -0.111256 0.944284 0.309757
vn 0.628693 0.689827 0.359004
vn 0.259898 -0.943033 -0.207707
vn -0.843742 0.536545 -0.014783
vn 0.272777 0.951534 0.142042
vn 0.282049 -0.940969 -0.187151
vn -0.843701 0.536610 -0.014759
vn 0.208150 -0.974846 -0.079677
vn 0.653084 0.671200 0.350674
vn -0.393917 0.632219 0.667180
vn 0.210541 -0.972286 -0.101653
vn -0.600270 -0.780783 -0.173359
vn 0.121764 -0.984617 -0.125311
vn 0.065260 -0.970887 -0.230476
vn -0.258933 -0.943002 -0.209047
vn 0.076489 0.960501 0.267557
vn -0.043913 -0.964882 -0.258986
vn 0.066933 0.951726 0.299563
vn 0.203370 0.959252 0.196155
vn 0.311333 0.927730 0.205887
vn -0.207623 -0.961231 -0.181461
vn 0.198413 -0.954292 -0.223517
vn 0.932819 -0.360136 -0.012258
vn 0.991083 -0.114141 0.068755
vn 0.614021 0.709751 0.345300
vn -0.852490 -0.467893 -0.233103
vn 0.411617 0.887264 0.208169
vn 0.161084 -0.906877 -0.389392
vn 0.173347 0.583117 0.793679
vn -0.774004 -0.504379 0.382778
vn 0.316383 -0.876976 0.361684
vn 0.023725 0.056505 0.998120
vn 0.041376 -0.055605 0.997595
vn 0.044165 0.998833 -0.019561
vn 0.798070 0.554522 0.235776
vn 0.686819 0.038637 0.725801
vn -0.616081 0.167273 -0.769717
vn 0.668085 0.130105 0.732623
vn 0.081431 0.522012 0.849042
vn 0.077779 0.522962 0.848800
vn 0.531412 0.708705 0.464046
vn 0.239587 0.956575 0.166019
vn 0.054831 0.929560 0.364569
vn -0.523823 -0.801413 -0.288699
vn 0.010971 -0.771187 -0.636514
vn 0.422220 -0.733056 -0.533254
vn 0.830858 -0.433039 -0.349504
vn -0.348124 -0.873619 -0.339999
vn 0.114426 -0.982767 -0.145172
vn 0.175019 -0.974576 -0.139892
vn -0.056165 -0.769325 -0.636383
vn -0.012606 -0.773901 -0.633181
vn 0.949584 -0.311874 0.032020
vn 0.387125 -0.161742 0.907730
vn 0.354089 -0.204223 0.912641
vn -0.474249 0.779493 0.409242
vn 0.249226 -0.887586 0.387398
vn 0.537242 -0.808868 0.238965
vn 0.721355 -0.666421 0.188492
vn 0.604203 -0.762433 0.231592
vn 0.114095 -0.925952 0.359994
vn 0.023133 -0.941717 0.335609
vn 0.028668 -0.964656 0.261949
vn 0.963692 -0.266565 0.015527
vn 0.594533 0.778650 -0.200584
vn 0.329693 -0.910663 0.248988
vn -0.580393 -0.739800 0.340353
vn 0.070748 0.905999 -0.417325
vn 0.862920 -0.495484 0.099318
vn 0.292527 -0.935662 0.197394
vn 0.319287 -0.914948 0.246830
vn -0.589467 -0.763398 0.264107
vn -0.547642 -0.797289 0.253807
vn 0.932291 -0.345971 0.105538
vn 0.896416 -0.434851 0.085688
vn 0.310953 -0.928480 0.203059
vn 0.000353 -0.965326 0.261048
vn -0.138035 -0.985441 0.099262
vn 0.323439 0.913510 -0.246752
vn 0.799204 -0.579235 0.160500
vn 0.442672 0.892158 -0.089973
vn -0.209236 -0.963999 0.164093
vn -0.358763 0.926610 -0.112618
vn -0.294453 -0.943912 0.149422
vn -0.063031 -0.991350 0.115119
vn 0.037119 0.969055 -0.244036
vn 0.497475 0.864796 -0.068166
vn -0.506218 0.839948 -0.195529
vn 0.794014 -0.560192 0.236064
vn -0.994601 0.015380 -0.102629
vn -0.591283 -0.799216 0.107876
vn -0.653523 -0.743810 0.140194
vn -0.398219 -0.902170 0.165864
vn 0.217434 -0.957404 0.190000
vn -0.415956 -0.887741 0.197220
vn 0.060827 0.993791 -0.093166
vn 0.639718 0.767331 0.044316
vn 0.333313 0.939932 -0.073684
vn -0.346975 -0.927853 0.136735
vn -0.234860 -0.955192 0.180134
vn -0.590480 0.798242 -0.118925
vn 0.205376 0.977816 -0.041189
vn 0.928229 -0.312002 0.202594
vn -0.095611 -0.990491 0.098927
vn -0.577845 0.802435 -0.148976
vn 0.585110 0.810921 0.007288
vn 0.583812 0.805960 0.097940
vn -0.590694 -0.797584 0.122233
vn -0.375404 -0.920554 0.107944
vn -0.164675 -0.983972 0.068418
vn -0.242912 -0.964695 0.101767
vn -0.337670 -0.936742 0.092155
vn -0.136353 -0.983681 0.117387
vn -0.194726 0.977661 -0.079130
vn -0.627873 0.769580 -0.116285
vn -0.439931 0.893005 -0.094881
vn -0.983077 0.173635 -0.058402
vn 0.123019 0.990329 -0.064141
vn 0.040419 0.997542 -0.057239
vn 0.963438 0.211984 0.163857
vn -0.588551 -0.807075 0.047303
vn -0.970657 0.233099 -0.059083
vn -0.985525 0.156735 -0.064614
vn 0.485118 -0.851429 0.199321
vn -0.370135 0.920748 -0.123384
vn -0.433793 0.888478 -0.149767
vn -0.549955 0.823516 -0.139175
vn -0.519423 0.840566 -0.153782
vn -0.585365 0.789230 -0.185645
vn -0.698039 0.688797 -0.195704
vn -0.582680 0.803846 -0.119647
vn 0.007582 0.997446 -0.071025
vn -0.604127 0.784106 -0.142156
vn -0.802139 0.576001 -0.157465
vn -0.754210 0.638062 -0.155062
vn 0.205163 0.978521 -0.020094
vn -0.130458 -0.983404 0.126087
vn -0.042773 -0.984686 0.169008
vn 0.218682 -0.949717 0.224088
vn 0.614973 -0.749148 0.246141
vn 0.841341 -0.489960 0.228219
vn 0.841020 -0.479240 0.251026
vn -0.424214 0.900879 -0.091982
vn 0.157177 0.986713 -0.041150
vn -0.687600 -0.725852 0.018577
vn -0.453378 0.886126 -0.096069
vn -0.411178 0.907958 -0.080898
vn 0.534281 0.845289 0.005525
vn 0.022156 -0.990298 0.137181
vn -0.011958 0.998388 -0.055485
vn -0.424621 0.900328 -0.095423
vn -0.428091 0.898237 -0.099534
vn 0.891941 -0.405984 0.199044
vn 0.546704 -0.811731 0.205445
vn -0.389524 -0.920987 -0.007312
vn -0.090423 -0.995853 0.009986
vn -0.356097 0.930596 -0.084773
vn 0.033231 -0.998860 0.034256
vn -0.059030 -0.993789 0.094333
vn -0.081195 0.995132 -0.055854
vn -0.755831 0.646966 -0.100772
vn -0.158115 0.986621 -0.039735
vn -0.237611 0.966689 -0.095146
vn -0.655226 0.747384 -0.109979
vn -0.684190 0.717612 -0.130063
vn 0.386046 -0.913486 0.128495
vn 0.898165 0.439466 -0.013001
vn -0.288759 -0.950388 0.115678
vn -0.761333 -0.644976 -0.066169
vn -0.563180 0.815627 -0.132593
vn -0.277393 0.951959 -0.129716
vn 0.983201 0.167613 -0.072259
vn 0.910796 -0.401431 -0.096461
vn -0.814863 0.564024 -0.133696
vn -0.301758 -0.944991 0.126234
vn -0.106315 0.991096 -0.080159
vn -0.187516 0.981536 -0.037753
vn 0.787170 -0.609936 -0.091331
vn 0.979820 -0.078660 -0.183753
vn -0.465351 0.882290 -0.070804
vn -0.876565 -0.480148 -0.033040
vn -0.882454 -0.468096 -0.046483
vn -0.989894 0.102822 -0.097655
vn -0.286567 -0.957906 0.017215
vn 0.088434 -0.991073 0.099764
vn -0.534957 0.844472 0.026228
vn 0.193564 0.970174 -0.145927
vn -0.211162 0.975192 -0.066420
vn -0.070822 0.989151 -0.128701
vn 0.986902 0.007319 -0.161157
vn -0.994798 0.069845 -0.074153
vn -0.691961 0.715704 -0.094644
vn -0.555396 0.818326 -0.147915
vn -0.171875 0.982917 -0.065829
vn -0.110987 0.772950 0.624684
vn -0.550639 0.834730 -0.004833
vn -0.463835 0.884407 -0.051786
vn -0.680085 0.733130 -0.001975
vn -0.685371 0.728173 -0.005549
vn 0.985142 0.020199 -0.170549
vn 0.183941 -0.966820 0.177271
vn 0.300794 0.953602 0.012903
vn -0.148944 0.979717 -0.134056
vn -0.510069 0.849378 -0.135596
vn -0.915305 -0.315341 0.250554
vn -0.188968 -0.960398 0.204761
vn 0.129203 -0.983318 0.128028
vn 0.980711 -0.143350 -0.132875
vn 0.986814 -0.021235 -0.160461
vn -0.761039 0.635490 -0.130277
vn 0.088157 0.975514 -0.201495
vn 0.304377 0.938665 -0.162059
vn -0.035056 -0.985226 0.167634
vn 0.003286 0.986899 -0.161308
vn 0.880904 -0.471213 -0.044348
vn -0.110372 0.955384 -0.273970
vn -0.455030 0.862671 -0.220788
vn -0.210433 -0.959310 0.188262
vn 0.286509 0.930947 -0.226385
vn -0.071950 0.988599 -0.132269
vn -0.410889 0.898271 -0.155821
vn -0.165408 0.981323 -0.098206
vn -0.854598 0.490378 -0.170858
vn -0.847800 0.502502 -0.169490
vn -0.045355 0.974179 -0.221173
vn 0.695275 -0.718097 0.030501
vn -0.828005 0.560661 -0.008134
vn 0.986277 -0.136140 -0.093399
vn 0.946593 -0.316544 -0.061329
vn -0.849655 0.527141 0.014416
vn 0.542444 0.813211 -0.210812
vn 0.875498 0.462886 -0.138709
vn 0.927609 0.344813 -0.143685
vn 0.188574 -0.964381 0.185494
vn -0.537676 0.822104 -0.187213
vn -0.769990 0.618564 -0.156506
vn -0.030182 0.978242 -0.205261
vn 0.570211 0.802263 -0.176727
vn 0.249412 0.953807 -0.167470
vn -0.394045 0.909275 -0.133971
vn -0.852544 0.493662 -0.171660
vn -0.244506 0.964927 -0.095565
vn 0.998239 0.055416 0.021154
vn -0.481262 -0.852031 0.205983
vn 0.420755 -0.902171 0.095147
vn 0.130031 0.986956 -0.094916
vn -0.958507 0.104103 -0.265380
vn -0.944238 -0.040075 -0.326815
vn 0.129782 -0.972889 0.191423
vn -0.931863 0.342060 -0.120940
vn -0.963021 -0.177907 -0.202335
vn -0.254856 0.951588 -0.171840
vn -0.062881 -0.990787 0.119945
vn 0.399007 -0.882415 0.249274
vn -0.802428 0.586514 -0.110046
vn -0.455618 0.889408 -0.036948
vn -0.089403 -0.986886 0.134396
vn 0.137636 0.982587 -0.124818
vn 0.463573 0.870567 -0.164964
vn 0.103443 0.986466 -0.127221
vn -0.279450 0.951067 -0.131833
vn 0.952503 0.304224 -0.013632
vn -0.086740 -0.990636 0.105438
vn -0.983666 -0.177281 0.031184
vn -0.353279 -0.933353 0.063611
vn 0.194219 -0.967430 0.162353
vn -0.626454 -0.770900 0.115184
vn -0.996992 0.075350 -0.018121
vn -0.553847 0.832615 0.002153
vn 0.967492 -0.222008 -0.121124
vn -0.911295 -0.306566 -0.274879
vn 0.800994 -0.591496 0.092413
vn 0.395665 0.908045 -0.137486
vn -0.511820 0.859069 -0.006388
vn -0.590811 0.806764 0.008638
vn -0.631293 0.774639 0.037472
vn -0.849147 0.517103 0.107485
vn -0.781241 0.620746 0.065860
vn 0.904766 0.413546 -0.101873
vn 0.040057 -0.993350 0.107945
vn 0.079624 0.992864 -0.088771
vn -0.631235 -0.766250 0.120015
vn -0.680705 -0.723690 0.113639
vn -0.987564 0.150213 -0.046407
vn -0.979922 0.192522 -0.051847
vn -0.933035 0.352011 -0.074386
vn -0.551670 0.820646 -0.148998
vn -0.533083 0.835213 -0.135062
vn -0.899867 0.427124 -0.088345
vn 0.367215 -0.917359 0.153644
vn 0.858560 0.507659 -0.071807
vn 0.991130 -0.126425 0.040956
vn 0.093186 0.986027 -0.138083
vn -0.165490 -0.980198 0.108741
vn 0.572901 -0.800667 -0.175263
vn -0.540641 0.818743 -0.193306
vn -0.574231 -0.808643 0.127889
vn -0.350123 -0.910945 0.218158
vn 0.235673 -0.961717 0.139850
vn 0.981610 -0.186827 0.039210
vn 0.022806 -0.990777 -0.133570
vn 0.775893 -0.580629 -0.246698
vn -0.929656 -0.205088 -0.306071
vn -0.838565 -0.464683 -0.284393
vn 0.322673 -0.929048 0.180973
vn 0.706297 -0.661617 0.251811
vn 0.946190 0.249648 0.205914
vn 0.925374 -0.378088 0.027077
vn -0.066222 -0.997788 -0.005769
vn -0.353447 -0.926584 -0.128518
vn -0.213485 -0.973095 -0.086665
vn -0.623811 -0.780843 0.033828
vn -0.205015 -0.965512 -0.160484
vn -0.477803 -0.877997 -0.028719
vn 0.907637 -0.300702 -0.292872
vn -0.021351 0.998481 -0.050800
vn 0.545866 0.819399 0.174971
vn 0.567195 -0.787850 0.239964
vn 0.059507 -0.987009 0.149240
vn -0.493753 0.860662 -0.124371
vn -0.566082 0.815569 -0.119997
vn -0.882728 0.460828 -0.091804
vn -0.784574 0.611231 -0.104117
vn -0.625593 0.774156 -0.096525
vn 0.655931 0.754373 -0.025999
vn -0.126339 -0.971757 -0.199315
vn 0.966056 0.246948 -0.075847
vn 0.867841 -0.302509 0.394132
vn 0.153986 0.986204 0.060745
vn 0.961700 0.178450 0.208061
vn 0.243379 -0.932875 -0.265538
vn -0.628762 -0.777558 -0.007839
vn 0.587588 0.756696 0.286620
vn 0.933944 0.313583 0.171505
vn 0.308464 -0.948001 0.078379
vn -0.049212 0.998735 -0.010297
vn 0.019183 0.997276 -0.071225
vn 0.274252 0.961653 -0.003065
vn 0.084433 0.996319 0.014793
vn 0.889142 -0.364842 -0.276255
vn -0.323806 0.857829 0.399098
vn -0.235790 -0.971739 -0.011225
vn -0.183714 0.976198 -0.115268
vn -0.062062 -0.980736 0.185219
vn -0.970915 -0.237157 -0.032888
vn 0.680811 -0.732437 0.005728
vn -0.393735 -0.907504 -0.146316
vn -0.554323 -0.823023 -0.123933
vn -0.208897 -0.973101 0.097139
vn 0.804833 0.593026 -0.023769
vn 0.630589 0.776089 -0.006610
vn 0.989180 0.140000 0.043846
vn 0.368920 0.157585 -0.916005
vn -0.531100 0.662278 0.528509
vn 0.213354 0.852567 0.477084
vn 0.107543 0.985540 0.130941
vn 0.408306 0.879966 0.242788
vn 0.072428 0.997355 -0.006024
vn -0.413317 0.896111 -0.161721
vn -0.298478 -0.943855 -0.141594
vn 0.257286 0.965436 0.041683
vn -0.971420 0.072057 -0.226165
vn -0.957953 -0.229345 -0.172413
vn 0.263567 0.961711 -0.075129
vn 0.098435 0.993434 0.058305
vn 0.679948 0.683317 0.265985
vn 0.457272 -0.882546 -0.109611
vn 0.447787 0.884889 0.128288
vn 0.922176 -0.071311 0.380140
vn 0.834196 -0.423954 0.352675
vn -0.167892 -0.982844 -0.076348
vn 0.993453 -0.114169 -0.004105
vn -0.123431 0.991622 0.038096
vn -0.002049 0.992416 0.122906
vn -0.823910 -0.549264 -0.139578
vn -0.843525 -0.519224 -0.137372
vn 0.581357 -0.805098 0.117650
vn 0.200776 -0.969741 -0.138889
vn 0.993691 -0.110983 -0.016149
vn 0.541334 0.829558 0.137078
vn -0.442357 -0.887883 -0.126426
vn 0.734332 -0.563740 0.378092
vn -0.185503 0.971314 0.148790
vn 0.859529 -0.506850 -0.065676
vn 0.291955 0.955724 -0.036797
vn -0.216755 -0.976039 0.019083
vn -0.075974 -0.997098 -0.004822
vn -0.964724 -0.216580 -0.149667
vn -0.882491 -0.448878 -0.140421
vn 0.130583 -0.987955 -0.083028
vn 0.781683 -0.622993 0.029178
vn -0.118481 -0.976447 -0.180317
vn -0.499369 -0.841501 -0.206174
vn -0.934010 0.341999 0.103260
vn 0.076930 -0.976257 -0.202496
vn -0.086571 0.983340 -0.159840
vn 0.620116 0.761536 0.188462
vn -0.662501 -0.733003 -0.154270
vn -0.032827 -0.999455 0.003517
vn -0.310945 -0.944308 -0.107682
vn 0.895583 -0.440623 0.061499
vn 0.398086 -0.899251 0.181313
vn -0.155851 -0.981668 -0.109723
vn 0.713150 0.698581 0.058325
vn 0.067477 -0.971557 -0.226989
vn -0.411505 0.872892 0.262153
vn -0.060170 -0.934769 -0.350123
vn 0.254779 -0.966784 -0.020411
vn -0.677168 -0.735828 -0.000336
vn -0.054104 -0.862211 0.503652
vn -0.998244 -0.046691 0.036465
vn 0.493720 0.839862 0.225550
vn 0.171727 -0.957108 -0.233355
vn -0.931940 0.361413 -0.029484
vn -0.133161 -0.851099 -0.507837
vn -0.306567 0.901234 0.306258
vn 0.831130 0.436153 0.344954
vn 0.961322 0.025688 0.274227
vn 0.738491 -0.674238 -0.005809
vn 0.284738 -0.955250 -0.080138
vn 0.256412 -0.962319 -0.090529
vn 0.082626 0.985469 0.148403
vn -0.177287 -0.974829 -0.135192
vn -0.949298 0.314182 -0.011134
vn -0.016953 -0.973074 -0.229870
vn 0.091265 -0.986531 -0.135750
vn 0.860234 0.482704 0.164300
vn 0.898608 0.406747 0.164499
vn 0.917830 -0.396903 0.007520
vn 0.836346 0.503045 0.217879
vn -0.933757 0.270796 -0.234023
vn -0.565878 0.824343 -0.015515
vn 0.510960 -0.859585 -0.005777
vn 0.504422 -0.857826 -0.098455
vn -0.348397 0.934925 0.067337
vn 0.340702 0.886601 0.312826
vn 0.908540 0.284971 0.305527
vn 0.180952 -0.958848 -0.218784
vn -0.817438 -0.550783 -0.168624
vn 0.979393 0.134586 0.150585
vn 0.975673 0.156467 0.153560
vn 0.679733 -0.733171 0.020557
vn 0.275484 -0.948447 -0.156705
vn -0.116438 0.986717 0.113279
vn 0.845464 -0.530581 -0.060619
vn -0.902649 0.427811 0.046922
vn 0.618038 -0.768916 -0.163698
vn 0.832673 -0.547398 -0.083737
vn 0.113851 0.953274 0.279834
vn -0.937905 -0.150320 -0.312631
vn -0.665213 -0.667162 -0.335242
vn -0.048350 -0.976750 -0.208857
vn 0.965872 -0.046163 0.254872
vn 0.952113 0.111201 0.284808
vn 0.956272 0.071479 0.283610
vn 0.241765 0.951791 0.188793
vn -0.775653 -0.589266 -0.226116
vn 0.119641 0.950511 0.286732
vn 0.503323 0.809323 0.302758
vn 0.978518 0.160130 0.129853
vn 0.327307 -0.901582 -0.282878
vn 0.229289 -0.966637 -0.114192
vn -0.958728 0.062808 -0.277302
vn -0.929615 -0.206372 -0.305331
vn -0.332749 -0.904073 -0.268197
vn -0.881555 -0.420297 -0.214970
vn 0.561371 0.755888 0.336891
vn 0.157055 -0.977805 -0.138675
vn 0.959835 -0.006535 0.280489
vn 0.253138 -0.913866 -0.317441
vn 0.337420 -0.894665 -0.292784
vn -0.064402 0.991699 0.111288
vn -0.260980 0.911862 0.316856
vn -0.592336 0.130306 -0.795084
vn 0.278457 -0.907111 -0.315611
vn 0.363592 -0.921043 -0.139575
vn 0.598646 -0.800541 0.027516
vn 0.639401 -0.768873 -0.000329
vn 0.238342 -0.964137 -0.116763
vn 0.867879 0.301815 0.394581
vn 0.432622 -0.721132 -0.541116
vn 0.652587 -0.636652 -0.410858
vn 0.931457 0.168917 0.322266
vn -0.845356 0.519366 -0.125027
vn 0.472094 -0.875747 -0.100971
vn 0.690166 0.454573 0.563059
vn 0.237527 -0.942970 0.233212
vn 0.350268 -0.926521 -0.137371
vn 0.207226 -0.969843 0.128301
vn 0.377294 -0.918945 -0.114846
vn 0.223239 -0.969739 0.098848
vn 0.296471 -0.924861 0.238194
vn 0.457854 -0.854311 0.246014
vn -0.128986 -0.974323 0.184547
vn -0.324638 0.934127 -0.148379
vn -0.105852 -0.984970 0.136491
vn 0.963493 0.224867 0.145314
vn -0.989910 0.130710 -0.054718
vn -0.948206 0.309808 -0.070182
vn -0.991541 -0.129088 0.013489
vn 0.506983 -0.850115 0.142379
vn 0.519649 -0.842745 0.140522
vn -0.372941 -0.918975 0.128062
vn -0.500321 -0.852314 0.152444
vn 0.844476 -0.498280 0.196410
vn -0.091827 0.991428 -0.092945
vn 0.129389 0.989507 -0.064302
vn 0.984169 -0.076026 0.160100
vn 0.958059 -0.216894 0.187297
vn 0.972325 -0.180221 0.148676
vn 0.403836 0.914767 0.010836
vn 0.253887 0.965411 -0.059347
vn -0.599289 -0.795377 0.090710
vn -0.535754 -0.838097 0.102765
vn 0.787936 -0.556946 0.262618
vn 0.189572 -0.955746 0.224971
vn 0.409805 0.911886 -0.022874
vn -0.133119 0.990691 0.028476
vn -0.407113 0.907443 -0.103951
vn -0.283385 0.955012 -0.087438
vn -0.288297 0.947247 -0.140029
vn -0.244633 0.961901 -0.122072
vn 0.728069 -0.643891 0.235202
vn -0.936609 -0.350065 0.014758
vn -0.873127 -0.487425 0.008150
vn -0.791126 -0.611605 0.007681
vn -0.884691 -0.465474 0.025628
vn 0.248142 0.968707 0.005605
vn 0.613453 0.782949 0.103281
vn 0.254507 0.964809 -0.066107
vn -0.470738 0.859456 -0.199350
vn -0.578697 0.791844 -0.195173
vn -0.747548 0.642455 -0.168591
vn -0.448553 0.871483 -0.198285
vn -0.629803 0.761160 -0.154867
vn 0.898807 0.398027 0.183633
vn -0.529299 0.832930 -0.161463
vn -0.196323 0.970852 -0.137492
vn -0.377194 0.920942 -0.097929
vn -0.439516 0.892388 -0.102316
vn 0.315965 0.947630 -0.046509
vn 0.158434 0.985536 -0.060143
vn 0.231233 0.971080 -0.059461
vn 0.827497 0.559975 0.040955
vn 0.652421 -0.710685 0.263199
vn 0.801000 -0.551866 0.232038
vn 0.011805 -0.988868 0.148325
vn 0.636030 -0.724107 0.266713
vn -0.023687 -0.999258 0.030382
vn -0.044382 -0.997255 0.059274
vn -0.993122 0.088653 -0.076476
vn -0.816854 -0.572797 -0.068215
vn -0.995727 -0.047282 -0.079320
vn 0.202562 0.978882 -0.027539
vn 0.265877 0.963799 -0.020016
vn -0.420820 -0.904941 0.063183
vn -0.991617 -0.057311 -0.115811
vn -0.993326 -0.076521 -0.086308
vn -0.992765 -0.046182 -0.110835
vn 0.947970 -0.273027 0.163735
vn 0.053336 0.996922 -0.057456
vn -0.100662 0.992133 -0.074428
vn 0.838852 -0.541708 0.053654
vn -0.027516 0.994462 -0.101433
vn -0.166464 -0.984661 0.052277
vn -0.229568 0.968464 -0.096831
vn -0.381576 0.919551 -0.093947
vn -0.359241 0.933173 -0.011537
vn 0.984392 -0.055989 -0.166846
vn 0.968712 0.119321 -0.217622
vn -0.050306 0.987207 -0.151302
vn 0.060796 0.991756 -0.112799
vn 0.967839 -0.162796 -0.191792
vn 0.976297 0.019642 -0.215543
vn 0.972798 -0.169933 -0.157437
vn 0.968283 0.172794 -0.180473
vn 0.304022 0.950174 -0.068840
vn -0.503340 0.855588 -0.120908
vn 0.326332 -0.939151 0.107251
vn 0.781300 0.586343 -0.213943
vn 0.746137 0.628051 -0.220980
vn -0.554391 0.831830 0.026629
vn -0.202289 -0.616955 0.760556
vn 0.883475 0.468409 -0.008011
vn -0.280870 0.959355 0.027394
vn -0.131184 0.762516 0.633530
vn -0.087286 0.772162 0.629402
vn -0.204824 -0.617989 0.759037
vn -0.962471 -0.030128 0.269709
vn -0.494467 0.861416 -0.116039
vn 0.855947 -0.515848 -0.035430
vn -0.066088 -0.978577 0.194984
vn 0.145550 -0.975030 0.167724
vn -0.724798 0.688835 0.013187
vn -0.680241 0.732668 -0.021668
vn -0.959050 -0.205471 0.194950
vn -0.368214 0.924708 -0.096606
vn 0.747284 0.624892 -0.226000
vn 0.509773 0.822386 -0.252611
vn 0.542896 0.810420 -0.220190
vn -0.991353 -0.022808 -0.129228
vn -0.554331 0.821727 -0.132221
vn -0.273556 0.953837 -0.123944
vn -0.431952 0.894232 -0.117329
vn -0.481936 0.859367 -0.170954
vn -0.422543 0.897310 -0.127637
vn 0.998936 0.007380 0.045527
vn 0.462389 0.856428 -0.229625
vn 0.447473 0.867925 -0.215578
vn -0.643553 0.764867 -0.028580
vn -0.594250 0.803047 -0.044528
vn 0.990016 0.068072 -0.123427
vn 0.956769 0.258662 -0.132990
vn 0.983759 0.127723 -0.126114
vn 0.261895 0.947070 -0.185659
vn 0.982932 0.181817 -0.028071
vn 0.967281 0.253472 -0.010963
vn -0.980217 -0.106761 0.166666
vn -0.955386 0.275790 0.105725
vn -0.801299 0.598207 -0.008293
vn -0.687488 0.725085 -0.040156
vn -0.872110 0.488073 0.034760
vn -0.736841 0.676046 -0.005241
vn -0.819130 0.573427 -0.014386
vn -0.740510 0.672042 0.002290
vn 0.063432 0.980945 -0.183640
vn 0.060511 0.978052 -0.199379
vn 0.194702 0.961368 -0.194585
vn 0.712260 0.677953 -0.181839
vn 0.407767 0.887954 -0.212752
vn 0.091449 0.993727 -0.064371
vn 0.575995 0.803758 -0.149006
vn -0.947269 0.227752 -0.225413
vn -0.965607 -0.157762 -0.206674
vn -0.876403 0.481571 -0.002629
vn -0.367779 0.763029 0.531531
vn -0.380998 0.763032 0.522132
vn -0.361734 0.777174 0.514926
vn -0.403079 0.753243 0.519761
vn 0.822003 0.563857 -0.079850
vn 0.757178 0.640426 -0.128595
vn 0.006574 0.976053 -0.217433
vn -0.298359 0.924387 -0.237676
vn 0.048355 0.978883 -0.198622
vn -0.780460 0.594506 -0.193507
vn 0.470922 -0.866309 0.166555
vn -0.460923 0.883381 -0.084786
vn -0.291600 0.948823 -0.121259
vn -0.075453 0.987746 -0.136618
vn 0.927883 -0.369414 -0.050659
vn 0.942251 -0.326631 -0.074001
vn 0.950606 -0.291313 -0.107165
vn 0.959832 -0.255553 -0.115828
vn -0.828787 0.559444 0.011593
vn -0.000486 0.993648 -0.112534
vn 0.488773 0.862564 -0.130711
vn 0.160578 -0.970606 0.179274
vn -0.366357 -0.322714 0.872719
vn -0.370742 -0.320306 0.871754
vn -0.987552 0.112494 0.109939
vn -0.374740 -0.323197 0.868973
vn 0.473961 -0.001378 0.880545
vn 0.440017 -0.002911 0.897985
vn 0.468608 -0.012526 0.883317
vn 0.479956 -0.026842 0.876882
vn 0.716336 -0.636999 0.284773
vn 0.931901 -0.209291 0.296240
vn -0.497703 -0.799719 0.335771
vn -0.949593 -0.300740 0.088482
vn -0.066249 0.991973 -0.107705
vn 0.387417 0.900228 -0.198742
vn -0.127943 0.966686 -0.221694
vn 0.847822 0.502088 -0.170604
vn 0.783134 0.597632 -0.171866
vn -0.104132 -0.994081 0.030980
vn -0.524066 -0.848493 -0.073581
vn -0.220378 0.817305 0.532397
vn 0.064776 -0.275380 0.959151
vn -0.993637 -0.109526 0.026246
vn -0.999838 0.014847 0.010169
vn -0.860837 -0.470168 0.194684
vn -0.848502 -0.495516 0.185765
vn -0.878461 0.470618 0.082613
vn 0.987802 0.009474 -0.155427
vn 0.407404 0.898064 -0.165839
vn -0.168543 -0.479804 0.861035
vn 0.930790 -0.006459 0.365497
vn 0.895040 -0.223005 0.386228
vn 0.592520 0.787811 0.168147
vn 0.564885 0.809018 0.162465
vn 0.490060 0.861088 0.135530
vn 0.674667 -0.654043 0.342128
vn -0.265705 -0.949961 0.164240
vn -0.609027 -0.782290 0.130801
vn -0.243681 -0.940247 0.237815
vn -0.682891 -0.722226 0.109776
vn -0.146520 -0.831048 0.536555
vn 0.100518 -0.978601 0.179542
vn -0.778194 -0.621105 0.092973
vn -0.142963 -0.832147 0.535810
vn -0.693618 0.715675 -0.081872
vn -0.682610 0.724223 -0.097699
vn -0.662434 0.737994 -0.128635
vn -0.557375 0.816427 -0.150931
vn -0.890262 0.445564 0.094369
vn -0.897394 0.432383 0.087912
vn -0.098457 0.993733 -0.052932
vn 0.479063 0.877012 -0.036713
vn -0.230978 0.971420 -0.054699
vn 0.317956 -0.947315 -0.038708
vn 0.962013 0.205704 -0.179493
vn 0.161936 0.986768 -0.008057
vn 0.294973 0.953826 -0.056633
vn 0.951732 0.210866 0.223027
vn -0.818254 -0.550501 0.165556
vn 0.476649 -0.877431 -0.054039
vn 0.203156 0.970677 -0.128506
vn -0.082381 0.989251 -0.120810
vn 0.037924 0.989047 -0.142645
vn -0.782470 -0.618691 0.070448
vn -0.909318 -0.377014 0.176073
vn 0.972759 0.130868 -0.191347
vn 0.976765 0.104495 -0.187112
vn 0.944556 0.305858 -0.119439
vn -0.098064 -0.987907 0.120097
vn -0.071962 -0.987201 0.142322
vn -0.294152 -0.955714 -0.009249
vn -0.876567 -0.405823 -0.258722
vn -0.862157 -0.439840 -0.251448
vn 0.932164 0.050834 0.358450
vn 0.893156 -0.136899 0.428405
vn 0.918727 -0.138484 0.369815
vn -0.974235 0.005923 -0.225459
vn -0.514061 -0.857433 -0.023441
vn -0.973992 -0.142256 -0.176361
vn -0.017271 -0.999333 0.032172
vn -0.565452 -0.822011 0.067541
vn -0.468146 -0.883130 0.030341
vn 0.126803 -0.980965 -0.147064
vn 0.134550 -0.976179 -0.170211
vn -0.182308 -0.968650 -0.168766
vn -0.196136 -0.975982 0.094812
vn -0.282905 -0.955039 -0.088686
vn 0.789576 -0.539029 -0.293285
vn 0.819042 -0.475557 -0.320961
vn 0.939498 0.320692 -0.120417
vn 0.873181 0.484048 -0.057035
vn 0.938818 0.322214 -0.121647
vn 0.908763 0.396135 -0.131253
vn -0.062251 0.958331 0.278795
vn -0.764951 -0.642709 0.042134
vn 0.889453 -0.456197 0.027511
vn 0.875321 -0.482605 0.030091
vn 0.770660 -0.636856 0.022323
vn 0.904445 -0.426267 0.016590
vn -0.895413 -0.427183 0.125502
vn -0.877911 0.365221 0.309655
vn -0.970027 0.052035 0.237359
vn -0.777474 0.586064 0.228173
vn -0.062238 0.958333 0.278792
vn -0.062396 0.958311 0.278831
vn -0.868807 -0.493762 0.037062
vn -0.851077 -0.523861 0.035187
vn 0.834730 -0.549709 0.032341
vn -0.469751 -0.878380 -0.088214
vn -0.541214 -0.839207 -0.053094
vn -0.453360 -0.886266 -0.094850
vn -0.812773 0.493421 0.309736
vn -0.834708 0.467147 0.291610
vn 0.516918 -0.775749 -0.361952
vn 0.661289 -0.679861 -0.316995
vn 0.591455 -0.730755 -0.340850
vn 0.606967 0.742541 0.283239
vn 0.526925 0.808828 0.261050
vn -0.840899 -0.522685 -0.140316
vn -0.254062 -0.962867 0.091323
vn -0.956601 0.158699 -0.244397
vn -0.985101 0.032866 0.168805
vn -0.962297 0.020451 0.271232
vn -0.428764 0.854050 0.294549
vn -0.721951 -0.628752 -0.288891
vn 0.859801 -0.386772 0.333391
vn 0.723667 -0.641409 0.254754
vn -0.438810 -0.898506 -0.011512
vn -0.070605 -0.994905 0.071959
vn -0.981611 0.133493 -0.136454
vn -0.913087 -0.406910 0.026382
vn -0.981965 0.109843 0.153880
vn -0.988351 0.047905 0.144455
vn -0.106741 -0.994000 -0.023890
vn -0.041343 -0.998882 0.022933
vn -0.978301 0.094374 0.184448
vn -0.977037 -0.089175 0.193510
vn -0.235962 -0.953688 -0.186551
vn 0.083835 -0.902815 -0.421778
vn 0.920287 0.380628 0.090523
vn 0.919397 0.382121 0.093231
vn 0.873577 -0.349251 0.338948
vn 0.881164 -0.328137 0.340405
vn -0.957357 0.288860 -0.005318
vn 0.025449 0.999651 0.007045
vn 0.744602 -0.667243 0.018817
vn -0.731152 -0.680904 -0.042269
vn -0.314635 -0.731687 0.604682
vn -0.318327 -0.723929 0.612042
vn -0.315906 -0.727703 0.608811
vn -0.987149 -0.007421 0.159633
vn 0.725865 -0.563049 -0.395090
vn -0.162859 0.985786 0.041267
vn 0.187555 0.954580 -0.231516
vn 0.164809 0.952540 -0.255941
vn 0.018493 0.888209 0.459068
vn -0.678815 0.548400 0.488331
vn -0.007752 0.872074 0.489313
vn 0.823791 0.561352 -0.079071
vn -0.182566 0.983191 -0.002122
vn 0.388889 -0.885744 -0.253423
vn -0.126804 0.957140 0.260392
vn 0.009886 0.863969 0.503448
vn -0.980439 0.079892 0.179880
vn -0.965996 0.156063 0.206148
vn -0.214868 -0.971503 0.100070
vn 0.728438 -0.561022 -0.393233
vn 0.860902 -0.383172 -0.334705
vn 0.917573 0.386503 0.093145
vn 0.400591 0.731154 0.552214
vn 0.523702 0.688614 0.501544
vn -0.978758 -0.062084 -0.195395
vn -0.971116 -0.167595 -0.169839
vn -0.897727 0.440494 -0.007132
vn -0.903627 0.428284 -0.005495
vn -0.916267 0.400310 -0.014378
vn 0.982438 -0.184857 0.025356
vn 0.972061 -0.234730 -0.000119
vn 0.981184 -0.192850 -0.009321
vn 0.900770 0.430751 0.055383
vn 0.997389 -0.070742 0.014541
vn 0.813572 -0.492234 -0.309527
vn 0.866681 -0.419233 -0.270383
vn 0.373279 0.133487 -0.918065
vn 0.412922 0.237346 -0.879296
vn -0.457652 0.007807 0.889097
vn -0.476334 -0.007804 0.879230
vn 0.449875 0.622072 0.640811
vn 0.900795 -0.345185 -0.263468
vn 0.564321 0.667281 0.486085
vn 0.524879 0.686856 0.502724
vn 0.522578 0.670208 0.527004
vn 0.467218 0.699504 0.540742
vn 0.429334 0.716129 0.550301
vn -0.091499 0.862606 0.497533
vn 0.016857 0.877838 0.478661
vn 0.161645 0.867761 0.469959
vn 0.111292 0.875824 0.469624
vn -0.679845 0.728265 0.086258
vn -0.514785 0.723511 0.459922
vn 0.626354 -0.686115 0.370037
vn -0.964650 -0.167831 0.203184
vn 0.197056 0.847257 0.493279
vn -0.109512 0.699449 0.706242
vn 0.881178 0.449099 0.147769
vn -0.469525 0.728496 0.498839
vn -0.964650 -0.167823 0.203189
vn -0.964659 -0.167672 0.203270
vn 0.172091 0.984994 -0.013072
vn -0.193340 0.977440 -0.085039
vn -0.930986 0.364703 -0.016019
vn 0.873866 -0.485401 -0.027272
vn 0.651188 0.750534 0.112485
vn 0.709288 0.700379 0.079879
vn 0.403242 -0.896943 0.181353
vn -0.774606 0.623111 -0.108246
vn -0.082791 0.988973 0.122795
vn -0.141364 0.989259 0.037186
vn 0.071899 0.995486 0.061957
vn 0.908725 0.414650 0.047790
vn 0.898242 0.352746 0.262168
vn 0.361183 0.930959 0.053508
vn -0.803921 0.592102 0.055916
vn -0.965301 0.261050 0.006843
vn 0.924138 0.381397 0.022474
vn 0.877825 0.474878 0.062562
vn -0.170880 0.977102 0.126775
vn 0.288250 0.955002 -0.069882
vn -0.904249 -0.393796 -0.165103
vn 0.922947 0.261834 0.282157
vn -0.873942 0.456283 -0.167424
vn 0.927384 0.359204 0.104559
vn -0.936317 0.349725 0.031668
vn -0.604769 0.789158 0.107160
vn -0.302009 0.933876 -0.191484
vn -0.894195 0.413881 -0.170639
vn 0.921336 0.382615 0.068893
vn 0.700195 0.701856 0.130863
vn 0.867345 -0.478370 0.137383
vn 0.695206 -0.715688 0.066934
vn 0.851029 -0.507747 0.133949
vn 0.901015 0.346274 0.261277
vn 0.920490 0.273762 0.278842
vn -0.990968 0.035926 -0.129195
vn -0.591981 0.751765 -0.290530
vn 0.848955 -0.389394 0.357277
vn -0.259882 0.959712 -0.106834
vn 0.126026 -0.991672 0.026549
vn 0.430729 -0.902016 -0.028980
vn 0.770456 -0.519390 0.369637
vn 0.188550 -0.978037 -0.088845
vn 0.920382 0.200805 0.335522
vn 0.703725 0.630065 0.328313
vn -0.912944 0.405863 -0.042515
vn -0.855872 0.517163 -0.005013
vn -0.496132 0.828456 0.259833
vn -0.234245 0.934716 0.267274
vn -0.681228 0.704682 -0.198373
vn 0.357999 -0.931028 0.070881
vn 0.840538 0.522401 0.143499
vn 0.807929 0.576817 0.120556
vn 0.077032 -0.965699 -0.247976
vn 0.751794 0.634277 0.180275
vn -0.060170 -0.934752 -0.350168
vn -0.060066 -0.934873 -0.349862
vn -0.133396 -0.850601 -0.508609
vn 0.166765 -0.958527 -0.231119
vn 0.550090 -0.826682 -0.118317
vn 0.267806 -0.942824 -0.198403
vn -0.197594 -0.967247 -0.159341
vn 0.022976 -0.999472 0.022956
vn 0.808259 0.494023 0.320404
vn 0.649131 0.689853 0.320519
vn 0.939679 -0.157896 0.303434
vn -0.330515 -0.942579 -0.048011
vn 0.761481 -0.648040 -0.013832
vn 0.801016 -0.598474 -0.014197
vn 0.832891 -0.553395 -0.006807
vn 0.214749 0.769044 -0.602042
vn 0.372654 0.108898 0.921559
vn -0.060550 -0.934309 -0.351283
vn 0.361574 0.056857 0.930608
vn 0.353245 0.091653 0.931030
vn 0.322574 0.099902 0.941257
vn -0.649532 -0.681811 -0.336515
vn -0.429241 -0.879827 -0.204099
vn -0.656625 -0.674615 -0.337250
vn -0.719495 -0.605171 -0.340728
vn -0.595528 -0.740202 -0.312165
vn -0.200656 0.943090 0.265174
vn -0.022724 -0.777525 0.628441
vn -0.021440 -0.777769 0.628184
vn 0.299116 -0.936520 0.182919
vn 0.689446 0.253667 -0.678467
vn 0.385883 -0.865408 -0.319629
vn 0.385760 -0.865801 -0.318714
vn 0.385656 -0.865990 -0.318326
vn -0.024909 -0.857566 0.513770
vn 0.276468 -0.936960 0.213710
vn 0.288311 -0.938380 0.190576
vn 0.285112 -0.943185 0.170625
vn 0.250161 -0.944929 -0.211018
vn -0.843717 0.536584 -0.014768
vn 0.302159 -0.949045 -0.089518
vn -0.335314 -0.941875 -0.020864
vn 0.216536 -0.971905 -0.092266
vn -0.157017 0.951898 0.263129
vn -0.843703 0.536607 -0.014760
vn -0.843716 0.536587 -0.014767
vn 0.226780 -0.968671 -0.101225
vn 0.638883 0.679693 0.360341
vn 0.428683 0.866049 0.257274
vn -0.248282 -0.967799 -0.041489
vn -0.280667 -0.959597 -0.019970
vn -0.288340 -0.957173 -0.026087
vn 0.110746 -0.984405 -0.136679
vn -0.995642 0.063551 -0.068247
vn -0.980869 0.186578 -0.055531
vn 0.523815 -0.842327 -0.126895
vn 0.477261 0.842458 0.249971
vn 0.841330 -0.538735 -0.043905
vn 0.905310 -0.424187 -0.021876
vn 0.900112 0.405139 0.160186
vn 0.288110 0.909246 0.300442
vn -0.529721 0.848133 0.008174
vn -0.018423 0.957340 0.288376
vn 0.207455 -0.961213 -0.181749
vn 0.389900 0.871488 0.297467
vn -0.306412 -0.928316 -0.210572
vn -0.265051 -0.942375 -0.204148
vn 0.250215 -0.943156 -0.218744
vn 0.265319 -0.958602 -0.103387
vn 0.373432 -0.926463 -0.047069
vn 0.436788 -0.899495 -0.011220
vn 0.789196 -0.595478 0.150252
vn 0.751512 -0.646638 0.130721
vn -0.229512 -0.932621 -0.278463
vn 0.965067 -0.259746 0.034321
vn 0.257034 -0.911036 -0.322408
vn 0.775381 0.578240 0.253815
vn 0.965983 0.199317 0.164769
vn -0.959477 -0.096818 -0.264632
vn -0.850230 -0.471531 -0.234024
vn -0.981169 0.188465 0.042278
vn 0.199379 -0.939547 -0.278388
vn 0.957582 -0.123533 0.260341
vn 0.430275 0.872084 0.233095
vn 0.299078 0.934928 0.190949
vn 0.671360 0.686874 0.278352
vn 0.162807 0.587729 0.792507
vn 0.218039 -0.974560 -0.051885
vn -0.774154 -0.504536 0.382267
vn 0.287887 -0.954304 0.080160
vn -0.774190 -0.504221 0.382610
vn -0.774580 -0.503535 0.382725
vn 0.152447 0.981556 -0.115360
vn 0.080492 0.985303 -0.150665
vn 0.095329 0.990559 -0.098517
vn 0.018837 -0.019799 0.999627
vn 0.759102 0.602243 0.247118
vn 0.161235 0.591780 0.789810
vn -0.008610 -0.053113 0.998551
vn 0.444606 -0.882689 -0.152271
vn 0.484789 -0.861173 -0.152844
vn 0.489148 -0.859704 -0.147115
vn 0.688701 0.110401 0.716591
vn 0.078119 0.523625 0.848360
vn 0.078885 0.522974 0.848691
vn -0.578310 0.137515 -0.804144
vn 0.703336 0.130002 0.698869
vn 0.128744 0.983074 0.130348
vn 0.924641 0.203209 0.322094
vn 0.938228 0.175997 0.297915
vn 0.927837 -0.325629 0.181893
vn -0.568290 -0.769865 -0.290438
vn -0.477252 -0.834531 -0.275296
vn -0.481431 -0.823949 -0.298885
vn 0.386399 -0.677199 -0.626176
vn 0.373613 -0.920124 -0.117411
vn -0.020662 -0.771995 -0.635293
vn 0.945941 -0.322807 0.031490
vn 0.748070 -0.662291 -0.041969
vn 0.908682 -0.415686 -0.038755
vn 0.339696 -0.931099 -0.132894
vn 0.263117 -0.948866 -0.174420
vn 0.274092 -0.951365 -0.140632
vn 0.362657 -0.167208 0.916800
vn 0.346998 -0.137231 0.927771
vn 0.204790 0.813652 0.544088
vn 0.068097 0.837115 0.542772
vn -0.294196 0.825573 0.481538
vn -0.211451 0.874925 0.435655
vn -0.205453 0.831463 0.516196
vn -0.062174 -0.967950 -0.243325
vn -0.932062 0.349726 0.094619
vn -0.662091 0.552426 -0.506420
vn 0.494861 -0.835374 0.239297
vn 0.388953 -0.885939 0.252641
vn 0.502407 -0.830176 0.241649
vn -0.592528 -0.755367 0.279877
vn 0.995246 -0.091020 -0.034646
vn 0.997670 -0.040583 -0.054842
vn 0.996373 0.036539 -0.076845
vn 0.993025 -0.110866 -0.040132
vn 0.805287 -0.575246 0.143540
vn 0.858901 -0.498370 0.117966
vn 0.449909 -0.848433 0.278826
vn 0.634433 -0.740542 0.221566
vn 0.898835 0.387858 -0.204110
vn 0.904532 0.378118 -0.197102
vn 0.919147 0.351089 -0.178618
vn -0.737423 -0.623475 0.259781
vn 0.297294 -0.914612 0.274046
vn -0.151522 -0.943104 0.295966
f 2//2 493//493 490//490
f 490//490 493//493 5//5
f 3//3 487//487 488//488
f 3//3 488//488 4//4
f 488//488 492//492 4//4
f 488//488 487//487 1495//1495
f 488//488 1495//1495 492//492
f 493//493 1477//1477 4//4
f 492//492 493//493 4//4
f 492//492 1481//1481 493//493
f 1481//1481 491//491 497//497
f 491//491 1//1 496//496
f 497//497 496//496 498//498
f 491//491 496//496 497//497
f 1481//1481 497//497 493//493
f 497//497 498//498 493//493
f 6//6 1//1 489//489
f 494//494 489//489 5//5
f 6//6 489//489 494//494
f 494//494 5//5 495//495
f 7//7 5//5 493//493
f 496//496 1//1 917//917
f 496//496 917//917 498//498
f 495//495 919//919 494//494
f 494//494 918//918 6//6
f 919//919 918//918 494//494
f 500//500 7//7 499//499
f 493//493 498//498 919//919
f 498//498 917//917 918//918
f 919//919 495//495 251//251
f 493//493 8//8 7//7
f 493//493 503//503 509//509
f 918//918 919//919 498//498
f 251//251 500//500 499//499
f 8//8 493//493 504//504
f 502//502 509//509 503//503
f 919//919 251//251 501//501
f 493//493 919//919 503//503
f 503//503 919//919 11//11
f 501//501 251//251 499//499
f 8//8 499//499 7//7
f 501//501 499//499 8//8
f 504//504 506//506 8//8
f 512//512 13//13 8//8
f 506//506 512//512 8//8
f 503//503 10//10 502//502
f 10//10 509//509 502//502
f 503//503 11//11 10//10
f 11//11 919//919 501//501
f 504//504 493//493 511//511
f 501//501 8//8 505//505
f 506//506 504//504 9//9
f 11//11 509//509 10//10
f 507//507 11//11 501//501
f 493//493 513//513 511//511
f 511//511 513//513 920//920
f 501//501 505//505 507//507
f 9//9 14//14 506//506
f 14//14 9//9 504//504
f 508//508 920//920 513//513
f 504//504 511//511 12//12
f 507//507 505//505 252//252
f 505//505 514//514 252//252
f 515//515 513//513 493//493
f 252//252 514//514 507//507
f 516//516 515//515 493//493
f 509//509 11//11 525//525
f 508//508 511//511 920//920
f 529//529 507//507 514//514
f 508//508 12//12 511//511
f 930//930 514//514 8//8
f 514//514 505//505 8//8
f 506//506 14//14 512//512
f 509//509 516//516 493//493
f 515//515 516//516 533//533
f 515//515 923//923 513//513
f 923//923 924//924 513//513
f 921//921 11//11 507//507
f 529//529 921//921 507//507
f 521//521 14//14 504//504
f 12//12 521//521 504//504
f 523//523 512//512 14//14
f 516//516 15//15 517//517
f 516//516 517//517 533//533
f 516//516 525//525 15//15
f 509//509 525//525 516//516
f 930//930 529//529 514//514
f 510//510 11//11 921//921
f 512//512 531//531 13//13
f 525//525 518//518 15//15
f 11//11 510//510 525//525
f 921//921 529//529 510//510
f 14//14 521//521 523//523
f 523//523 521//521 22//22
f 523//523 22//22 522//522
f 523//523 522//522 936//936
f 8//8 13//13 528//528
f 922//922 528//528 13//13
f 510//510 549//549 538//538
f 549//549 36//36 538//538
f 508//508 931//931 521//521
f 508//508 521//521 12//12
f 932//932 521//521 530//530
f 530//530 521//521 931//931
f 257//257 13//13 531//531
f 531//531 512//512 523//523
f 531//531 523//523 936//936
f 520//520 525//525 253//253
f 518//518 525//525 520//520
f 518//518 929//929 15//15
f 929//929 518//518 519//519
f 518//518 520//520 519//519
f 519//519 520//520 926//926
f 927//927 926//926 253//253
f 519//519 926//926 927//927
f 519//519 927//927 253//253
f 929//929 519//519 928//928
f 519//519 253//253 928//928
f 513//513 526//526 508//508
f 526//526 16//16 508//508
f 534//534 510//510 254//254
f 525//525 510//510 534//534
f 939//939 525//525 534//534
f 521//521 527//527 22//22
f 20//20 545//545 922//922
f 545//545 17//17 528//528
f 545//545 528//528 922//922
f 255//255 933//933 935//935
f 935//935 933//933 934//934
f 15//15 929//929 517//517
f 517//517 524//524 533//533
f 929//929 524//524 517//517
f 923//923 925//925 924//924
f 925//925 18//18 924//924
f 533//533 524//524 938//938
f 18//18 526//526 924//924
f 924//924 526//526 513//513
f 923//923 938//938 925//925
f 928//928 938//938 524//524
f 928//928 524//524 929//929
f 525//525 928//928 253//253
f 527//527 521//521 932//932
f 19//19 527//527 932//932
f 22//22 532//532 522//522
f 532//532 936//936 522//522
f 948//948 17//17 545//545
f 939//939 928//928 525//525
f 535//535 254//254 510//510
f 538//538 535//535 510//510
f 930//930 549//549 529//529
f 529//529 549//549 510//510
f 8//8 549//549 930//930
f 933//933 255//255 934//934
f 936//936 532//532 954//954
f 532//532 22//22 953//953
f 954//954 953//953 259//259
f 532//532 953//953 954//954
f 954//954 937//937 936//936
f 546//546 939//939 534//534
f 546//546 534//534 537//537
f 535//535 536//536 254//254
f 254//254 536//536 534//534
f 536//536 537//537 534//534
f 8//8 528//528 549//549
f 549//549 528//528 579//579
f 931//931 539//539 21//21
f 508//508 539//539 931//931
f 21//21 541//541 540//540
f 540//540 530//530 931//931
f 541//541 530//530 540//540
f 21//21 544//544 541//541
f 544//544 19//19 541//541
f 541//541 19//19 932//932
f 541//541 932//932 530//530
f 17//17 579//579 528//528
f 257//257 531//531 942//942
f 942//942 531//531 936//936
f 25//25 548//548 547//547
f 548//548 24//24 542//542
f 547//547 542//542 16//16
f 548//548 542//542 547//547
f 18//18 25//25 547//547
f 526//526 547//547 16//16
f 18//18 547//547 526//526
f 536//536 535//535 538//538
f 538//538 537//537 536//536
f 16//16 944//944 508//508
f 562//562 537//537 538//538
f 23//23 527//527 19//19
f 23//23 19//19 544//544
f 955//955 954//954 259//259
f 937//937 954//954 955//955
f 36//36 549//549 579//579
f 945//945 943//943 539//539
f 945//945 539//539 508//508
f 539//539 543//543 544//544
f 539//539 544//544 21//21
f 543//543 539//539 947//947
f 943//943 946//946 539//539
f 946//946 947//947 539//539
f 527//527 23//23 22//22
f 258//258 949//949 952//952
f 949//949 18//18 925//925
f 952//952 925//925 938//938
f 949//949 925//925 952//952
f 537//537 981//981 546//546
f 36//36 562//562 538//538
f 543//543 23//23 544//544
f 28//28 22//22 23//23
f 28//28 23//23 543//543
f 937//937 955//955 35//35
f 939//939 546//546 928//928
f 546//546 938//938 928//928
f 938//938 546//546 570//570
f 546//546 981//981 570//570
f 950//950 258//258 952//952
f 950//950 952//952 938//938
f 946//946 943//943 945//945
f 550//550 947//947 946//946
f 550//550 26//26 947//947
f 259//259 28//28 967//967
f 955//955 967//967 35//35
f 259//259 967//967 955//955
f 17//17 948//948 579//579
f 545//545 578//578 948//948
f 20//20 578//578 545//545
f 942//942 20//20 257//257
f 938//938 570//570 950//950
f 570//570 977//977 951//951
f 950//950 951//951 258//258
f 570//570 951//951 950//950
f 563//563 562//562 36//36
f 945//945 550//550 946//946
f 27//27 957//957 956//956
f 957//957 262//262 959//959
f 956//956 959//959 260//260
f 957//957 959//959 956//956
f 25//25 268//268 976//976
f 548//548 976//976 24//24
f 25//25 976//976 548//548
f 962//962 552//552 550//550
f 550//550 551//551 26//26
f 552//552 551//551 550//550
f 543//543 575//575 28//28
f 35//35 942//942 937//937
f 942//942 936//936 937//937
f 27//27 958//958 957//957
f 957//957 958//958 262//262
f 263//263 960//960 27//27
f 960//960 29//29 958//958
f 960//960 958//958 27//27
f 573//573 942//942 35//35
f 34//34 262//262 958//958
f 559//559 958//958 29//29
f 34//34 958//958 559//559
f 20//20 942//942 573//573
f 944//944 945//945 508//508
f 575//575 543//543 947//947
f 550//550 553//553 963//963
f 963//963 557//557 32//32
f 553//553 557//557 963//963
f 947//947 31//31 575//575
f 552//552 555//555 551//551
f 555//555 31//31 554//554
f 551//551 554//554 26//26
f 555//555 554//554 551//551
f 962//962 550//550 963//963
f 33//33 558//558 263//263
f 558//558 29//29 960//960
f 558//558 960//960 263//263
f 264//264 261//261 961//961
f 578//578 20//20 573//573
f 977//977 570//570 580//580
f 570//570 981//981 580//580
f 571//571 550//550 945//945
f 571//571 945//945 944//944
f 24//24 976//976 266//266
f 976//976 268//268 978//978
f 976//976 978//978 266//266
f 563//563 941//941 564//564
f 941//941 256//256 940//940
f 564//564 940//940 30//30
f 941//941 940//940 564//564
f 30//30 940//940 970//970
f 940//940 256//256 973//973
f 970//970 973//973 267//267
f 940//940 973//973 970//970
f 556//556 31//31 555//555
f 556//556 555//555 552//552
f 962//962 556//556 552//552
f 963//963 265//265 962//962
f 31//31 556//556 575//575
f 556//556 962//962 576//576
f 575//575 576//576 41//41
f 556//556 576//576 575//575
f 32//32 39//39 964//964
f 963//963 964//964 265//265
f 32//32 964//964 963//963
f 265//265 964//964 965//965
f 964//964 39//39 577//577
f 965//965 577//577 41//41
f 964//964 577//577 965//965
f 33//33 560//560 558//558
f 560//560 34//34 559//559
f 558//558 559//559 29//29
f 560//560 559//559 558//558
f 573//573 35//35 561//561
f 961//961 561//561 264//264
f 961//961 261//261 966//966
f 961//961 966//966 561//561
f 261//261 969//969 966//966
f 561//561 966//966 573//573
f 966//966 969//969 968//968
f 573//573 968//968 40//40
f 966//966 968//968 573//573
f 35//35 967//967 271//271
f 563//563 564//564 574//574
f 564//564 30//30 565//565
f 574//574 565//565 974//974
f 564//564 565//565 574//574
f 974//974 565//565 566//566
f 565//565 30//30 567//567
f 566//566 567//567 971//971
f 565//565 567//567 566//566
f 567//567 30//30 970//970
f 971//971 970//970 267//267
f 567//567 970//970 971//971
f 574//574 974//974 975//975
f 267//267 38//38 971//971
f 38//38 974//974 566//566
f 38//38 566//566 971//971
f 579//579 972//972 36//36
f 38//38 267//267 972//972
f 38//38 972//972 579//579
f 32//32 569//569 979//979
f 569//569 37//37 980//980
f 979//979 980//980 269//269
f 569//569 980//980 979//979
f 553//553 568//568 557//557
f 568//568 37//37 569//569
f 557//557 569//569 32//32
f 568//568 569//569 557//557
f 553//553 571//571 568//568
f 571//571 39//39 572//572
f 568//568 572//572 37//37
f 571//571 572//572 568//568
f 28//28 575//575 967//967
f 981//981 537//537 562//562
f 270//270 983//983 984//984
f 983//983 266//266 978//978
f 984//984 978//978 268//268
f 983//983 978//978 984//984
f 579//579 591//591 38//38
f 571//571 553//553 550//550
f 575//575 271//271 967//967
f 562//562 563//563 574//574
f 562//562 574//574 975//975
f 974//974 583//583 975//975
f 575//575 42//42 585//585
f 271//271 575//575 585//585
f 571//571 41//41 577//577
f 571//571 577//577 39//39
f 41//41 571//571 582//582
f 582//582 992//992 42//42
f 571//571 992//992 582//582
f 41//41 582//582 575//575
f 582//582 42//42 575//575
f 579//579 948//948 578//578
f 578//578 573//573 985//985
f 271//271 585//585 40//40
f 270//270 984//984 982//982
f 984//984 268//268 977//977
f 984//984 977//977 982//982
f 974//974 38//38 583//583
f 581//581 580//580 583//583
f 580//580 975//975 583//583
f 591//591 584//584 38//38
f 579//579 578//578 591//591
f 40//40 985//985 573//573
f 981//981 562//562 580//580
f 562//562 975//975 580//580
f 977//977 580//580 594//594
f 584//584 581//581 583//583
f 581//581 584//584 580//580
f 988//988 591//591 985//985
f 985//985 591//591 578//578
f 985//985 986//986 988//988
f 40//40 986//986 985//985
f 586//586 270//270 982//982
f 594//594 586//586 982//982
f 594//594 982//982 977//977
f 586//586 571//571 944//944
f 38//38 584//584 583//583
f 586//586 992//992 571//571
f 42//42 587//587 585//585
f 587//587 43//43 588//588
f 585//585 588//588 987//987
f 587//587 588//588 585//585
f 44//44 987//987 589//589
f 987//987 588//588 589//589
f 588//588 43//43 590//590
f 589//589 590//590 44//44
f 588//588 590//590 589//589
f 42//42 992//992 50//50
f 601//601 987//987 54//54
f 585//585 987//987 601//601
f 585//585 986//986 40//40
f 585//585 601//601 986//986
f 986//986 601//601 273//273
f 50//50 596//596 595//595
f 596//596 44//44 590//590
f 595//595 590//590 43//43
f 596//596 590//590 595//595
f 54//54 991//991 992//992
f 991//991 44//44 596//596
f 992//992 596//596 50//50
f 991//991 596//596 992//992
f 591//591 988//988 45//45
f 986//986 592//592 988//988
f 273//273 592//592 986//986
f 580//580 584//584 594//594
f 594//594 584//584 48//48
f 599//599 992//992 586//586
f 584//584 593//593 48//48
f 586//586 594//594 599//599
f 599//599 594//594 49//49
f 594//594 48//48 49//49
f 992//992 599//599 272//272
f 592//592 597//597 988//988
f 47//47 592//592 273//273
f 51//51 591//591 45//45
f 45//45 988//988 597//597
f 592//592 47//47 597//597
f 597//597 598//598 45//45
f 47//47 598//598 597//597
f 593//593 49//49 48//48
f 584//584 49//49 593//593
f 591//591 600//600 584//584
f 584//584 600//600 49//49
f 599//599 617//617 272//272
f 617//617 599//599 53//53
f 600//600 53//53 599//599
f 600//600 599//599 49//49
f 610//610 591//591 51//51
f 601//601 46//46 602//602
f 52//52 51//51 598//598
f 51//51 45//45 598//598
f 273//273 989//989 997//997
f 47//47 994//994 598//598
f 601//601 989//989 273//273
f 617//617 53//53 55//55
f 617//617 992//992 272//272
f 602//602 46//46 605//605
f 52//52 632//632 51//51
f 52//52 598//598 603//603
f 603//603 604//604 998//998
f 598//598 604//604 603//603
f 632//632 52//52 275//275
f 602//602 989//989 601//601
f 993//993 989//989 602//602
f 994//994 604//604 598//598
f 613//613 989//989 993//993
f 995//995 604//604 994//994
f 997//997 989//989 613//613
f 53//53 600//600 606//606
f 600//600 990//990 607//607
f 606//606 607//607 57//57
f 600//600 607//607 606//606
f 608//608 274//274 57//57
f 55//55 274//274 608//608
f 600//600 591//591 990//990
f 992//992 617//617 635//635
f 69//69 610//610 51//51
f 647//647 601//601 54//54
f 601//601 619//619 46//46
f 602//602 605//605 56//56
f 1010//1010 602//602 627//627
f 602//602 56//56 627//627
f 611//611 993//993 602//602
f 602//602 1010//1010 611//611
f 638//638 632//632 275//275
f 604//604 995//995 999//999
f 998//998 999//999 1000//1000
f 604//604 999//999 998//998
f 613//613 996//996 997//997
f 999//999 995//995 615//615
f 997//997 996//996 645//645
f 995//995 1001//1001 615//615
f 1001//1001 60//60 615//615
f 616//616 57//57 607//607
f 616//616 607//607 990//990
f 609//609 990//990 591//591
f 990//990 609//609 616//616
f 57//57 616//616 608//608
f 608//608 616//616 55//55
f 609//609 591//591 610//610
f 626//626 610//610 69//69
f 54//54 992//992 647//647
f 632//632 1018//1018 51//51
f 619//619 56//56 605//605
f 619//619 605//605 46//46
f 67//67 56//56 619//619
f 618//618 619//619 61//61
f 67//67 619//619 618//618
f 56//56 1002//1002 627//627
f 632//632 638//638 631//631
f 1010//1010 1007//1007 611//611
f 621//621 611//611 1007//1007
f 622//622 58//58 613//613
f 611//611 613//613 993//993
f 622//622 613//613 611//611
f 622//622 611//611 621//621
f 622//622 621//621 62//62
f 622//622 1015//1015 58//58
f 614//614 613//613 612//612
f 58//58 612//612 613//613
f 614//614 996//996 613//613
f 612//612 58//58 59//59
f 612//612 59//59 614//614
f 59//59 58//58 64//64
f 64//64 996//996 59//59
f 59//59 996//996 614//614
f 1000//1000 615//615 60//60
f 999//999 615//615 1000//1000
f 638//638 275//275 1004//1004
f 65//65 625//625 1001//1001
f 625//625 60//60 1001//1001
f 1005//1005 1001//1001 995//995
f 65//65 1001//1001 1006//1006
f 1006//1006 1005//1005 276//276
f 1001//1001 1005//1005 1006//1006
f 609//609 635//635 617//617
f 616//616 617//617 55//55
f 609//609 617//617 616//616
f 992//992 646//646 647//647
f 647//647 61//61 619//619
f 618//618 61//61 629//629
f 618//618 629//629 67//67
f 628//628 285//285 627//627
f 620//620 280//280 1011//1011
f 620//620 1011//1011 1012//1012
f 1008//1008 1013//1013 277//277
f 279//279 1013//1013 1008//1008
f 277//277 279//279 1008//1008
f 280//280 620//620 1012//1012
f 1009//1009 84//84 1010//1010
f 285//285 1009//1009 627//627
f 627//627 1009//1009 1010//1010
f 284//284 1009//1009 285//285
f 1002//1002 628//628 627//627
f 1010//1010 62//62 621//621
f 1010//1010 621//621 1007//1007
f 278//278 281//281 1014//1014
f 278//278 1014//1014 63//63
f 281//281 630//630 1014//1014
f 1014//1014 630//630 63//63
f 622//622 624//624 1003//1003
f 622//622 1003//1003 1015//1015
f 624//624 1015//1015 1003//1003
f 622//622 62//62 623//623
f 624//624 623//623 64//64
f 622//622 623//623 624//624
f 286//286 1020//1020 1019//1019
f 1020//1020 64//64 623//623
f 1019//1019 623//623 62//62
f 1020//1020 623//623 1019//1019
f 1018//1018 632//632 1017//1017
f 282//282 996//996 1022//1022
f 996//996 64//64 1022//1022
f 639//639 282//282 1022//1022
f 996//996 639//639 645//645
f 282//282 639//639 996//996
f 65//65 634//634 625//625
f 634//634 68//68 633//633
f 625//625 633//633 60//60
f 634//634 633//633 625//625
f 283//283 60//60 633//633
f 1016//1016 633//633 68//68
f 283//283 633//633 1016//1016
f 276//276 1025//1025 1006//1006
f 1025//1025 287//287 1023//1023
f 1006//1006 1023//1023 65//65
f 1025//1025 1023//1023 1006//1006
f 609//609 610//610 66//66
f 66//66 1026//1026 609//609
f 609//609 1026//1026 635//635
f 619//619 601//601 647//647
f 647//647 288//288 61//61
f 1028//1028 288//288 647//647
f 81//81 51//51 1018//1018
f 288//288 1029//1029 1027//1027
f 1029//1029 67//67 629//629
f 1027//1027 629//629 61//61
f 1029//1029 629//629 1027//1027
f 69//69 51//51 81//81
f 637//637 1009//1009 284//284
f 304//304 1009//1009 637//637
f 63//63 630//630 286//286
f 630//630 281//281 1021//1021
f 630//630 1021//1021 286//286
f 1018//1018 1017//1017 74//74
f 281//281 1043//1043 1021//1021
f 1043//1043 293//293 1044//1044
f 1021//1021 1044//1044 286//286
f 1043//1043 1044//1044 1021//1021
f 286//286 1022//1022 1020//1020
f 1020//1020 1022//1022 64//64
f 632//632 631//631 1017//1017
f 638//638 74//74 1017//1017
f 1017//1017 631//631 638//638
f 70//70 639//639 1022//1022
f 1004//1004 643//643 638//638
f 290//290 1033//1033 1034//1034
f 1033//1033 287//287 1025//1025
f 1034//1034 1025//1025 276//276
f 1033//1033 1025//1025 1034//1034
f 66//66 80//80 1026//1026
f 626//626 69//69 81//81
f 288//288 1031//1031 1029//1029
f 1029//1029 83//83 67//67
f 1031//1031 83//83 1029//1029
f 288//288 1028//1028 1031//1031
f 1028//1028 73//73 1030//1030
f 1031//1031 1030//1030 83//83
f 1028//1028 1030//1030 1031//1031
f 642//642 285//285 628//628
f 642//642 628//628 636//636
f 1032//1032 84//84 1009//1009
f 1032//1032 1009//1009 304//304
f 641//641 642//642 636//636
f 74//74 638//638 643//643
f 283//283 1016//1016 289//289
f 1016//1016 68//68 640//640
f 1016//1016 640//640 289//289
f 643//643 1004//1004 289//289
f 289//289 640//640 651//651
f 651//651 640//640 71//71
f 70//70 645//645 639//639
f 287//287 1033//1033 1024//1024
f 1024//1024 1033//1033 72//72
f 68//68 1037//1037 653//653
f 653//653 1039//1039 86//86
f 1037//1037 1039//1039 653//653
f 75//75 644//644 290//290
f 644//644 72//72 1033//1033
f 644//644 1033//1033 290//290
f 68//68 653//653 640//640
f 653//653 86//86 654//654
f 640//640 654//654 71//71
f 653//653 654//654 640//640
f 80//80 1058//1058 1026//1026
f 635//635 646//646 992//992
f 1137//1137 1028//1028 647//647
f 73//73 649//649 1030//1030
f 82//82 1069//1069 660//660
f 1069//1069 73//73 1028//1028
f 660//660 1028//1028 1137//1137
f 1069//1069 1028//1028 660//660
f 649//649 83//83 1030//1030
f 628//628 1002//1002 636//636
f 1040//1040 636//636 1002//1002
f 636//636 1040//1040 641//641
f 1070//1070 641//641 1040//1040
f 284//284 642//642 637//637
f 304//304 637//637 685//685
f 304//304 1042//1042 1032//1032
f 1032//1032 1041//1041 84//84
f 1042//1042 1041//1041 1032//1032
f 286//286 1044//1044 1022//1022
f 1022//1022 1044//1044 70//70
f 70//70 1044//1044 294//294
f 1044//1044 293//293 1047//1047
f 1044//1044 1047//1047 294//294
f 74//74 643//643 669//669
f 669//669 643//643 98//98
f 76//76 79//79 1049//1049
f 76//76 1049//1049 1048//1048
f 297//297 1055//1055 75//75
f 1055//1055 72//72 644//644
f 1055//1055 644//644 75//75
f 658//658 86//86 1039//1039
f 1038//1038 1039//1039 1037//1037
f 658//658 1039//1039 1038//1038
f 297//297 1057//1057 1055//1055
f 1057//1057 1081//1081 1054//1054
f 1055//1055 1054//1054 72//72
f 1057//1057 1054//1054 1055//1055
f 292//292 1035//1035 1050//1050
f 1035//1035 76//76 1048//1048
f 1050//1050 1048//1048 1049//1049
f 1035//1035 1048//1048 1050//1050
f 295//295 1053//1053 1051//1051
f 1052//1052 1051//1051 1053//1053
f 295//295 1051//1051 1052//1052
f 76//76 78//78 652//652
f 76//76 652//652 79//79
f 292//292 1036//1036 1035//1035
f 1036//1036 78//78 76//76
f 1036//1036 76//76 1035//1035
f 77//77 88//88 291//291
f 296//296 1073//1073 1074//1074
f 77//77 291//291 656//656
f 77//77 656//656 88//88
f 1038//1038 657//657 658//658
f 635//635 1026//1026 646//646
f 705//705 610//610 659//659
f 646//646 677//677 647//647
f 610//610 626//626 91//91
f 647//647 677//677 89//89
f 626//626 90//90 91//91
f 81//81 90//90 626//626
f 1062//1062 1063//1063 1064//1064
f 1062//1062 1064//1064 1061//1061
f 1061//1061 1063//1063 1062//1062
f 706//706 1137//1137 647//647
f 93//93 660//660 1060//1060
f 1060//1060 660//660 1137//1137
f 648//648 649//649 73//73
f 1097//1097 73//73 1069//1069
f 1066//1066 82//82 1065//1065
f 1065//1065 298//298 1066//1066
f 82//82 1066//1066 663//663
f 663//663 298//298 94//94
f 1066//1066 298//298 663//663
f 662//662 94//94 1067//1067
f 662//662 1067//1067 1068//1068
f 1070//1070 650//650 641//641
f 641//641 650//650 642//642
f 642//642 650//650 637//637
f 650//650 667//667 685//685
f 650//650 685//685 637//637
f 649//649 1070//1070 83//83
f 1070//1070 649//649 666//666
f 666//666 648//648 96//96
f 649//649 648//648 666//666
f 1095//1095 1097//1097 1096//1096
f 1096//1096 1069//1069 82//82
f 1097//1097 1069//1069 1096//1096
f 96//96 667//667 666//666
f 666//666 650//650 1070//1070
f 667//667 650//650 666//666
f 82//82 663//663 1096//1096
f 663//663 94//94 664//664
f 1096//1096 664//664 1095//1095
f 663//663 664//664 1096//1096
f 1071//1071 81//81 1018//1018
f 691//691 81//81 1071//1071
f 84//84 1041//1041 668//668
f 668//668 1042//1042 97//97
f 1041//1041 1042//1042 668//668
f 84//84 668//668 316//316
f 668//668 97//97 687//687
f 668//668 687//687 316//316
f 718//718 698//698 304//304
f 304//304 698//698 97//97
f 304//304 685//685 718//718
f 105//105 1046//1046 1045//1045
f 1046//1046 294//294 1047//1047
f 1045//1045 1047//1047 293//293
f 1046//1046 1047//1047 1045//1045
f 105//105 1072//1072 1046//1046
f 1046//1046 1073//1073 294//294
f 1072//1072 1073//1073 1046//1046
f 643//643 289//289 682//682
f 682//682 289//289 670//670
f 682//682 98//98 643//643
f 289//289 651//651 670//670
f 670//670 71//71 85//85
f 651//651 71//71 670//670
f 296//296 1074//1074 1080//1080
f 1074//1074 1073//1073 1080//1080
f 71//71 654//654 1075//1075
f 654//654 86//86 1076//1076
f 1075//1075 1076//1076 299//299
f 654//654 1076//1076 1075//1075
f 296//296 1080//1080 300//300
f 87//87 1079//1079 655//655
f 655//655 652//652 78//78
f 1079//1079 652//652 655//655
f 652//652 1079//1079 79//79
f 297//297 1056//1056 1057//1057
f 1057//1057 671//671 1081//1081
f 1056//1056 671//671 1057//1057
f 1079//1079 301//301 79//79
f 1056//1056 300//300 671//671
f 301//301 1079//1079 87//87
f 1081//1081 671//671 305//305
f 99//99 1077//1077 86//86
f 1077//1077 299//299 1076//1076
f 1077//1077 1076//1076 86//86
f 658//658 1098//1098 86//86
f 1099//1099 658//658 657//657
f 610//610 80//80 66//66
f 646//646 1026//1026 1058//1058
f 1058//1058 80//80 1059//1059
f 672//672 1059//1059 101//101
f 1058//1058 1059//1059 672//672
f 1058//1058 672//672 646//646
f 1082//1082 659//659 610//610
f 659//659 1082//1082 674//674
f 678//678 610//610 91//91
f 677//677 309//309 675//675
f 675//675 89//89 677//677
f 91//91 679//679 678//678
f 1060//1060 1085//1085 93//93
f 1137//1137 1085//1085 1060//1060
f 1084//1084 1083//1083 92//92
f 1086//1086 1083//1083 1084//1084
f 1086//1086 1084//1084 92//92
f 1120//1120 90//90 81//81
f 1089//1089 1088//1088 1090//1090
f 1089//1089 1090//1090 1087//1087
f 1087//1087 1088//1088 1089//1089
f 91//91 90//90 1092//1092
f 303//303 302//302 1093//1093
f 1094//1094 303//303 1093//1093
f 1094//1094 1093//1093 302//302
f 310//310 303//303 1094//1094
f 93//93 661//661 660//660
f 310//310 1094//1094 1104//1104
f 1094//1094 302//302 689//689
f 1104//1104 689//689 112//112
f 1094//1094 689//689 1104//1104
f 664//664 95//95 1095//1095
f 94//94 662//662 664//664
f 662//662 1068//1068 665//665
f 664//664 665//665 95//95
f 662//662 665//665 664//664
f 661//661 1068//1068 660//660
f 660//660 1068//1068 82//82
f 1120//1120 81//81 1118//1118
f 1068//1068 661//661 665//665
f 661//661 680//680 665//665
f 680//680 686//686 665//665
f 686//686 1095//1095 95//95
f 686//686 95//95 665//665
f 680//680 661//661 93//93
f 685//685 667//667 1095//1095
f 110//110 685//685 686//686
f 685//685 1095//1095 686//686
f 74//74 669//669 1106//1106
f 669//669 98//98 1107//1107
f 1106//1106 1107//1107 311//311
f 669//669 1107//1107 1106//1106
f 105//105 681//681 1072//1072
f 681//681 104//104 1080//1080
f 1072//1072 1080//1080 1073//1073
f 681//681 1080//1080 1072//1072
f 1099//1099 1098//1098 658//658
f 683//683 305//305 671//671
f 671//671 300//300 683//683
f 1099//1099 657//657 100//100
f 116//116 1078//1078 695//695
f 1078//1078 299//299 1077//1077
f 695//695 1077//1077 99//99
f 1078//1078 1077//1077 695//695
f 305//305 683//683 684//684
f 684//684 683//683 317//317
f 100//100 1098//1098 1099//1099
f 137//137 646//646 673//673
f 646//646 672//672 673//673
f 610//610 306//306 80//80
f 705//705 306//306 610//610
f 705//705 659//659 674//674
f 674//674 1082//1082 610//610
f 610//610 678//678 674//674
f 308//308 1111//1111 313//313
f 108//108 676//676 307//307
f 676//676 309//309 307//307
f 677//677 1102//1102 309//309
f 1102//1102 677//677 741//741
f 1111//1111 107//107 313//313
f 107//107 1111//1111 1103//1103
f 1111//1111 308//308 1103//1103
f 721//721 647//647 89//89
f 706//706 647//647 721//721
f 676//676 1200//1200 1158//1158
f 675//675 1158//1158 89//89
f 676//676 1158//1158 675//675
f 675//675 309//309 676//676
f 314//314 309//309 1102//1102
f 314//314 1102//1102 741//741
f 1091//1091 91//91 1092//1092
f 679//679 91//91 1091//1091
f 679//679 744//744 678//678
f 1120//1120 1118//1118 318//318
f 691//691 109//109 1118//1118
f 691//691 1118//1118 81//81
f 110//110 718//718 685//685
f 687//687 111//111 316//316
f 698//698 111//111 687//687
f 698//698 687//687 97//97
f 682//682 326//326 98//98
f 106//106 326//326 682//682
f 321//321 311//311 1107//1107
f 321//321 1107//1107 98//98
f 118//118 701//701 699//699
f 701//701 115//115 694//694
f 699//699 694//694 104//104
f 701//701 694//694 699//699
f 323//323 1134//1134 1132//1132
f 1134//1134 300//300 1080//1080
f 1132//1132 1080//1080 104//104
f 1134//1134 1080//1080 1132//1132
f 105//105 700//700 681//681
f 700//700 118//118 699//699
f 681//681 699//699 104//104
f 700//700 699//699 681//681
f 85//85 682//682 670//670
f 300//300 1134//1134 683//683
f 1134//1134 317//317 683//683
f 116//116 695//695 1109//1109
f 695//695 99//99 1109//1109
f 682//682 85//85 324//324
f 1110//1110 305//305 684//684
f 306//306 705//705 1100//1100
f 1100//1100 688//688 1150//1150
f 705//705 688//688 1100//1100
f 674//674 102//102 705//705
f 103//103 1117//1117 674//674
f 1117//1117 102//102 674//674
f 103//103 1113//1113 1112//1112
f 108//108 103//103 674//674
f 678//678 108//108 674//674
f 676//676 1159//1159 1200//1200
f 679//679 1091//1091 744//744
f 744//744 1091//1091 731//731
f 112//112 693//693 1104//1104
f 693//693 113//113 1105//1105
f 1104//1104 1105//1105 310//310
f 693//693 1105//1105 1104//1104
f 320//320 1127//1127 1126//1126
f 1127//1127 110//110 686//686
f 1126//1126 686//686 680//680
f 1127//1127 686//686 1126//1126
f 109//109 691//691 690//690
f 690//690 691//691 1123//1123
f 1123//1123 691//691 724//724
f 322//322 1130//1130 1131//1131
f 1130//1130 118//118 1108//1108
f 1131//1131 1108//1108 312//312
f 1130//1130 1108//1108 1131//1131
f 317//317 1110//1110 684//684
f 99//99 1136//1136 1109//1109
f 1136//1136 325//325 1147//1147
f 1109//1109 1147//1147 116//116
f 1136//1136 1147//1147 1109//1109
f 121//121 1147//1147 325//325
f 306//306 1100//1100 1101//1101
f 1100//1100 1150//1150 1101//1101
f 688//688 705//705 1151//1151
f 1150//1150 1151//1151 1167//1167
f 688//688 1151//1151 1150//1150
f 673//673 728//728 729//729
f 673//673 729//729 137//137
f 102//102 1117//1117 130//130
f 1117//1117 103//103 130//130
f 131//131 1114//1114 1115//1115
f 1114//1114 1116//1116 1115//1115
f 333//333 1155//1155 1157//1157
f 1155//1155 103//103 1112//1112
f 1157//1157 1112//1112 1113//1113
f 1155//1155 1112//1112 1157//1157
f 692//692 1123//1123 1121//1121
f 1123//1123 692//692 690//690
f 692//692 1121//1121 690//690
f 315//315 1125//1125 1122//1122
f 315//315 1122//1122 319//319
f 319//319 1122//1122 1125//1125
f 1121//1121 708//708 690//690
f 708//708 122//122 707//707
f 690//690 707//707 109//109
f 708//708 707//707 690//690
f 320//320 1128//1128 1127//1127
f 1127//1127 114//114 110//110
f 1128//1128 114//114 1127//1127
f 122//122 1123//1123 724//724
f 1124//1124 122//122 708//708
f 1124//1124 708//708 1121//1121
f 1071//1071 111//111 724//724
f 1071//1071 724//724 691//691
f 117//117 724//724 697//697
f 697//697 724//724 111//111
f 126//126 717//717 716//716
f 717//717 117//117 697//697
f 716//716 697//697 111//111
f 717//717 697//697 716//716
f 111//111 698//698 716//716
f 716//716 1142//1142 126//126
f 698//698 1142//1142 716//716
f 118//118 1130//1130 702//702
f 702//702 322//322 119//119
f 1130//1130 322//322 702//702
f 106//106 127//127 1140//1140
f 106//106 1140//1140 326//326
f 682//682 324//324 106//106
f 1135//1135 106//106 324//324
f 1134//1134 323//323 1133//1133
f 1134//1134 1133//1133 317//317
f 106//106 1135//1135 734//734
f 734//734 1135//1135 726//726
f 1135//1135 720//720 726//726
f 1133//1133 1240//1240 317//317
f 116//116 1147//1147 331//331
f 1135//1135 324//324 1141//1141
f 101//101 1153//1153 696//696
f 1153//1153 332//332 1154//1154
f 696//696 1154//1154 728//728
f 1153//1153 1154//1154 696//696
f 672//672 101//101 696//696
f 673//673 696//696 728//728
f 672//672 696//696 673//673
f 1152//1152 1167//1167 1151//1151
f 1152//1152 1151//1151 705//705
f 147//147 730//730 130//130
f 730//730 102//102 130//130
f 102//102 730//730 705//705
f 1159//1159 676//676 108//108
f 1138//1138 1137//1137 706//706
f 732//732 731//731 1091//1091
f 1139//1139 1091//1091 1092//1092
f 732//732 1091//1091 1139//1139
f 109//109 722//722 1118//1118
f 722//722 132//132 1119//1119
f 1118//1118 1119//1119 318//318
f 722//722 1119//1119 1118//1118
f 113//113 693//693 710//710
f 693//693 112//112 709//709
f 710//710 709//709 124//124
f 693//693 709//709 710//710
f 318//318 1119//1119 328//328
f 1119//1119 132//132 1145//1145
f 1119//1119 1145//1145 328//328
f 117//117 715//715 724//724
f 715//715 760//760 724//724
f 126//126 725//725 717//717
f 717//717 133//133 117//117
f 725//725 133//133 717//717
f 698//698 718//718 1142//1142
f 119//119 703//703 702//702
f 703//703 115//115 701//701
f 702//702 701//701 118//118
f 703//703 701//701 702//702
f 327//327 719//719 106//106
f 106//106 719//719 127//127
f 734//734 719//719 327//327
f 703//703 120//120 115//115
f 128//128 120//120 703//703
f 128//128 703//703 119//119
f 127//127 329//329 1140//1140
f 326//326 1140//1140 330//330
f 1140//1140 329//329 1146//1146
f 1140//1140 1146//1146 330//330
f 1135//1135 1141//1141 129//129
f 1135//1135 129//129 727//727
f 720//720 727//727 135//135
f 1135//1135 727//727 720//720
f 1148//1148 331//331 1147//1147
f 1148//1148 1147//1147 121//121
f 704//704 1148//1148 121//121
f 1168//1168 1152//1152 152//152
f 1152//1152 705//705 152//152
f 705//705 730//730 152//152
f 768//768 646//646 137//137
f 677//677 646//646 768//768
f 130//130 103//103 1155//1155
f 130//130 1155//1155 333//333
f 108//108 678//678 1159//1159
f 1159//1159 744//744 1200//1200
f 678//678 744//744 1159//1159
f 1139//1139 1138//1138 732//732
f 731//731 732//732 755//755
f 109//109 707//707 722//722
f 707//707 122//122 723//723
f 722//722 723//723 132//132
f 707//707 723//723 722//722
f 113//113 710//710 711//711
f 710//710 124//124 714//714
f 711//711 714//714 125//125
f 710//710 714//714 711//711
f 122//122 724//724 723//723
f 723//723 724//724 132//132
f 718//718 110//110 1142//1142
f 114//114 712//712 123//123
f 712//712 125//125 713//713
f 712//712 713//713 123//123
f 125//125 712//712 1129//1129
f 712//712 114//114 1128//1128
f 1129//1129 1128//1128 320//320
f 712//712 1128//1128 1129//1129
f 1142//1142 110//110 1144//1144
f 1143//1143 745//745 746//746
f 745//745 123//123 713//713
f 746//746 713//713 125//125
f 745//745 713//713 746//746
f 138//138 133//133 725//725
f 733//733 725//725 126//126
f 138//138 725//725 733//733
f 127//127 719//719 134//134
f 719//719 734//734 134//134
f 335//335 330//330 1146//1146
f 106//106 734//734 327//327
f 727//727 129//129 136//136
f 1148//1148 1149//1149 331//331
f 704//704 1149//1149 1148//1148
f 704//704 1171//1171 1149//1149
f 1171//1171 337//337 1173//1173
f 1149//1149 1173//1173 331//331
f 1171//1171 1173//1173 1149//1149
f 334//334 331//331 1173//1173
f 1174//1174 1173//1173 337//337
f 334//334 1173//1173 1174//1174
f 1210//1210 132//132 724//724
f 1144//1144 1143//1143 1142//1142
f 1143//1143 762//762 1142//1142
f 1161//1161 760//760 715//715
f 126//126 1142//1142 775//775
f 339//339 1178//1178 1177//1177
f 1178//1178 138//138 733//733
f 1177//1177 733//733 126//126
f 1178//1178 733//733 1177//1177
f 329//329 1163//1163 1146//1146
f 1146//1146 1162//1162 335//335
f 1163//1163 1162//1162 1146//1146
f 134//134 734//734 1164//1164
f 739//739 1163//1163 1164//1164
f 1165//1165 726//726 720//720
f 1165//1165 720//720 135//135
f 135//135 1166//1166 1165//1165
f 1166//1166 738//738 1165//1165
f 135//135 727//727 336//336
f 727//727 136//136 1169//1169
f 727//727 1169//1169 336//336
f 740//740 334//334 1174//1174
f 1172//1172 1174//1174 337//337
f 740//740 1174//1174 1172//1172
f 1154//1154 332//332 728//728
f 735//735 1167//1167 1152//1152
f 735//735 1152//1152 1168//1168
f 130//130 333//333 1156//1156
f 342//342 131//131 742//742
f 754//754 742//742 143//143
f 342//342 742//742 754//754
f 1116//1116 143//143 742//742
f 1115//1115 742//742 131//131
f 1116//1116 742//742 1115//1115
f 1201//1201 1200//1200 744//744
f 1202//1202 144//144 1160//1160
f 731//731 743//743 744//744
f 706//706 784//784 1138//1138
f 760//760 1210//1210 724//724
f 760//760 1216//1216 1210//1210
f 1161//1161 1216//1216 760//760
f 140//140 762//762 139//139
f 1142//1142 762//762 140//140
f 1162//1162 1163//1163 739//739
f 1162//1162 739//739 335//335
f 726//726 1165//1165 736//736
f 726//726 736//736 734//734
f 736//736 1164//1164 734//734
f 323//323 1184//1184 1133//1133
f 1181//1181 335//335 737//737
f 1165//1165 738//738 736//736
f 141//141 739//739 736//736
f 736//736 739//739 1164//1164
f 1133//1133 1184//1184 340//340
f 728//728 1167//1167 729//729
f 147//147 152//152 730//730
f 147//147 130//130 753//753
f 753//753 130//130 1156//1156
f 152//152 147//147 347//347
f 741//741 768//768 143//143
f 741//741 677//677 768//768
f 154//154 755//755 759//759
f 759//759 732//732 1138//1138
f 755//755 732//732 759//759
f 124//124 747//747 714//714
f 747//747 145//145 748//748
f 714//714 748//748 125//125
f 747//747 748//748 714//714
f 145//145 749//749 748//748
f 749//749 1143//1143 746//746
f 748//748 746//746 125//125
f 749//749 746//746 748//748
f 1212//1212 1187//1187 1188//1188
f 1187//1187 328//328 1145//1145
f 1188//1188 1145//1145 132//132
f 1187//1187 1145//1145 1188//1188
f 1210//1210 1176//1176 132//132
f 1142//1142 140//140 775//775
f 139//139 762//762 149//149
f 762//762 763//763 149//149
f 750//750 140//140 139//139
f 750//750 149//149 776//776
f 750//750 776//776 140//140
f 335//335 739//739 737//737
f 737//737 739//739 142//142
f 142//142 1181//1181 737//737
f 736//736 751//751 141//141
f 738//738 751//751 736//736
f 323//323 1183//1183 1184//1184
f 1184//1184 1182//1182 340//340
f 1183//1183 1182//1182 1184//1184
f 141//141 751//751 756//756
f 1169//1169 1170//1170 336//336
f 136//136 1170//1170 1169//1169
f 1219//1219 738//738 1166//1166
f 344//344 1197//1197 1196//1196
f 334//334 740//740 1270//1270
f 338//338 1175//1175 1186//1186
f 1175//1175 146//146 1185//1185
f 1186//1186 1185//1185 341//341
f 1175//1175 1185//1185 1186//1186
f 735//735 1168//1168 152//152
f 346//346 137//137 729//729
f 143//143 768//768 754//754
f 768//768 349//349 754//754
f 148//148 744//744 743//743
f 148//148 743//743 1296//1296
f 743//743 731//731 1296//1296
f 762//762 1143//1143 749//749
f 762//762 749//749 145//145
f 145//145 761//761 762//762
f 339//339 1179//1179 1178//1178
f 1178//1178 1189//1189 138//138
f 1179//1179 1189//1189 1178//1178
f 1189//1189 1179//1179 1227//1227
f 750//750 139//139 149//149
f 149//149 763//763 776//776
f 763//763 163//163 776//776
f 1191//1191 142//142 739//739
f 1190//1190 739//739 141//141
f 1191//1191 739//739 1190//1190
f 756//756 751//751 150//150
f 150//150 772//772 1192//1192
f 772//772 151//151 1191//1191
f 1192//1192 1191//1191 1190//1190
f 772//772 1191//1191 1192//1192
f 142//142 1191//1191 757//757
f 757//757 1191//1191 151//151
f 350//350 1193//1193 1182//1182
f 1182//1182 343//343 340//340
f 1193//1193 343//343 1182//1182
f 1183//1183 1204//1204 1182//1182
f 1204//1204 351//351 1218//1218
f 1182//1182 1218//1218 350//350
f 1204//1204 1218//1218 1182//1182
f 344//344 1195//1195 1197//1197
f 1197//1197 156//156 1196//1196
f 1195//1195 156//156 1197//1197
f 1219//1219 1166//1166 356//356
f 1172//1172 752//752 740//740
f 740//740 765//765 1270//1270
f 752//752 765//765 740//740
f 1133//1133 1243//1243 1240//1240
f 345//345 777//777 752//752
f 345//345 752//752 1172//1172
f 1156//1156 353//353 753//753
f 782//782 349//349 168//168
f 754//754 349//349 782//782
f 349//349 781//781 1199//1199
f 781//781 168//168 1198//1198
f 1199//1199 1198//1198 348//348
f 781//781 1198//1198 1199//1199
f 783//783 168//168 781//781
f 783//783 781//781 349//349
f 1199//1199 348//348 349//349
f 758//758 158//158 342//342
f 1201//1201 769//769 399//399
f 744//744 769//769 1201//1201
f 1202//1202 153//153 144//144
f 784//784 706//706 721//721
f 1138//1138 789//789 759//759
f 1188//1188 132//132 1176//1176
f 1212//1212 1176//1176 155//155
f 1188//1188 1176//1176 1212//1212
f 762//762 761//761 763//763
f 339//339 1180//1180 1179//1179
f 1180//1180 1293//1293 771//771
f 1179//1179 771//771 1227//1227
f 1180//1180 771//771 1179//1179
f 163//163 775//775 776//776
f 775//775 140//140 776//776
f 375//375 1258//1258 1262//1262
f 1258//1258 1293//1293 1180//1180
f 1262//1262 1180//1180 339//339
f 1258//1258 1180//1180 1262//1262
f 751//751 1219//1219 150//150
f 738//738 1219//1219 751//751
f 752//752 777//777 765//765
f 766//766 157//157 352//352
f 347//347 767//767 152//152
f 767//767 785//785 735//735
f 785//785 1206//1206 735//735
f 1206//1206 346//346 729//729
f 735//735 729//729 1167//1167
f 1206//1206 729//729 735//735
f 1206//1206 395//395 346//346
f 767//767 735//735 152//152
f 758//758 342//342 754//754
f 758//758 754//754 782//782
f 789//789 154//154 759//759
f 1138//1138 784//784 789//789
f 789//789 784//784 1291//1291
f 1214//1214 354//354 1213//1213
f 1216//1216 1161//1161 1215//1215
f 763//763 764//764 169//169
f 764//764 763//763 761//761
f 770//770 374//374 1211//1211
f 169//169 163//163 763//763
f 1219//1219 357//357 772//772
f 1219//1219 772//772 150//150
f 772//772 357//357 773//773
f 772//772 773//773 151//151
f 1243//1243 1133//1133 340//340
f 1193//1193 1194//1194 343//343
f 350//350 1194//1194 1193//1193
f 355//355 350//350 1218//1218
f 1195//1195 344//344 1220//1220
f 1220//1220 156//156 1195//1195
f 357//357 1219//1219 356//356
f 352//352 1205//1205 766//766
f 1205//1205 160//160 766//766
f 365//365 160//160 1205//1205
f 365//365 1205//1205 352//352
f 1221//1221 1250//1250 1222//1222
f 1221//1221 1222//1222 359//359
f 1250//1250 1221//1221 359//359
f 160//160 779//779 766//766
f 766//766 166//166 157//157
f 779//779 166//166 766//766
f 785//785 767//767 187//187
f 785//785 390//390 1206//1206
f 361//361 1223//1223 1224//1224
f 1223//1223 176//176 1207//1207
f 1224//1224 1207//1207 353//353
f 1223//1223 1207//1207 1224//1224
f 353//353 1207//1207 753//753
f 1207//1207 176//176 794//794
f 753//753 794//794 147//147
f 1207//1207 794//794 753//753
f 782//782 168//168 786//786
f 782//782 786//786 758//758
f 744//744 148//148 769//769
f 1160//1160 373//373 1253//1253
f 1202//1202 1253//1253 153//153
f 1160//1160 1253//1253 1202//1202
f 1296//1296 731//731 1208//1208
f 392//392 154//154 789//789
f 1210//1210 1209//1209 1176//1176
f 1176//1176 159//159 155//155
f 1209//1209 159//159 1176//1176
f 362//362 354//354 1214//1214
f 362//362 1214//1214 1213//1213
f 770//770 1211//1211 159//159
f 1209//1209 179//179 770//770
f 1209//1209 770//770 159//159
f 375//375 1259//1259 1258//1258
f 1259//1259 1293//1293 1258//1258
f 1228//1228 151//151 773//773
f 358//358 1230//1230 1231//1231
f 357//357 1228//1228 773//773
f 358//358 1231//1231 1229//1229
f 1231//1231 1230//1230 1229//1229
f 363//363 1245//1245 1232//1232
f 1232//1232 1203//1203 351//351
f 1245//1245 1203//1203 1232//1232
f 351//351 1203//1203 1218//1218
f 1203//1203 1245//1245 1217//1217
f 1218//1218 1217//1217 355//355
f 1203//1203 1217//1217 1218//1218
f 355//355 1217//1217 1246//1246
f 1246//1246 1245//1245 363//363
f 1217//1217 1245//1245 1246//1246
f 366//366 1241//1241 1236//1236
f 1236//1236 1242//1242 367//367
f 1241//1241 1242//1242 1236//1236
f 371//371 364//364 1247//1247
f 364//364 774//774 1247//1247
f 1247//1247 774//774 371//371
f 1237//1237 1240//1240 1244//1244
f 1237//1237 1244//1244 369//369
f 1237//1237 386//386 1240//1240
f 369//369 161//161 1281//1281
f 1237//1237 1281//1281 1287//1287
f 369//369 1281//1281 1237//1237
f 1243//1243 369//369 1244//1244
f 1243//1243 1244//1244 1240//1240
f 340//340 369//369 1243//1243
f 376//376 1263//1263 1264//1264
f 1263//1263 164//164 1248//1248
f 1264//1264 1248//1248 1249//1249
f 1263//1263 1248//1248 1264//1264
f 1248//1248 164//164 1233//1233
f 1248//1248 1233//1233 1249//1249
f 765//765 777//777 1270//1270
f 366//366 1236//1236 1234//1234
f 1236//1236 367//367 1235//1235
f 1234//1234 1235//1235 360//360
f 1236//1236 1235//1235 1234//1234
f 779//779 1238//1238 166//166
f 160//160 1238//1238 779//779
f 386//386 1237//1237 1286//1286
f 1237//1237 1287//1287 780//780
f 1237//1237 780//780 1286//1286
f 1275//1275 1274//1274 1251//1251
f 372//372 1274//1274 1275//1275
f 372//372 1275//1275 1251//1251
f 390//390 395//395 1206//1206
f 768//768 1316//1316 783//783
f 768//768 783//783 349//349
f 810//810 758//758 786//786
f 1223//1223 795//795 176//176
f 361//361 795//795 1223//1223
f 810//810 791//791 758//758
f 791//791 158//158 758//758
f 174//174 1296//1296 1208//1208
f 1216//1216 1215//1215 1209//1209
f 1216//1216 1209//1209 1210//1210
f 179//179 1209//1209 796//796
f 764//764 761//761 1226//1226
f 1227//1227 771//771 389//389
f 1256//1256 770//770 179//179
f 374//374 770//770 1256//1256
f 171//171 374//374 1256//1256
f 1225//1225 1256//1256 179//179
f 171//171 1256//1256 1225//1225
f 1299//1299 764//764 1226//1226
f 790//790 162//162 764//764
f 169//169 764//764 162//162
f 162//162 790//790 1295//1295
f 164//164 1263//1263 376//376
f 1272//1272 379//379 1252//1252
f 1271//1271 1252//1252 165//165
f 1272//1272 1252//1252 1271//1271
f 165//165 1252//1252 379//379
f 345//345 377//377 777//777
f 778//778 378//378 1266//1266
f 778//778 1265//1265 378//378
f 1266//1266 1265//1265 778//778
f 381//381 380//380 1267//1267
f 381//381 1267//1267 1268//1268
f 1267//1267 380//380 1268//1268
f 379//379 1269//1269 1273//1273
f 377//377 1270//1270 777//777
f 1269//1269 379//379 1272//1272
f 1273//1273 1272//1272 1271//1271
f 1269//1269 1272//1272 1273//1273
f 368//368 1239//1239 1276//1276
f 1239//1239 167//167 1276//1276
f 1277//1277 384//384 1279//1279
f 1277//1277 1279//1279 368//368
f 167//167 1239//1239 1278//1278
f 1239//1239 368//368 1279//1279
f 1278//1278 1279//1279 384//384
f 1239//1239 1279//1279 1278//1278
f 385//385 1282//1282 383//383
f 382//382 383//383 1282//1282
f 382//382 1282//1282 385//385
f 1285//1285 1284//1284 1286//1286
f 1284//1284 167//167 1278//1278
f 1286//1286 1278//1278 384//384
f 1284//1284 1278//1278 1286//1286
f 384//384 1280//1280 1286//1286
f 1280//1280 386//386 1286//1286
f 1286//1286 780//780 1285//1285
f 1287//1287 1281//1281 161//161
f 370//370 1283//1283 1288//1288
f 1283//1283 387//387 1289//1289
f 1288//1288 1289//1289 388//388
f 1283//1283 1289//1289 1288//1288
f 153//153 1253//1253 787//787
f 1253//1253 373//373 1254//1254
f 787//787 1254//1254 170//170
f 1253//1253 1254//1254 787//787
f 788//788 170//170 1254//1254
f 788//788 1254//1254 373//373
f 789//789 1291//1291 1290//1290
f 796//796 1215//1215 389//389
f 796//796 1209//1209 1215//1215
f 1257//1257 172//172 1292//1292
f 1292//1292 1255//1255 1257//1257
f 1255//1255 172//172 1257//1257
f 1298//1298 1299//1299 1226//1226
f 1299//1299 1300//1300 764//764
f 1294//1294 1318//1318 1261//1261
f 1295//1295 1261//1261 375//375
f 1294//1294 1261//1261 1295//1295
f 1300//1300 799//799 764//764
f 799//799 173//173 790//790
f 799//799 790//790 764//764
f 1260//1260 1259//1259 375//375
f 1293//1293 1259//1259 1260//1260
f 792//792 771//771 1293//1293
f 389//389 771//771 792//792
f 158//158 791//791 391//391
f 786//786 168//168 783//783
f 786//786 783//783 177//177
f 1296//1296 769//769 148//148
f 1303//1303 1290//1290 1291//1291
f 789//789 1290//1290 1303//1303
f 392//392 789//789 1303//1303
f 1298//1298 799//799 1299//1299
f 792//792 803//803 796//796
f 792//792 796//796 389//389
f 799//799 1300//1300 1299//1299
f 173//173 175//175 793//793
f 790//790 793//793 1295//1295
f 173//173 793//793 790//790
f 1301//1301 394//394 1306//1306
f 175//175 173//173 799//799
f 1306//1306 1307//1307 1301//1301
f 1307//1307 394//394 1301//1301
f 810//810 1302//1302 791//791
f 1302//1302 391//391 791//791
f 1291//1291 784//784 1303//1303
f 1303//1303 784//784 406//406
f 1296//1296 174//174 802//802
f 171//171 1225//1225 393//393
f 1225//1225 179//179 1305//1305
f 1225//1225 1305//1305 393//393
f 186//186 792//792 809//809
f 809//809 792//792 1293//1293
f 803//803 792//792 186//186
f 1293//1293 1260//1260 797//797
f 1260//1260 375//375 1261//1261
f 797//797 1261//1261 1318//1318
f 1260//1260 1261//1261 797//797
f 1309//1309 810//810 786//786
f 1309//1309 786//786 177//177
f 1302//1302 810//810 397//397
f 361//361 184//184 807//807
f 795//795 807//807 176//176
f 361//361 807//807 795//795
f 189//189 1323//1323 1324//1324
f 1323//1323 391//391 1302//1302
f 1324//1324 1302//1302 397//397
f 1323//1323 1302//1302 1324//1324
f 1309//1309 190//190 810//810
f 1311//1311 1324//1324 397//397
f 189//189 1324//1324 1311//1311
f 721//721 1297//1297 784//784
f 1310//1310 178//178 396//396
f 170//170 788//788 396//396
f 788//788 373//373 1310//1310
f 788//788 1310//1310 396//396
f 178//178 1310//1310 801//801
f 1310//1310 373//373 800//800
f 801//801 800//800 181//181
f 1310//1310 800//800 801//801
f 784//784 1297//1297 798//798
f 183//183 392//392 1303//1303
f 1313//1313 1303//1303 406//406
f 183//183 1303//1303 1313//1313
f 796//796 803//803 182//182
f 793//793 175//175 805//805
f 137//137 1316//1316 768//768
f 821//821 177//177 783//783
f 821//821 783//783 1316//1316
f 1296//1296 399//399 769//769
f 183//183 1313//1313 406//406
f 402//402 1322//1322 1320//1320
f 1322//1322 401//401 802//802
f 1320//1320 802//802 174//174
f 1322//1322 802//802 1320//1320
f 796//796 806//806 179//179
f 179//179 1314//1314 1305//1305
f 1305//1305 1304//1304 393//393
f 1314//1314 1304//1304 1305//1305
f 796//796 182//182 806//806
f 799//799 1298//1298 180//180
f 393//393 1304//1304 1315//1315
f 1304//1304 1314//1314 1315//1315
f 175//175 799//799 808//808
f 799//799 180//180 808//808
f 1294//1294 1295//1295 793//793
f 1294//1294 793//793 805//805
f 805//805 1319//1319 1294//1294
f 1319//1319 1344//1344 1318//1318
f 1319//1319 1318//1318 1294//1294
f 1293//1293 797//797 809//809
f 797//797 1318//1318 804//804
f 797//797 804//804 809//809
f 398//398 176//176 807//807
f 1331//1331 807//807 184//184
f 398//398 807//807 1331//1331
f 1309//1309 177//177 190//190
f 821//821 404//404 177//177
f 399//399 1296//1296 1329//1329
f 1317//1317 400//400 1312//1312
f 784//784 798//798 406//406
f 1329//1329 802//802 401//401
f 182//182 817//817 806//806
f 1314//1314 180//180 1315//1315
f 175//175 1308//1308 837//837
f 837//837 1308//1308 403//403
f 805//805 175//175 837//837
f 178//178 801//801 813//813
f 801//801 181//181 814//814
f 813//813 814//814 191//191
f 801//801 814//814 813//813
f 802//802 1329//1329 1296//1296
f 1321//1321 1322//1322 402//402
f 401//401 1322//1322 1321//1321
f 179//179 819//819 1314//1314
f 820//820 803//803 186//186
f 803//803 817//817 182//182
f 806//806 817//817 823//823
f 808//808 403//403 1308//1308
f 808//808 1308//1308 175//175
f 1319//1319 805//805 1344//1344
f 819//819 403//403 808//808
f 347//347 812//812 767//767
f 767//767 1356//1356 811//811
f 812//812 1356//1356 767//767
f 405//405 398//398 1331//1331
f 185//185 400//400 1317//1317
f 185//185 1317//1317 1312//1312
f 399//399 1329//1329 824//824
f 1314//1314 819//819 180//180
f 808//808 180//180 819//819
f 767//767 811//811 187//187
f 1326//1326 1316//1316 188//188
f 1333//1333 404//404 822//822
f 822//822 404//404 1328//1328
f 822//822 1328//1328 198//198
f 184//184 1327//1327 1331//1331
f 178//178 813//813 407//407
f 813//813 191//191 1325//1325
f 813//813 1325//1325 407//407
f 1321//1321 1330//1330 1329//1329
f 1321//1321 1329//1329 401//401
f 402//402 816//816 1321//1321
f 826//826 1321//1321 816//816
f 1330//1330 1321//1321 826//826
f 803//803 820//820 817//817
f 820//820 830//830 817//817
f 823//823 817//817 818//818
f 818//818 817//817 830//830
f 186//186 809//809 197//197
f 809//809 804//804 197//197
f 187//187 811//811 192//192
f 1328//1328 404//404 821//821
f 1333//1333 822//822 198//198
f 191//191 824//824 1325//1325
f 825//825 1329//1329 196//196
f 1329//1329 815//815 1332//1332
f 815//815 1329//1329 1330//1330
f 806//806 819//819 179//179
f 823//823 819//819 806//806
f 820//820 186//186 1343//1343
f 830//830 820//820 1343//1343
f 199//199 405//405 1331//1331
f 199//199 1331//1331 1327//1327
f 404//404 1333//1333 1355//1355
f 1333//1333 842//842 1355//1355
f 824//824 1329//1329 825//825
f 825//825 196//196 848//848
f 1329//1329 1332//1332 196//196
f 1325//1325 824//824 825//825
f 1325//1325 825//825 193//193
f 193//193 1335//1335 1325//1325
f 1325//1325 408//408 407//407
f 1335//1335 408//408 1325//1325
f 798//798 430//430 406//406
f 823//823 818//818 819//819
f 818//818 414//414 819//819
f 819//819 194//194 403//403
f 811//811 1340//1340 827//827
f 811//811 827//827 192//192
f 827//827 413//413 192//192
f 195//195 1328//1328 1326//1326
f 1326//1326 821//821 1316//1316
f 1328//1328 821//821 1326//1326
f 848//848 193//193 825//825
f 815//815 1330//1330 845//845
f 845//845 1332//1332 815//815
f 221//221 430//430 798//798
f 1330//1330 826//826 844//844
f 826//826 816//816 844//844
f 414//414 836//836 819//819
f 1344//1344 837//837 1393//1393
f 805//805 837//837 1344//1344
f 828//828 827//827 1340//1340
f 413//413 827//827 828//828
f 1339//1339 1326//1326 188//188
f 845//845 1330//1330 844//844
f 845//845 844//844 215//215
f 215//215 846//846 845//845
f 846//846 196//196 1332//1332
f 846//846 1332//1332 845//845
f 194//194 819//819 205//205
f 1340//1340 811//811 203//203
f 1326//1326 1339//1339 195//195
f 811//811 1356//1356 851//851
f 1356//1356 812//812 851//851
f 1334//1334 1333//1333 198//198
f 1334//1334 198//198 1354//1354
f 193//193 839//839 1335//1335
f 839//839 212//212 1336//1336
f 1335//1335 1336//1336 408//408
f 839//839 1336//1336 1335//1335
f 196//196 438//438 848//848
f 212//212 798//798 1297//1297
f 829//829 1341//1341 852//852
f 200//200 409//409 1371//1371
f 200//200 1371//1371 1388//1388
f 409//409 200//200 1338//1338
f 1338//1338 200//200 202//202
f 1340//1340 1351//1351 828//828
f 1351//1351 413//413 828//828
f 811//811 851//851 203//203
f 833//833 1352//1352 203//203
f 1352//1352 833//833 1367//1367
f 1334//1334 842//842 1333//1333
f 857//857 869//869 1339//1339
f 869//869 198//198 1328//1328
f 1339//1339 1328//1328 195//195
f 869//869 1328//1328 1339//1339
f 842//842 1334//1334 1354//1354
f 215//215 844//844 1358//1358
f 844//844 816//816 1357//1357
f 844//844 1357//1357 1358//1358
f 829//829 1342//1342 1341//1341
f 1342//1342 213//213 1341//1341
f 414//414 818//818 830//830
f 202//202 200//200 1388//1388
f 1372//1372 423//423 415//415
f 1345//1345 832//832 1362//1362
f 1345//1345 1362//1362 418//418
f 1345//1345 418//418 1346//1346
f 1345//1345 1346//1346 832//832
f 410//410 1347//1347 207//207
f 409//409 1337//1337 201//201
f 202//202 831//831 1338//1338
f 831//831 201//201 1337//1337
f 1338//1338 1337//1337 409//409
f 831//831 1337//1337 1338//1338
f 1364//1364 1363//1363 1361//1361
f 1364//1364 1361//1361 1365//1365
f 1365//1365 1363//1363 1364//1364
f 420//420 1360//1360 416//416
f 417//417 416//416 1360//1360
f 417//417 1360//1360 420//420
f 419//419 835//835 206//206
f 421//421 424//424 1375//1375
f 425//425 421//421 1375//1375
f 425//425 1375//1375 424//424
f 202//202 1388//1388 426//426
f 841//841 1393//1393 194//194
f 841//841 194//194 205//205
f 204//204 1339//1339 188//188
f 422//422 1367//1367 1370//1370
f 1370//1370 833//833 858//858
f 1367//1367 833//833 1370//1370
f 221//221 798//798 212//212
f 819//819 836//836 205//205
f 836//836 414//414 834//834
f 1373//1373 1372//1372 415//415
f 423//423 1372//1372 1373//1373
f 1347//1347 840//840 207//207
f 410//410 840//840 1347//1347
f 1377//1377 1378//1378 1376//1376
f 208//208 1378//1378 1377//1377
f 206//206 835//835 1379//1379
f 835//835 419//419 1379//1379
f 208//208 1377//1377 1376//1376
f 426//426 1388//1388 1371//1371
f 1381//1381 1382//1382 1374//1374
f 1381//1381 1374//1374 1380//1380
f 1380//1380 1382//1382 1381//1381
f 411//411 1349//1349 1348//1348
f 1349//1349 210//210 838//838
f 1348//1348 838//838 209//209
f 1349//1349 838//838 1348//1348
f 1392//1392 434//434 427//427
f 1383//1383 1350//1350 411//411
f 428//428 1350//1350 1383//1383
f 432//432 1390//1390 1389//1389
f 1390//1390 429//429 1384//1384
f 1389//1389 1384//1384 412//412
f 1390//1390 1384//1384 1389//1389
f 194//194 1393//1393 837//837
f 194//194 837//837 403//403
f 431//431 411//411 1350//1350
f 431//431 1350//1350 428//428
f 411//411 1348//1348 1383//1383
f 1383//1383 209//209 428//428
f 1348//1348 209//209 1383//1383
f 204//204 856//856 1339//1339
f 856//856 1406//1406 857//857
f 856//856 857//857 1339//1339
f 858//858 833//833 851//851
f 833//833 203//203 851//851
f 851//851 220//220 858//858
f 422//422 1370//1370 1368//1368
f 1370//1370 858//858 1366//1366
f 1368//1368 1366//1366 220//220
f 1370//1370 1366//1366 1368//1368
f 843//843 211//211 1355//1355
f 843//843 1355//1355 842//842
f 851//851 812//812 1385//1385
f 848//848 437//437 193//193
f 193//193 1398//1398 839//839
f 1398//1398 437//437 1399//1399
f 839//839 1399//1399 212//212
f 1398//1398 1399//1399 839//839
f 218//218 854//854 1359//1359
f 854//854 215//215 1358//1358
f 1359//1359 1358//1358 1357//1357
f 854//854 1358//1358 1359//1359
f 443//443 847//847 221//221
f 847//847 430//430 221//221
f 218//218 852//852 853//853
f 853//853 1341//1341 213//213
f 852//852 1341//1341 853//853
f 213//213 855//855 853//853
f 855//855 219//219 865//865
f 853//853 865//865 218//218
f 855//855 865//865 853//853
f 1396//1396 1394//1394 1395//1395
f 1396//1396 1395//1395 1386//1386
f 1386//1386 1394//1394 1396//1396
f 1387//1387 1391//1391 433//433
f 436//436 1391//1391 1387//1387
f 434//434 1392//1392 214//214
f 1392//1392 427//427 214//214
f 841//841 435//435 1393//1393
f 436//436 1387//1387 433//433
f 435//435 841//841 834//834
f 834//834 841//841 836//836
f 836//836 841//841 205//205
f 422//422 1368//1368 1369//1369
f 1368//1368 220//220 876//876
f 1369//1369 876//876 228//228
f 1368//1368 876//876 1369//1369
f 869//869 226//226 198//198
f 224//224 862//862 1353//1353
f 1353//1353 842//842 1354//1354
f 862//862 842//842 1353//1353
f 212//212 1399//1399 849//849
f 1399//1399 437//437 849//849
f 848//848 216//216 1397//1397
f 449//449 215//215 854//854
f 865//865 854//854 218//218
f 449//449 854//854 865//865
f 222//222 848//848 438//438
f 443//443 1401//1401 847//847
f 851//851 859//859 850//850
f 860//860 226//226 869//869
f 860//860 869//869 857//857
f 881//881 444//444 226//226
f 212//212 849//849 221//221
f 1400//1400 222//222 438//438
f 1400//1400 439//439 222//222
f 222//222 216//216 848//848
f 217//217 439//439 1400//1400
f 442//442 1408//1408 438//438
f 1408//1408 217//217 1400//1400
f 1408//1408 1400//1400 438//438
f 847//847 1404//1404 430//430
f 861//861 1401//1401 443//443
f 859//859 851//851 1385//1385
f 1406//1406 860//860 857//857
f 1418//1418 216//216 863//863
f 1397//1397 864//864 848//848
f 848//848 864//864 437//437
f 221//221 849//849 864//864
f 849//849 437//437 864//864
f 216//216 222//222 863//863
f 1418//1418 864//864 216//216
f 864//864 1397//1397 216//216
f 1412//1412 222//222 439//439
f 1402//1402 439//439 217//217
f 1402//1402 217//217 1408//1408
f 1401//1401 223//223 847//847
f 223//223 1404//1404 847//847
f 1401//1401 861//861 223//223
f 220//220 851//851 850//850
f 1423//1423 888//888 889//889
f 888//888 204//204 875//875
f 889//889 875//875 228//228
f 888//888 875//875 889//889
f 204//204 888//888 856//856
f 888//888 1423//1423 856//856
f 850//850 859//859 893//893
f 1385//1385 867//867 859//859
f 859//859 867//867 1413//1413
f 227//227 1403//1403 870//870
f 1403//1403 439//439 1402//1402
f 870//870 1402//1402 1408//1408
f 1403//1403 1402//1402 870//870
f 1412//1412 439//439 447//447
f 227//227 870//870 873//873
f 870//870 1408//1408 872//872
f 870//870 872//872 873//873
f 222//222 1412//1412 863//863
f 223//223 1407//1407 1405//1405
f 1405//1405 1407//1407 441//441
f 1408//1408 442//442 872//872
f 1407//1407 223//223 861//861
f 1407//1407 861//861 1409//1409
f 221//221 898//898 443//443
f 874//874 441//441 1407//1407
f 874//874 1407//1407 1409//1409
f 877//877 220//220 850//850
f 228//228 876//876 877//877
f 876//876 220//220 877//877
f 440//440 446//446 1411//1411
f 440//440 1411//1411 1410//1410
f 850//850 887//887 877//877
f 842//842 879//879 843//843
f 879//879 229//229 878//878
f 843//843 878//878 211//211
f 879//879 878//878 843//843
f 867//867 1416//1416 1415//1415
f 1385//1385 1416//1416 867//867
f 842//842 862//862 879//879
f 862//862 224//224 880//880
f 879//879 880//880 229//229
f 862//862 880//880 879//879
f 1418//1418 882//882 864//864
f 882//882 225//225 864//864
f 1418//1418 863//863 1426//1426
f 225//225 871//871 864//864
f 864//864 871//871 221//221
f 874//874 232//232 441//441
f 866//866 865//865 219//219
f 449//449 865//865 866//866
f 1423//1423 1406//1406 856//856
f 868//868 867//867 1415//1415
f 1413//1413 867//867 868//868
f 1414//1414 859//859 1413//1413
f 893//893 859//859 1414//1414
f 446//446 1410//1410 1411//1411
f 1413//1413 868//868 1415//1415
f 445//445 444//444 881//881
f 449//449 866//866 885//885
f 885//885 219//219 230//230
f 866//866 219//219 885//885
f 873//873 872//872 886//886
f 873//873 886//886 447//447
f 447//447 1419//1419 873//873
f 873//873 448//448 227//227
f 1419//1419 448//448 873//873
f 1409//1409 861//861 884//884
f 861//861 443//443 883//883
f 884//884 883//883 231//231
f 861//861 883//883 884//884
f 466//466 443//443 898//898
f 228//228 877//877 890//890
f 887//887 850//850 893//893
f 890//890 1423//1423 889//889
f 890//890 889//889 228//228
f 1415//1415 1414//1414 1413//1413
f 229//229 880//880 1427//1427
f 880//880 224//224 894//894
f 1427//1427 894//894 234//234
f 880//880 894//894 1427//1427
f 452//452 1430//1430 1428//1428
f 1430//1430 445//445 1428//1428
f 1412//1412 447//447 863//863
f 871//871 898//898 221//221
f 886//886 872//872 442//442
f 448//448 1419//1419 447//447
f 863//863 447//447 886//886
f 232//232 874//874 892//892
f 874//874 1409//1409 884//884
f 892//892 884//884 231//231
f 874//874 884//884 892//892
f 235//235 449//449 885//885
f 890//890 469//469 1423//1423
f 887//887 890//890 877//877
f 469//469 890//890 887//887
f 1415//1415 1416//1416 233//233
f 1416//1416 1385//1385 1417//1417
f 1416//1416 1417//1417 233//233
f 1427//1427 1417//1417 229//229
f 886//886 1426//1426 863//863
f 442//442 1420//1420 886//886
f 230//230 450//450 1422//1422
f 885//885 1422//1422 235//235
f 230//230 1422//1422 885//885
f 886//886 1420//1420 900//900
f 886//886 900//900 1426//1426
f 232//232 892//892 450//450
f 469//469 887//887 902//902
f 1423//1423 909//909 1406//1406
f 1423//1423 469//469 909//909
f 1414//1414 1415//1415 233//233
f 887//887 233//233 1417//1417
f 225//225 882//882 1424//1424
f 1424//1424 1418//1418 451//451
f 882//882 1418//1418 1424//1424
f 225//225 1424//1424 891//891
f 1424//1424 451//451 891//891
f 225//225 1425//1425 871//871
f 1425//1425 898//898 871//871
f 235//235 1421//1421 460//460
f 1421//1421 235//235 1422//1422
f 1421//1421 1422//1422 450//450
f 450//450 892//892 1421//1421
f 892//892 231//231 1441//1441
f 1421//1421 1441//1441 460//460
f 892//892 1441//1441 1421//1421
f 1414//1414 887//887 893//893
f 887//887 1414//1414 233//233
f 1427//1427 234//234 1455//1455
f 1427//1427 1455//1455 1417//1417
f 897//897 445//445 881//881
f 897//897 881//881 226//226
f 452//452 1428//1428 1429//1429
f 1428//1428 445//445 897//897
f 1429//1429 897//897 468//468
f 1428//1428 897//897 1429//1429
f 900//900 239//239 1426//1426
f 466//466 898//898 1425//1425
f 1431//1431 1442//1442 236//236
f 454//454 1442//1442 1431//1431
f 1435//1435 455//455 1436//1436
f 1434//1434 1432//1432 237//237
f 456//456 1432//1432 1434//1434
f 236//236 454//454 1431//1431
f 455//455 1435//1435 1433//1433
f 1435//1435 1436//1436 1433//1433
f 237//237 456//456 1434//1434
f 1439//1439 459//459 1437//1437
f 457//457 1440//1440 458//458
f 1439//1439 1438//1438 459//459
f 1437//1437 1438//1438 1439//1439
f 453//453 896//896 895//895
f 1440//1440 1443//1443 458//458
f 457//457 1443//1443 1440//1440
f 1420//1420 453//453 895//895
f 1417//1417 902//902 887//887
f 226//226 240//240 897//897
f 897//897 240//240 468//468
f 1429//1429 1452//1452 452//452
f 468//468 1452//1452 1429//1429
f 1420//1420 895//895 900//900
f 895//895 896//896 900//900
f 1446//1446 896//896 1445//1445
f 1446//1446 1445//1445 1444//1444
f 239//239 900//900 901//901
f 900//900 896//896 901//901
f 899//899 238//238 462//462
f 461//461 1447//1447 463//463
f 1449//1449 464//464 1448//1448
f 1446//1446 1444//1444 901//901
f 1446//1446 901//901 896//896
f 462//462 1450//1450 899//899
f 1450//1450 238//238 899//899
f 465//465 464//464 1449//1449
f 465//465 1449//1449 1448//1448
f 1451//1451 463//463 1447//1447
f 1451//1451 1447//1447 461//461
f 239//239 901//901 1444//1444
f 452//452 1452//1452 467//467
f 242//242 902//902 904//904
f 904//904 902//902 1463//1463
f 1417//1417 1455//1455 902//902
f 902//902 1455//1455 1463//1463
f 1406//1406 909//909 860//860
f 860//860 240//240 226//226
f 909//909 240//240 860//860
f 467//467 1452//1452 468//468
f 241//241 1455//1455 1454//1454
f 1455//1455 234//234 1453//1453
f 1455//1455 1453//1453 1454//1454
f 243//243 240//240 909//909
f 902//902 242//242 903//903
f 902//902 903//903 469//469
f 243//243 909//909 1476//1476
f 241//241 1462//1462 1455//1455
f 1462//1462 478//478 1463//1463
f 1462//1462 1463//1463 1455//1455
f 1458//1458 473//473 1457//1457
f 1458//1458 1457//1457 1456//1456
f 469//469 903//903 1463//1463
f 905//905 1454//1454 1453//1453
f 240//240 1471//1471 468//468
f 473//473 1458//1458 1456//1456
f 242//242 904//904 903//903
f 904//904 1463//1463 903//903
f 907//907 246//246 472//472
f 244//244 471//471 1459//1459
f 470//470 477//477 1461//1461
f 1471//1471 1470//1470 468//468
f 907//907 472//472 244//244
f 244//244 906//906 907//907
f 907//907 245//245 246//246
f 906//906 245//245 907//907
f 471//471 245//245 906//906
f 1459//1459 906//906 244//244
f 471//471 906//906 1459//1459
f 915//915 1460//1460 1467//1467
f 1467//1467 475//475 474//474
f 1460//1460 475//475 1467//1467
f 1461//1461 476//476 470//470
f 477//477 476//476 1461//1461
f 910//910 1466//1466 1465//1465
f 1466//1466 475//475 1460//1460
f 1465//1465 1460//1460 915//915
f 1466//1466 1460//1460 1465//1465
f 240//240 243//243 1476//1476
f 247//247 911//911 248//248
f 1464//1464 1462//1462 241//241
f 478//478 1462//1462 1464//1464
f 905//905 908//908 1454//1454
f 1454//1454 247//247 241//241
f 908//908 247//247 1454//1454
f 247//247 908//908 911//911
f 911//911 905//905 248//248
f 908//908 905//905 911//911
f 481//481 1471//1471 240//240
f 1476//1476 481//481 240//240
f 909//909 469//469 1476//1476
f 910//910 1465//1465 915//915
f 1468//1468 479//479 1469//1469
f 480//480 479//479 1468//1468
f 480//480 1468//1468 1469//1469
f 474//474 913//913 1467//1467
f 913//913 250//250 915//915
f 913//913 915//915 1467//1467
f 1471//1471 1474//1474 1470//1470
f 482//482 249//249 912//912
f 482//482 912//912 474//474
f 1471//1471 481//481 1472//1472
f 1471//1471 1472//1472 1474//1474
f 250//250 913//913 914//914
f 913//913 474//474 912//912
f 914//914 912//912 249//249
f 913//913 912//912 914//914
f 481//481 1473//1473 1472//1472
f 1473//1473 1474//1474 1472//1472
f 469//469 1475//1475 1476//1476
f 250//250 914//914 916//916
f 914//914 249//249 916//916
f 1475//1475 481//481 1476//1476
f 1//1 491//491 1478//1478
f 491//491 1481//1481 1479//1479
f 1478//1478 1479//1479 483//483
f 491//491 1479//1479 1478//1478
f 1484//1484 490//490 1482//1482
f 490//490 5//5 1483//1483
f 490//490 1483//1483 1482//1482
f 5//5 489//489 1487//1487
f 489//489 1//1 1486//1486
f 1487//1487 1486//1486 484//484
f 489//489 1486//1486 1487//1487
f 2//2 490//490 1491//1491
f 490//490 1484//1484 1490//1490
f 490//490 1490//1490 1491//1491
f 3//3 4//4 1494//1494
f 4//4 1477//1477 1493//1493
f 4//4 1493//1493 1494//1494
f 487//487 3//3 486//486
f 2//2 1477//1477 493//493
f 483//483 1480//1480 1478//1478
f 1478//1478 1480//1480 1//1
f 1495//1495 1481//1481 492//492
f 1483//1483 1485//1485 1482//1482
f 1485//1485 1484//1484 1482//1482
f 484//484 1489//1489 1487//1487
f 1489//1489 485//485 1488//1488
f 1487//1487 1488//1488 5//5
f 1489//1489 1488//1488 1487//1487
f 1490//1490 1492//1492 1491//1491
f 1491//1491 1492//1492 2//2
f 1494//1494 1493//1493 3//3
f 486//486 1495//1495 487//487
