# decimated by Tools/decimate_anatomy.py from 10672 triangles (BodyParts3D, CC BY 4.0)
v 0.02933817 0.02140948 0.11700761
v 0.02985964 0.01893596 0.11485847
v 0.02993197 0.01887979 0.10962835
v 0.02591623 0.02337524 0.13504010
v 0.02582232 0.02358987 0.13224801
v 0.02663337 0.02159140 0.12177510
v 0.02740451 0.02104274 0.11444389
v 0.02980891 0.01423354 0.10951479
v 0.02778291 0.01867718 0.15093064
v 0.02784079 0.01825811 0.15092850
v 0.02747476 0.01903862 0.15028055
v 0.02754433 0.01855204 0.15049219
v 0.02661276 0.01975477 0.14951812
v 0.02564077 0.02248531 0.13891654
v 0.02588718 0.02232110 0.13775946
v 0.02424469 0.02361577 0.13366415
v 0.02514874 0.02346697 0.13550038
v 0.02477927 0.02263658 0.12762104
v 0.02738436 0.01790212 0.15100805
v 0.02573633 0.01922283 0.15006253
v 0.02612803 0.01922426 0.15005657
v 0.02604705 0.01975368 0.14918294
v 0.02517260 0.02031536 0.14682080
v 0.02459253 0.02021150 0.14706992
v 0.02462205 0.02079819 0.14533032
v 0.02887321 0.01502552 0.10307237
v 0.02011897 0.00733384 0.08080676
v 0.02755890 0.01343812 0.10819498
v 0.02727291 0.01072680 0.10408026
v 0.01601291 0.00401527 0.07012936
v 0.01871921 0.00735550 0.09710117
v 0.01708195 0.00631851 0.08582529
v 0.01944212 0.00737494 0.08822487
v 0.01760858 0.00605166 0.07434452
v 0.01895411 0.00720519 0.08442817
v 0.01669844 0.00543647 0.07195522
v 0.01602645 0.00390608 0.07043503
v 0.01386138 0.00201017 0.06618007
v 0.00750851 0.01645138 0.10965459
v 0.01334535 0.00292155 0.07085737
v 0.01216635 0.00347965 0.06754512
v 0.01267415 0.00216730 0.06443230
v 0.00772064 0.01544782 0.11482694
v 0.00472876 0.02039322 0.11941343
v 0.00945013 0.00979383 0.10503921
v 0.00742367 0.01782838 0.11166050
v 0.00722760 0.01629241 0.10975734
v 0.00831456 0.01102355 0.10300923
v 0.00839170 0.00937597 0.09718870
v 0.00790817 0.00851443 0.08976434
v 0.01130145 0.00032702 0.06198501
v 0.00998859 -0.00107770 0.06083604
v 0.01003783 -0.00123558 0.06049240
v 0.01190400 0.00280017 0.06556294
v 0.00987886 -0.00128814 0.06062974
v 0.00945808 -0.00177296 0.05982750
v 0.00291600 0.01908159 0.12696742
v 0.00238815 0.02024413 0.12274675
v 0.00940078 -0.00220633 0.06021542
v 0.00924446 -0.00207963 0.06020238
v 0.00126197 0.01767314 0.13622078
v 0.00548272 0.00712910 0.10310298
v 0.00436202 0.00731588 0.06653864
v 0.00384767 0.00594048 0.09740952
v 0.00275726 0.00495603 0.07198586
v 0.00267677 0.00507699 0.07108142
v 0.00120383 0.00628385 0.06461898
v 0.00097533 0.00537280 0.06219471
v 0.00093812 0.00532778 0.06177217
v 0.00115171 0.00396350 0.05734153
v 0.00115971 0.00455695 0.05734400
v 0.00097708 0.01339924 0.14959586
v -0.00112076 0.01761479 0.13654192
v 0.00062974 0.00571086 0.07062015
v -0.00075696 0.01639473 0.13971147
v -0.00138983 0.01652532 0.14029242
v -0.00853638 0.01080566 0.09108858
v -0.00818156 0.01044732 0.08916530
v -0.01380355 0.01618928 0.10649448
v -0.01067668 0.00814274 0.08621004
v -0.00850134 0.00637311 0.06427450
v -0.00869884 0.00374991 0.05889467
v -0.01365649 0.01630199 0.10544220
v -0.01116450 0.00806357 0.07866639
v -0.01198379 0.00771807 0.07483847
v -0.01073218 0.00813011 0.07574541
v -0.01005241 0.00612150 0.06784738
v -0.01151762 0.00755084 0.06556652
v -0.01513045 0.01709705 0.10850094
v -0.01158026 0.00685364 0.09335423
v -0.01306730 0.00620614 0.07925849
v -0.01497029 0.01315472 0.11475990
v -0.01316915 0.00626114 0.07949294
v -0.01313389 0.00625109 0.07902725
v -0.01341964 0.00636500 0.07909503
v -0.01671529 0.01447368 0.11758744
v -0.01981959 0.01699357 0.11614466
v -0.02024591 0.01521498 0.12615401
v -0.01928525 0.01544706 0.12318863
v -0.02179490 0.01347881 0.13470764
v -0.02177258 0.01365564 0.13361216
v -0.02284018 0.01497527 0.12673946
v -0.01810157 -0.00331567 0.05631892
v -0.01841411 -0.00262858 0.05773011
v -0.01785411 -0.00352743 0.05583155
v -0.02178525 0.01231736 0.13755466
v -0.02179512 0.01259047 0.13683122
v -0.02331060 0.01381929 0.13181601
v -0.02105806 -0.00042678 0.06433168
v -0.02140439 -0.00017631 0.06387385
v -0.02009410 -0.00215353 0.06136331
v -0.01957349 -0.00247207 0.06010150
v -0.02015446 -0.00262277 0.05977620
v -0.02058744 -0.00243302 0.06068469
v -0.01861888 -0.00353802 0.05662095
v -0.01838521 -0.00371609 0.05597669
v -0.01887744 -0.00288819 0.05855570
v -0.02440637 0.00509410 0.08868179
v -0.02442815 0.00529134 0.08856942
v -0.02461135 0.00487218 0.08690020
v -0.02172181 -0.00067628 0.06827380
v -0.02152972 -0.00098827 0.06628307
v -0.02254237 0.00063622 0.06638071
v -0.02323684 0.00101450 0.07113930
v -0.02271134 0.00042304 0.06612606
v -0.02227064 0.00038684 0.06604327
v -0.02265582 0.00020485 0.06577374
v -0.02092111 -0.00183551 0.06298890
v -0.02065577 -0.00189649 0.06257787
v -0.02072531 -0.00189380 0.06253485
v -0.02077016 -0.00213213 0.06213548
v -0.02029334 -0.00180396 0.06208905
v -0.02413393 0.01087527 0.14035469
v -0.02405348 0.01103849 0.14056025
v -0.02491616 0.00600253 0.09037390
v -0.02410840 0.00005272 0.07323247
v -0.02676506 0.00422083 0.09482789
v -0.02754931 0.00921384 0.09622856
v -0.02771341 0.00183077 0.08600101
v -0.02602157 0.00276476 0.09765828
v -0.02891460 0.00593663 0.10041609
v -0.02695614 0.00238691 0.09034712
v -0.02654353 0.00129591 0.08178299
v -0.02683394 0.00130662 0.08248285
v -0.02947208 0.00672870 0.10251814
v -0.03548300 0.01075795 0.10483481
v -0.03661671 0.01062805 0.10592177
v -0.03580725 0.00931072 0.10808881
v -0.04093373 0.00735677 0.12085865
v -0.04204643 0.00846817 0.11762453
v -0.04081406 0.00894633 0.11356713
v -0.04151769 0.00650301 0.12297079
v -0.04200794 0.00602687 0.12433136
v -0.04161991 0.00734338 0.12165390
v -0.04208858 0.00534996 0.12713259
v -0.04235054 0.00580467 0.12492099
v -0.04195441 0.00557583 0.12530529
v -0.04322094 0.00465873 0.12630839
v -0.04430554 0.00577497 0.12649103
v 0.02743377 0.02115114 0.11992327
v 0.02759838 0.02248047 0.12261956
v 0.02777144 0.01536728 0.10266188
v 0.02549508 0.02233469 0.12943070
v 0.02564832 0.02250814 0.12913224
v 0.02583918 0.02228492 0.13824549
v 0.02624450 0.02322643 0.12787139
v 0.02569214 0.02272971 0.12058892
v 0.02778481 0.01839182 0.15070844
v 0.02633242 0.01973473 0.14935051
v 0.02626637 0.01992127 0.14921432
v 0.02572028 0.02277122 0.14019652
v 0.02571094 0.02250840 0.13969558
v 0.02420133 0.02383061 0.13254292
v 0.02411086 0.02372687 0.13256441
v 0.02449934 0.02396265 0.12767917
v 0.02681200 0.01782658 0.15105838
v 0.02617446 0.01914438 0.15027536
v 0.02562749 0.01965391 0.14928405
v 0.02603421 0.01926141 0.14987426
v 0.02464878 0.02017921 0.14713211
v 0.02528017 0.02021673 0.14759494
v 0.02448055 0.02022915 0.14748140
v 0.02521036 0.02021988 0.14735635
v 0.02480740 0.02066400 0.14569415
v 0.02467207 0.02073913 0.14530272
v 0.02473259 0.02070846 0.14561909
v 0.02430191 0.01178518 0.09337612
v 0.01955993 0.00741514 0.09703457
v 0.01891177 0.00637484 0.07736053
v 0.01852479 0.00673677 0.09525229
v 0.02029670 0.00828407 0.08846789
v 0.01897443 0.00662779 0.07777302
v 0.01811850 0.00668575 0.09486814
v 0.01726651 0.00621077 0.09093932
v 0.01597496 0.00535336 0.08490670
v 0.01233183 0.00129929 0.06663257
v 0.01324293 0.00415633 0.07204575
v 0.01452698 0.00385209 0.07744864
v 0.00643025 0.01756512 0.11970133
v 0.00729734 0.01877050 0.11285201
v 0.01316024 0.00262198 0.06965693
v 0.01303359 0.00234661 0.06486590
v 0.00731157 0.01544960 0.11441838
v 0.00460191 0.00649608 0.09618538
v 0.00845988 0.00782519 0.08937692
v 0.00332650 0.02042805 0.12102878
v 0.00608131 0.00857589 0.07487566
v 0.00957816 -0.00170668 0.06074614
v 0.01011878 -0.00127510 0.06072184
v 0.00990972 -0.00112476 0.06026300
v 0.01000766 -0.00135344 0.06083175
v 0.01004279 -0.00123107 0.06040454
v 0.00983514 -0.00096913 0.06006582
v 0.00983269 -0.00140226 0.06029447
v 0.00953822 -0.00196283 0.06003577
v 0.00953966 -0.00191054 0.05997053
v 0.00947412 -0.00175847 0.05984227
v 0.00953500 -0.00167161 0.05976626
v 0.00137253 0.01880037 0.13230453
v 0.00010130 0.01958567 0.12857094
v 0.00933047 -0.00219838 0.06019797
v 0.00937926 -0.00192328 0.06012445
v 0.00943274 -0.00187130 0.05991708
v 0.00942545 -0.00184031 0.05988722
v 0.00939644 -0.00188360 0.05989062
v 0.00948185 -0.00176673 0.05982866
v 0.00978387 -0.00182879 0.06101712
v 0.00919071 -0.00216364 0.06003338
v 0.00229989 0.01850631 0.12961782
v 0.00788305 0.01389099 0.11312606
v 0.00550766 0.00629811 0.10254931
v 0.00501002 0.00592399 0.10084798
v 0.00080380 0.01506102 0.14492993
v -0.00002258 0.01919839 0.12912297
v 0.00465169 0.00568579 0.09957146
v 0.00488967 0.00585012 0.10039131
v 0.00218958 0.00625419 0.08429632
v 0.00245821 0.00618423 0.08748934
v 0.00181004 0.00608534 0.08016874
v 0.00207472 0.00604217 0.08113111
v 0.00281010 0.00469923 0.07946295
v 0.00131403 0.00541960 0.06920303
v 0.00121208 0.00600144 0.06163487
v 0.00104515 0.00458041 0.05742932
v 0.00084524 0.01394220 0.14784083
v 0.00112809 0.01749085 0.13757980
v 0.00075253 0.01412621 0.14720482
v 0.00072292 0.00550437 0.06744781
v -0.00141255 0.01313024 0.14926332
v -0.00012202 0.01278730 0.15060207
v -0.00138870 0.01440623 0.14600147
v -0.00119685 0.01260626 0.15074289
v -0.00167018 0.01314260 0.14969805
v -0.01281681 0.01538977 0.10322785
v -0.00979655 0.01202195 0.09489091
v -0.01159520 0.01342066 0.09889922
v -0.01024913 0.00807129 0.07729029
v -0.01013922 0.00832312 0.07768389
v -0.01022738 0.00620263 0.06737077
v -0.00876638 0.00372305 0.05883488
v -0.01044613 0.00641263 0.06216640
v -0.00988025 0.00582411 0.06020852
v -0.01008394 0.01166787 0.08399933
v -0.01062742 0.00801565 0.07776328
v -0.01205056 0.00769077 0.07666937
v -0.01037631 0.00799666 0.07766173
v -0.01083888 0.00793836 0.07734812
v -0.01126073 0.00689848 0.07306397
v -0.01133319 0.00620395 0.07419640
v -0.01224309 0.00593681 0.07835409
v -0.01168513 0.00807892 0.06931896
v -0.01144006 0.00831840 0.06930779
v -0.01163248 0.00785801 0.07035166
v -0.01167687 0.00795897 0.06775525
v -0.01243441 0.01005953 0.10863301
v -0.01047261 0.00666518 0.10106495
v -0.01583905 0.01742038 0.10981989
v -0.01359224 0.01657447 0.10599371
v -0.01087980 0.00876921 0.09516107
v -0.01170166 0.00631108 0.09121949
v -0.01208359 0.00680040 0.07923439
v -0.01210820 0.00634515 0.08622890
v -0.01277938 0.00596635 0.08034213
v -0.01314353 0.00606815 0.08034801
v -0.01249292 0.00608163 0.07932578
v -0.01267350 0.00601185 0.07964087
v -0.01217543 0.00611335 0.07828684
v -0.01308000 0.00621336 0.07920960
v -0.01198701 0.01056558 0.11022974
v -0.01381424 0.00612531 0.08554064
v -0.01396590 0.00582670 0.08632748
v -0.01316212 0.00609822 0.08683536
v -0.01356263 0.00622356 0.08143075
v -0.01291923 0.00600443 0.08034174
v -0.01350342 0.00630828 0.08071576
v -0.01342287 0.00617921 0.07960458
v -0.01307748 0.00610973 0.07916548
v -0.01314632 0.00617661 0.07930548
v -0.01309708 0.00620740 0.07908093
v -0.01336200 0.00616544 0.07908698
v -0.01958568 0.01532276 0.12372332
v -0.01950917 0.01529989 0.12359572
v -0.02027844 0.01684735 0.11709709
v -0.02087291 0.01663430 0.11842398
v -0.02204702 0.01584732 0.12289872
v -0.02291707 0.01487487 0.12729003
v -0.02223754 0.01589202 0.12345871
v -0.02085177 0.00354272 0.07065345
v -0.02221182 0.00376986 0.07667826
v -0.01945418 -0.00183655 0.06119912
v -0.01950031 0.00022539 0.06627937
v -0.01910561 -0.00130818 0.06068738
v -0.01829354 -0.00269953 0.05806445
v -0.01847373 -0.00327128 0.05698461
v -0.01852138 -0.00349722 0.05627007
v -0.02043766 -0.00156597 0.06278728
v -0.01797018 -0.00357727 0.05610950
v -0.01816703 -0.00357757 0.05586219
v -0.02226512 0.01140030 0.14017141
v -0.02181286 0.01196113 0.13860416
v -0.02245248 0.01187795 0.13982119
v -0.02177166 0.01229779 0.13790303
v -0.02196915 0.01249557 0.13745660
v -0.02374367 0.01299509 0.13428063
v -0.02354958 0.01355986 0.13243720
v -0.02333931 0.01459168 0.12948783
v -0.02149733 0.00277772 0.06911086
v -0.02072823 -0.00127640 0.06355394
v -0.02048616 -0.00160015 0.06272412
v -0.02050988 -0.00172465 0.06261130
v -0.02061311 -0.00179722 0.06259721
v -0.02076342 -0.00163583 0.06312700
v -0.01951836 -0.00161414 0.06186408
v -0.01964435 -0.00186641 0.06127143
v -0.01979118 -0.00195881 0.06107192
v -0.01996803 -0.00225136 0.06094684
v -0.02016377 -0.00182651 0.06200541
v -0.02001326 -0.00210090 0.06100435
v -0.02017992 -0.00206995 0.06148232
v -0.01938981 -0.00227031 0.06040970
v -0.01946249 -0.00237276 0.06014025
v -0.01988604 -0.00232428 0.06071902
v -0.02037378 -0.00253155 0.06072849
v -0.02056408 -0.00268661 0.06049552
v -0.01963189 -0.00121397 0.06056914
v -0.01963942 -0.00231927 0.05997910
v -0.01957764 -0.00238823 0.06010840
v -0.01970790 -0.00252766 0.06010538
v -0.02005745 -0.00276975 0.05943170
v -0.01904750 -0.00353336 0.05708307
v -0.01879115 -0.00343765 0.05707115
v -0.02256644 0.01188533 0.13975246
v -0.02415943 0.01128810 0.13939989
v -0.02124685 0.00335492 0.07025933
v -0.02364671 0.00428134 0.08294008
v -0.02324279 0.00404234 0.08100510
v -0.02223888 -0.00062850 0.06842592
v -0.02217870 0.00124165 0.06717331
v -0.02243161 0.00067850 0.06643933
v -0.02253190 0.00049920 0.06618958
v -0.02244903 0.00038965 0.06593713
v -0.02226151 0.00020443 0.06518985
v -0.02258051 0.00047678 0.06612835
v -0.02142131 -0.00107238 0.06555438
v -0.02087517 -0.00182854 0.06293086
v -0.02096547 -0.00193162 0.06294484
v -0.02087152 -0.00203959 0.06256895
v -0.02413790 0.01092371 0.14053065
v -0.02407611 0.01094330 0.14006317
v -0.02535485 0.00366546 0.08909583
v -0.02666578 0.00787288 0.09403323
v -0.02424144 0.00498551 0.08678686
v -0.02201653 -0.00044115 0.06745439
v -0.02757573 0.00507151 0.10060437
v -0.02636379 0.00403076 0.09314504
v -0.02738012 0.00809469 0.09465232
v -0.03349608 0.01043511 0.10245402
v -0.02952256 0.00703690 0.10283959
v -0.02691897 0.00290386 0.09595102
v -0.02766309 0.00172210 0.08540980
v -0.02736907 0.00149998 0.08466457
v -0.03194327 0.01063042 0.10123801
v -0.03320409 0.00862263 0.10584082
v -0.03300893 0.00841737 0.10555844
v -0.03626761 0.01058436 0.10551097
v -0.03675940 0.01072564 0.10635929
v -0.03709021 0.00979245 0.10685631
v -0.04012507 0.00993709 0.11063620
v -0.03927112 0.00924392 0.11355886
v -0.03899808 0.01048981 0.10922132
v -0.03859376 0.00993439 0.10847538
v -0.03933275 0.01033961 0.10937838
v -0.03986817 0.00892501 0.11556694
v -0.04097014 0.00861890 0.11834851
v -0.04182944 0.00627829 0.12303020
v -0.04155619 0.00652440 0.12294218
v -0.04199850 0.00847633 0.11738870
v -0.04165251 0.00635481 0.12287268
v -0.04248299 0.00589553 0.12500076
v -0.04190611 0.00454268 0.12719648
v -0.04293275 0.00544446 0.12649358
v -0.04202080 0.00589174 0.12503548
v -0.04337691 0.00478642 0.12618481
v -0.04325353 0.00461204 0.12613669
v -0.04430272 0.00528629 0.12684952
v -0.04366133 0.00497170 0.12631964
v -0.04445886 0.00554821 0.12677582
v -0.04428748 0.00571895 0.12523644
v -0.04347181 0.00490841 0.12605882
v -0.04465711 0.00549777 0.12649769
v 0.02684239 0.02391947 0.11855539
v 0.02929710 0.02101457 0.11733650
v 0.02878496 0.01972759 0.11653957
v 0.02969115 0.02131990 0.11287503
v 0.03069262 0.01508299 0.10775762
v 0.02855387 0.02123787 0.11282211
v 0.02775119 0.02203380 0.11446091
v 0.02949136 0.01811480 0.10788443
v 0.02568211 0.02251215 0.13021571
v 0.02631601 0.02220535 0.12144856
v 0.02835562 0.01677757 0.11198315
v 0.02828477 0.01700370 0.11234078
v 0.02906855 0.01686968 0.11304053
v 0.02929992 0.01871155 0.11108684
v 0.02766535 0.01830356 0.15096657
v 0.02590476 0.02352718 0.13198127
v 0.02588200 0.02272278 0.13493870
v 0.02586153 0.02259901 0.13920105
v 0.02535478 0.02278300 0.13871815
v 0.02543528 0.02222169 0.12538208
v 0.02476735 0.02266429 0.12741555
v 0.02419279 0.02359901 0.13235604
v 0.02420601 0.02310778 0.12613185
v 0.02961162 0.01317731 0.10838702
v 0.02595597 0.01914356 0.15018145
v 0.02515868 0.02033647 0.14679036
v 0.02536187 0.02027926 0.14779256
v 0.02509220 0.02045819 0.14645815
v 0.02861467 0.01347175 0.10108674
v 0.02164135 0.00888058 0.09816961
v 0.02336862 0.01071466 0.09048620
v 0.01871550 0.00724478 0.08009930
v 0.02190101 0.00836601 0.09947180
v 0.02157026 0.00929563 0.08959542
v 0.02079080 0.00813231 0.08328640
v 0.01772515 0.00508366 0.08405580
v 0.01939622 0.00730400 0.08688555
v 0.01617087 0.00392944 0.07188695
v 0.01352567 0.00282294 0.06979983
v 0.01430615 0.00245115 0.06722737
v 0.01354888 0.00163244 0.06624358
v 0.01279613 0.00353270 0.06675236
v 0.00807694 0.01931087 0.11600850
v 0.01258179 0.00269655 0.06798187
v 0.01230376 0.00350115 0.06725841
v 0.00738344 0.01654537 0.10986229
v 0.00851335 0.01077546 0.10367928
v 0.00788889 0.01242949 0.10481205
v 0.00860783 0.01358445 0.11187629
v 0.00645432 0.01704064 0.11726508
v 0.00759511 0.01416784 0.11167874
v 0.00725562 0.01410176 0.10712736
v 0.00807855 0.01009154 0.10042498
v 0.00883497 0.00729140 0.09225579
v 0.01001482 -0.00103064 0.06113403
v 0.01025297 -0.00088679 0.06065598
v 0.01013605 -0.00105561 0.06056230
v 0.01123504 0.00052292 0.06208506
v 0.00391912 0.01809859 0.12536038
v 0.00630241 0.01692004 0.11724345
v 0.00246682 0.01833984 0.12888292
v 0.00214649 0.02020983 0.12364196
v 0.00617067 0.00767087 0.08434038
v 0.00946457 -0.00212827 0.06023202
v 0.00945284 -0.00206421 0.05997816
v 0.00435939 0.00774401 0.06764509
v 0.00551644 0.00824533 0.07165142
v 0.00324003 0.00575316 0.06216746
v 0.00129493 0.01782725 0.13434671
v 0.00182139 0.01828698 0.13099843
v 0.00099993 0.01900224 0.13213091
v 0.00089202 0.01714241 0.13721018
v -0.00027762 0.01876710 0.13482309
v 0.00340064 0.00655294 0.08397867
v 0.00157573 0.00617800 0.07971819
v 0.00244010 0.00581659 0.08420263
v 0.00267769 0.00503170 0.07815040
v 0.00374951 0.00559016 0.06632797
v 0.00268120 0.00502404 0.07067558
v 0.00151530 0.00596226 0.06068261
v 0.00089771 0.00474300 0.05855149
v 0.00096272 0.00441961 0.05742374
v 0.00083597 0.01412615 0.14770748
v 0.00073012 0.01631329 0.14257078
v 0.00153127 0.00510544 0.06310967
v 0.00079348 0.01364775 0.14848010
v 0.00033054 0.01319818 0.14981388
v -0.00152633 0.01429754 0.14774999
v 0.00036775 0.01621830 0.14132297
v -0.00093407 0.01303649 0.14973095
v -0.00161620 0.01385997 0.14895552
v -0.00804491 0.01036899 0.08733507
v -0.00891516 0.01105621 0.09177708
v -0.00991986 0.00600957 0.06043924
v -0.00883377 0.01017931 0.06642457
v -0.01029725 0.01010921 0.08474680
v -0.01069189 0.00825468 0.07785350
v -0.01201772 0.00761180 0.07591579
v -0.01157301 0.00805632 0.07237038
v -0.01157686 0.00753399 0.07274389
v -0.01043647 0.00970725 0.10812287
v -0.01561396 0.01702574 0.10929344
v -0.01177332 0.01062313 0.10237989
v -0.01178256 0.00660168 0.09714817
v -0.01198127 0.00645341 0.08614382
v -0.01306271 0.00632014 0.08268046
v -0.01617365 0.01435621 0.11690854
v -0.01567054 0.01371675 0.11586098
v -0.01375751 0.01675648 0.11208246
v -0.00967583 0.00683483 0.06272328
v -0.01281516 0.00602486 0.08028900
v -0.00862077 0.00465041 0.08809009
v -0.01320361 0.00625494 0.08067839
v -0.01314356 0.00625266 0.07898930
v -0.01330584 0.00630431 0.08050812
v -0.01331156 0.00632320 0.07889599
v -0.01312356 0.00603795 0.07991984
v -0.01733272 0.01484166 0.11873687
v -0.01641345 0.01423360 0.11694848
v -0.01922711 0.01531469 0.12284967
v -0.01818137 0.01496262 0.12030143
v -0.02052935 0.01735331 0.12353338
v -0.01993350 0.01689271 0.11639191
v -0.02043164 0.01573812 0.12664108
v -0.02176383 0.01357619 0.13406295
v -0.02174714 0.01588294 0.12249398
v -0.02027764 0.00280767 0.07131936
v -0.01824650 -0.00286444 0.05755287
v -0.01809425 -0.00332786 0.05663661
v -0.01792123 -0.00361193 0.05582884
v -0.01850524 -0.00366201 0.05600975
v -0.02179501 0.01303464 0.13576943
v -0.02186437 0.01311959 0.13539632
v -0.02319113 0.01442542 0.12910584
v -0.02152917 0.01681171 0.12305871
v -0.02049199 -0.00179184 0.06258640
v -0.02083850 -0.00145432 0.06351896
v -0.02007822 -0.00201098 0.06155080
v -0.02055119 -0.00230799 0.06153983
v -0.02160158 0.00001421 0.06353973
v -0.01958209 -0.00246181 0.06013843
v -0.01918741 -0.00291228 0.05889835
v -0.02327541 0.01138927 0.14026286
v -0.02378563 0.01168923 0.13947874
v -0.02444302 0.00523077 0.08873236
v -0.02381141 0.00444152 0.08831924
v -0.02269798 0.00200774 0.07287129
v -0.02132105 -0.00018283 0.06517028
v -0.02228506 0.00116461 0.08209189
v -0.02157630 0.00073392 0.06418562
v -0.02078461 -0.00166192 0.06334765
v -0.02096437 -0.00205413 0.06257808
v -0.02028840 -0.00184494 0.06200489
v -0.02072183 -0.00218344 0.06155416
v -0.02077752 -0.00220037 0.06157822
v -0.02382151 0.01111688 0.14049991
v -0.02420212 0.00492094 0.08703011
v -0.02378820 0.00163591 0.07518407
v -0.02463424 0.00084135 0.07504518
v -0.02750225 0.00947102 0.09721218
v -0.02739553 0.00648320 0.09685588
v -0.02177615 -0.00078875 0.06738309
v -0.02582874 0.00088532 0.08186735
v -0.02335642 -0.00033196 0.07173685
v -0.02725566 0.00234202 0.08596393
v -0.02420678 0.00375160 0.08452203
v -0.02384423 0.00289740 0.09522232
v -0.02654103 0.00274302 0.09035024
v -0.02687251 0.00159066 0.09016082
v -0.02559498 0.00082434 0.08256209
v -0.02661765 0.00110543 0.08749197
v -0.02777280 0.00177122 0.08590572
v -0.02733699 0.00153822 0.08679998
v -0.03066865 0.00753267 0.10372225
v -0.03006889 0.00926926 0.10239193
v -0.03149752 0.00780535 0.10427427
v -0.03104217 0.00924282 0.10052050
v -0.03443267 0.00918116 0.10692956
v -0.03601196 0.01068221 0.10532635
v -0.03579054 0.00936647 0.10805747
v -0.03434181 0.00911715 0.10651407
v -0.03715057 0.00950524 0.10832560
v -0.03978066 0.00915556 0.11503401
v -0.03969678 0.00891867 0.11417366
v -0.04092877 0.00744065 0.12087348
v -0.04144810 0.00773797 0.12078783
v -0.04009551 0.00871253 0.11370051
v -0.04008990 0.00913868 0.11566615
v -0.04076246 0.00972987 0.11450583
v -0.04171924 0.00608025 0.12419628
v -0.04185678 0.00567599 0.12530489
v -0.04254626 0.00686669 0.12272601
v -0.04124122 0.00685255 0.12175192
v -0.04165063 0.00633644 0.12362428
v -0.04179023 0.00612830 0.12439741
v -0.04192061 0.00501387 0.12692096
v -0.04439014 0.00534891 0.12686759
v -0.04374830 0.00586693 0.12592479
v -0.04144941 0.00832705 0.11595466
v 0.02731483 0.02186423 0.12168890
v 0.02839404 0.02203082 0.12020664
v 0.02702096 0.02149474 0.12112236
v 0.02893024 0.01901446 0.11522602
v 0.02885278 0.01905716 0.10947154
v 0.02949139 0.01693063 0.10610629
v 0.02851448 0.01553548 0.10329536
v 0.02510801 0.02408093 0.13117952
v 0.02707102 0.02165164 0.12196902
v 0.02561141 0.02246837 0.12919952
v 0.02566594 0.02250738 0.12971887
v 0.02562953 0.02227883 0.13256267
v 0.02600132 0.02343379 0.13026261
v 0.02588662 0.02314174 0.13165051
v 0.02581733 0.02271772 0.12876116
v 0.02595916 0.02288316 0.12847365
v 0.02654123 0.02182188 0.12359059
v 0.02567775 0.02329146 0.12020690
v 0.02665963 0.02223718 0.11715939
v 0.02586773 0.02294241 0.11982591
v 0.02934619 0.01799792 0.10759041
v 0.02846521 0.01603823 0.10431168
v 0.02885965 0.01625646 0.10481071
v 0.02592338 0.01927241 0.15009566
v 0.02783741 0.01871781 0.15084390
v 0.02662254 0.01977496 0.14943767
v 0.02666914 0.01977481 0.14931595
v 0.02785759 0.01870415 0.15087634
v 0.02691411 0.01941116 0.14999257
v 0.02645250 0.01974347 0.14945173
v 0.02602992 0.01974247 0.14925265
v 0.02513135 0.02311923 0.13860819
v 0.02521983 0.02246953 0.13299868
v 0.02578984 0.02251526 0.13972986
v 0.02533776 0.02242900 0.13317689
v 0.02584510 0.02251508 0.13971999
v 0.02580034 0.02228583 0.13828461
v 0.02416510 0.02378078 0.13226603
v 0.02409823 0.02378852 0.13131727
v 0.02402713 0.02379043 0.13036378
v 0.02408000 0.02349154 0.12552917
v 0.02698864 0.01871577 0.15028643
v 0.02630444 0.01916138 0.15020239
v 0.02695564 0.01889690 0.15067276
v 0.02574039 0.01937462 0.14978012
v 0.02613430 0.01868857 0.15037037
v 0.02586181 0.01970713 0.14929812
v 0.02616354 0.01949135 0.14966244
v 0.02624505 0.01993611 0.14913304
v 0.02629760 0.01977513 0.14933656
v 0.02586015 0.01932930 0.14977624
v 0.02483774 0.02027280 0.14688770
v 0.02535631 0.02023302 0.14777607
v 0.02554968 0.02013386 0.14821486
v 0.02458876 0.02008075 0.14774902
v 0.02452095 0.02013525 0.14758866
v 0.02477329 0.02058230 0.14564262
v 0.02477293 0.02063202 0.14564639
v 0.02467675 0.02074573 0.14535648
v 0.02467453 0.02057611 0.14581285
v 0.02469841 0.02072953 0.14545403
v 0.02162136 0.00953100 0.08698045
v 0.02137074 0.00940730 0.08666392
v 0.01854844 0.00714295 0.09616889
v 0.01848748 0.00692752 0.09559443
v 0.01741020 0.00662330 0.08610082
v 0.02192232 0.00952509 0.08692119
v 0.01872732 0.00637213 0.07696262
v 0.01825300 0.00674731 0.09488824
v 0.01749168 0.00626575 0.09202081
v 0.01621887 0.00614945 0.08549123
v 0.01600944 0.00593771 0.08499347
v 0.01641241 0.00606591 0.08673343
v 0.01728621 0.00613526 0.09101981
v 0.01676709 0.00582849 0.08865768
v 0.01596853 0.00566848 0.08482554
v 0.01500769 0.00474939 0.07949845
v 0.01762354 0.00665735 0.07660564
v 0.01587232 0.00527780 0.07059059
v 0.01552240 0.00427643 0.06940577
v 0.01729956 0.00475706 0.07334802
v 0.01306086 0.00414507 0.06794629
v 0.01561754 0.00353182 0.07098577
v 0.01427402 0.00261435 0.06676963
v 0.01234427 0.00093271 0.06370097
v 0.01216491 0.00329635 0.06751578
v 0.01211612 0.00283075 0.06685761
v 0.01266706 0.00212874 0.06797179
v 0.01171345 0.00271421 0.06586350
v 0.01384085 0.00238704 0.06606728
v 0.00615806 0.01821628 0.11618930
v 0.00732976 0.01548693 0.11455439
v 0.00400276 0.02041801 0.11952253
v 0.00247822 0.01996029 0.12235765
v 0.00737652 0.01132820 0.10401022
v 0.00741043 0.01291037 0.10559478
v 0.00902019 0.00854979 0.09644192
v 0.00894128 0.00889333 0.09777646
v 0.00752624 0.00843243 0.08758267
v 0.01262344 0.00205624 0.06776199
v 0.01173913 0.00090875 0.06267680
v 0.01080094 -0.00004001 0.06132530
v 0.00270385 0.02035318 0.12273838
v 0.00295449 0.02037800 0.12185948
v 0.00387745 0.02031737 0.11946264
v 0.00908393 0.00796384 0.10709566
v 0.00568849 0.00449324 0.09712383
v 0.00923665 0.00646109 0.10219805
v 0.00708801 0.00854132 0.09921686
v 0.00682589 0.00700420 0.07690887
v 0.00669767 0.00715429 0.07635290
v 0.00766441 0.00745916 0.08295452
v 0.00542192 0.00800500 0.07927404
v 0.00516667 0.00641373 0.06941918
v 0.00625473 0.00727820 0.07384017
v 0.01256466 0.00206820 0.06427887
v 0.01006425 -0.00124901 0.06057249
v 0.01000572 -0.00129180 0.06070110
v 0.01017975 -0.00131627 0.06092010
v 0.01002994 -0.00123200 0.06045100
v 0.01008963 -0.00124222 0.06054901
v 0.00997204 -0.00122381 0.06045702
v 0.00997727 -0.00051345 0.06061493
v 0.00987784 -0.00087871 0.06029615
v 0.00985917 -0.00118924 0.06015324
v 0.00982231 -0.00111239 0.06022696
v 0.00981010 -0.00120729 0.06028368
v 0.00983376 -0.00129455 0.06025642
v 0.00953598 -0.00198620 0.06005145
v 0.00999547 -0.00121981 0.06164929
v 0.00969271 -0.00187231 0.06042006
v 0.00956717 -0.00181439 0.05990898
v 0.00949680 -0.00168549 0.05978805
v 0.00952554 -0.00181478 0.05988375
v 0.00247112 0.01862447 0.12884101
v 0.00152178 0.01799057 0.13225558
v 0.00120160 0.01996308 0.12610278
v 0.00268196 0.02029042 0.12207149
v 0.00340183 0.02025862 0.12045685
v 0.00555035 0.00731749 0.08764458
v 0.00933025 -0.00197983 0.06019583
v 0.00950901 -0.00181520 0.05989452
v 0.00946790 -0.00174745 0.05982209
v 0.00940981 -0.00188131 0.06001073
v 0.00938785 -0.00190344 0.06000754
v 0.00942572 -0.00184406 0.05990517
v 0.01208704 0.00058428 0.06496203
v 0.01406594 0.00215365 0.06773250
v 0.00929314 -0.00218860 0.06011578
v 0.00934613 -0.00219145 0.06005346
v 0.00413207 0.00717276 0.06559020
v 0.00142486 0.01844312 0.13346528
v 0.00166492 0.01863014 0.13158762
v 0.00216653 0.01805650 0.12911863
v -0.00060680 0.01897596 0.13277605
v 0.00092646 0.01848717 0.12817137
v 0.00488868 0.00611158 0.10005305
v 0.00520275 0.00607032 0.10150452
v 0.00121506 0.00471248 0.05748444
v 0.00103575 0.01987601 0.12758502
v 0.00512470 0.00602332 0.10121840
v 0.00484192 0.00581424 0.10024584
v 0.00203947 0.00610648 0.08111532
v 0.00173683 0.00622411 0.08037137
v 0.00267665 0.00507675 0.06996084
v 0.00259390 0.00511989 0.06897041
v 0.00101058 0.00541735 0.06140026
v 0.00126129 0.00433533 0.05740085
v 0.00120508 0.00493460 0.05774614
v 0.00109581 0.00491178 0.05784944
v -0.00038435 0.01760922 0.14004512
v 0.00083929 0.01418087 0.14768837
v 0.00084357 0.00564161 0.07318020
v 0.00077740 0.00563447 0.07179367
v 0.00155564 0.00614831 0.07951521
v 0.00083213 0.00624390 0.06625485
v 0.00081157 0.00552295 0.07012138
v 0.00076234 0.00581494 0.06686465
v 0.00094741 0.00424875 0.05741350
v 0.00031734 0.01319801 0.14983125
v -0.00117102 0.01283675 0.15068159
v -0.00137483 0.01490556 0.14476371
v -0.00120958 0.01672285 0.13933450
v -0.00134840 0.01579607 0.14215785
v -0.00132097 0.01515333 0.14380657
v -0.00132690 0.01676469 0.14063536
v -0.00128789 0.01570291 0.14416219
v -0.00126165 0.01267214 0.15068167
v -0.00136445 0.01254683 0.15079101
v -0.00130523 0.01258906 0.15075248
v -0.00130405 0.01339538 0.15003822
v -0.00141218 0.01343339 0.14824025
v -0.00162281 0.01317513 0.14932403
v -0.00152643 0.01306536 0.14945284
v -0.01136339 0.01358334 0.09889268
v -0.01140098 0.01341144 0.09857818
v -0.01120548 0.01299708 0.09717747
v -0.01066946 0.00838930 0.07706863
v -0.01057259 0.00834531 0.07712003
v -0.01013185 0.00818515 0.07767250
v -0.01010679 0.00605530 0.06527132
v -0.01073232 0.00676461 0.06604281
v -0.00951585 0.00521964 0.06220064
v -0.01077087 0.00704044 0.06273739
v -0.01040977 0.00650000 0.06139872
v -0.00882293 0.00617934 0.06482792
v -0.00872677 0.00373721 0.05886211
v -0.00875248 0.00372646 0.05870701
v -0.00982151 0.00602852 0.06028207
v -0.01359028 0.01638956 0.10557167
v -0.01350521 0.01561638 0.10481996
v -0.01078774 0.00801567 0.07753617
v -0.01077087 0.00790935 0.07703586
v -0.01043063 0.00798174 0.07741166
v -0.01052177 0.00803979 0.07700626
v -0.01096269 0.00805089 0.07736052
v -0.01133029 0.00715587 0.06926842
v -0.01121836 0.00651838 0.07318277
v -0.01192760 0.00781115 0.07409695
v -0.01133243 0.00707743 0.07321866
v -0.01168112 0.00808374 0.07104724
v -0.01167873 0.00823602 0.06939162
v -0.01167185 0.00817000 0.06933355
v -0.01079386 0.00619953 0.07092976
v -0.01125331 0.00764454 0.06426555
v -0.01067122 0.00692623 0.06226644
v -0.01475217 0.01309359 0.11465287
v -0.01405877 0.01283564 0.11411690
v -0.01232414 0.00991360 0.10847392
v -0.01197091 0.00736578 0.09938430
v -0.01200455 0.00789143 0.10182499
v -0.01275481 0.01104499 0.11098061
v -0.01615547 0.01741095 0.11029800
v -0.01524342 0.01703340 0.10866640
v -0.01180909 0.00603556 0.09426973
v -0.01172506 0.00579489 0.09395186
v -0.01252487 0.00635485 0.08225675
v -0.01189887 0.00670411 0.07777902
v -0.01276334 0.00601651 0.08028874
v -0.01271924 0.00596075 0.08027999
v -0.01262539 0.00602277 0.07955960
v -0.01160575 0.00611983 0.07547381
v -0.01245661 0.00603007 0.07913608
v -0.01214721 0.00603089 0.07803386
v -0.01313759 0.00624911 0.07897141
v -0.01614163 0.01462492 0.11710944
v -0.02098165 0.01486080 0.12813743
v -0.01154084 0.01234546 0.09913478
v -0.01649864 0.01754869 0.11091820
v -0.01153944 0.00574547 0.09486647
v -0.01210562 0.00550801 0.09162448
v -0.01236162 0.00600144 0.08914697
v -0.01246658 0.00554133 0.08987220
v -0.01376815 0.00609782 0.08423902
v -0.01341848 0.00626098 0.08197130
v -0.01356563 0.00609496 0.08208525
v -0.01347608 0.00618710 0.08205667
v -0.01278119 0.00605918 0.08027514
v -0.01336677 0.00614193 0.07954024
v -0.01335895 0.00625028 0.08184665
v -0.01352798 0.00624646 0.08100054
v -0.01350883 0.00617200 0.08099587
v -0.01313783 0.00618427 0.07924127
v -0.01297517 0.00600644 0.07985706
v -0.01307603 0.00615121 0.07916530
v -0.01326042 0.00628997 0.07914868
v -0.01321121 0.00627627 0.07897869
v -0.01333501 0.00632605 0.07909424
v -0.01317327 0.00618837 0.07914649
v -0.01338766 0.00618966 0.07920701
v -0.01339623 0.00626583 0.07897778
v -0.01650352 0.01424458 0.11697108
v -0.01983804 0.01685691 0.11621411
v -0.01963875 0.01527369 0.12394861
v -0.02027186 0.01676820 0.11709061
v -0.02284550 0.01473364 0.12772671
v -0.02149247 0.01405404 0.13227057
v -0.01958125 0.01524766 0.12340788
v -0.01997095 0.01516911 0.12530431
v -0.01829123 0.01601725 0.11608071
v -0.02153022 0.01625265 0.12082835
v -0.02042388 0.01628015 0.12593229
v -0.02139476 0.01437289 0.13163961
v -0.02340775 0.01340162 0.13452798
v -0.02245401 0.01541965 0.12485465
v -0.02138460 0.01637953 0.12027662
v -0.02205656 0.01592885 0.12284246
v -0.02263104 0.01536394 0.12555008
v -0.01962525 0.00022431 0.06341285
v -0.02108203 0.00118128 0.06474132
v -0.02027416 0.00115828 0.06489057
v -0.02000352 -0.00087086 0.06410830
v -0.02032282 -0.00029959 0.06644423
v -0.02062518 0.00326072 0.06994804
v -0.01926254 -0.00177463 0.06055476
v -0.01902489 -0.00209081 0.05984420
v -0.01853307 -0.00314289 0.05736672
v -0.01835009 -0.00352720 0.05599664
v -0.01985767 -0.00260591 0.05951358
v -0.01830734 -0.00358886 0.05627785
v -0.01792892 -0.00357253 0.05597745
v -0.01840648 -0.00285448 0.05779243
v -0.01787062 -0.00353780 0.05579284
v -0.01801291 -0.00364585 0.05577356
v -0.01807415 -0.00370947 0.05591420
v -0.01815681 -0.00363232 0.05586402
v -0.02236246 0.01176468 0.13996449
v -0.02316595 0.01180353 0.13957915
v -0.02289994 0.01371679 0.13257293
v -0.02184260 0.01208062 0.13854301
v -0.02176846 0.01284605 0.13642175
v -0.02178722 0.01220855 0.13798265
v -0.02177433 0.01249664 0.13722485
v -0.02286190 0.01206042 0.13849799
v -0.02282982 0.01288387 0.13600922
v -0.02376778 0.01280729 0.13473698
v -0.02312819 0.01473328 0.12838893
v -0.02283268 0.01525129 0.12651429
v -0.02344800 0.01419074 0.13072830
v -0.02017023 0.00138701 0.07270496
v -0.02149906 0.00218840 0.08111526
v -0.02106577 0.00334762 0.07003989
v -0.02214658 0.00133476 0.06724181
v -0.02123275 0.00327031 0.06996136
v -0.02046838 -0.00167259 0.06267773
v -0.02041074 -0.00164368 0.06270615
v -0.02066912 -0.00172814 0.06291991
v -0.02052185 -0.00189853 0.06246504
v -0.02071024 -0.00190238 0.06258478
v -0.02048697 -0.00181225 0.06250656
v -0.02053478 -0.00181407 0.06252892
v -0.02055306 -0.00164956 0.06317183
v -0.02076471 -0.00166706 0.06334939
v -0.02074418 -0.00169296 0.06303465
v -0.01961549 -0.00202068 0.06104547
v -0.02002535 -0.00141222 0.06288187
v -0.01969971 -0.00204550 0.06101525
v -0.01970682 -0.00191188 0.06116252
v -0.02061249 -0.00216871 0.06143459
v -0.02074054 -0.00210413 0.06214018
v -0.01992518 -0.00225337 0.06092874
v -0.02028360 -0.00188718 0.06192572
v -0.02018504 -0.00168991 0.06204657
v -0.02059998 -0.00224093 0.06117359
v -0.02040631 -0.00211052 0.06149220
v -0.02052972 -0.00239132 0.06067093
v -0.01944109 -0.00236175 0.06024703
v -0.01908097 -0.00276155 0.05907654
v -0.01950000 -0.00206584 0.06088739
v -0.01945596 -0.00187381 0.06127395
v -0.01944804 -0.00215142 0.06068932
v -0.02059466 -0.00227387 0.06106891
v -0.01965397 -0.00211787 0.06065978
v -0.01981153 -0.00213042 0.06078135
v -0.01976881 -0.00215758 0.06092568
v -0.01951735 -0.00232572 0.06006051
v -0.02033798 -0.00142742 0.06262601
v -0.02099668 -0.00039629 0.06329331
v -0.01952120 -0.00225892 0.05998916
v -0.01969760 -0.00243652 0.06007814
v -0.01960335 -0.00234483 0.06003851
v -0.01983508 -0.00249618 0.06028748
v -0.01984960 -0.00250180 0.06029137
v -0.01991215 -0.00251704 0.06014064
v -0.02029384 -0.00260532 0.06052302
v -0.01917746 -0.00346673 0.05714807
v -0.01839249 -0.00365350 0.05601056
v -0.01908434 -0.00350507 0.05681603
v -0.02232288 0.01146397 0.14044521
v -0.02345826 0.01114917 0.14059508
v -0.02330747 0.01112281 0.14073253
v -0.02287606 0.01114296 0.14035889
v -0.02311590 0.01110954 0.14059228
v -0.02362151 0.01114560 0.14053077
v -0.02368686 0.01338587 0.13348550
v -0.02359046 0.01393971 0.13194072
v -0.02386424 0.01255731 0.13651431
v -0.02429029 0.00489512 0.08660322
v -0.02914960 0.01018369 0.09851592
v -0.02282640 0.00403053 0.08097756
v -0.02280485 0.00395345 0.08003617
v -0.02181599 -0.00062795 0.06696109
v -0.02233973 0.00050544 0.06647834
v -0.02220460 0.00037104 0.06598888
v -0.02234788 0.00087657 0.06667421
v -0.02183739 0.00201290 0.06814189
v -0.02250704 0.00062604 0.06636753
v -0.02253691 0.00051746 0.06656031
v -0.02247500 0.00051685 0.06654037
v -0.02267704 0.00049733 0.06664846
v -0.02235300 0.00041292 0.06608360
v -0.02253651 0.00053835 0.06623617
v -0.02261973 0.00042713 0.06608863
v -0.02145352 -0.00016394 0.06385133
v -0.02089329 -0.00171141 0.06338045
v -0.02117463 -0.00088692 0.06491126
v -0.02074669 -0.00182554 0.06290759
v -0.02088068 -0.00188352 0.06292348
v -0.02011444 -0.00194981 0.06178091
v -0.02073521 -0.00202547 0.06216192
v -0.02073031 -0.00224343 0.06164450
v -0.02067935 -0.00244802 0.06136936
v -0.02085138 -0.00214442 0.06206434
v -0.02005145 -0.00224195 0.06068895
v -0.02083382 -0.00055230 0.06225394
v -0.02043972 -0.00262738 0.06057167
v -0.02414062 0.01102714 0.14008133
v -0.02406506 0.01131498 0.14006715
v -0.02417886 0.01109591 0.14005473
v -0.02404008 0.01159344 0.13907875
v -0.02374587 0.01334678 0.13402115
v -0.02405626 0.01135694 0.13892138
v -0.02385593 0.01212443 0.13659392
v -0.02282386 0.00096944 0.08793492
v -0.02668696 0.00803621 0.09427432
v -0.02666770 0.00818458 0.09445518
v -0.02459701 0.00545969 0.08928964
v -0.02675045 0.00134155 0.08231618
v -0.02287576 -0.00046208 0.06988363
v -0.02612949 0.00221483 0.08261813
v -0.02591438 0.00137620 0.08000125
v -0.02654840 0.00126963 0.08184715
v -0.02959744 0.00698642 0.10283600
v -0.02681630 0.00305426 0.09444972
v -0.02619933 0.00130608 0.09358399
v -0.02605509 0.00130168 0.09359275
v -0.02645601 0.00263218 0.08741172
v -0.02768857 0.00168884 0.08561085
v -0.02740362 0.00157409 0.08449198
v -0.02706044 0.00151080 0.08317667
v -0.02711402 0.00147765 0.08339762
v -0.02702164 0.00137772 0.08296578
v -0.03078506 0.00766841 0.10389735
v -0.03604723 0.00934708 0.10834185
v -0.02779323 0.00514111 0.09999946
v -0.03231692 0.00817980 0.10499647
v -0.03395505 0.00888270 0.10647931
v -0.03411709 0.01056381 0.10322836
v -0.03510572 0.01056331 0.10418985
v -0.04008527 0.01029761 0.11087053
v -0.03203519 0.01026348 0.10094917
v -0.03670327 0.01017760 0.10619611
v -0.03757757 0.00994257 0.10722268
v -0.03756143 0.01026095 0.10705984
v -0.03753250 0.01062141 0.10724953
v -0.03960719 0.01029540 0.10974108
v -0.03326292 0.01037410 0.10413193
v -0.03937304 0.00908828 0.11143414
v -0.03589365 0.00950088 0.10816296
v -0.04004125 0.00874811 0.11542118
v -0.04062144 0.00902420 0.11323127
v -0.04225972 0.00712645 0.11990383
v -0.03966664 0.01030788 0.10990468
v -0.04110908 0.00707983 0.12123647
v -0.04109219 0.00712886 0.12124647
v -0.04348585 0.00608490 0.12377817
v -0.04103743 0.00769143 0.11805966
v -0.04118981 0.00937591 0.11430188
v -0.04195215 0.00817135 0.11741695
v -0.04135033 0.00898453 0.11504391
v -0.04099182 0.00893639 0.11391006
v -0.04172738 0.00816349 0.11673603
v -0.04203844 0.00604528 0.12438317
v -0.04197069 0.00610663 0.12440955
v -0.04393538 0.00588233 0.12449138
v -0.04238859 0.00564644 0.12591538
v -0.04212166 0.00584143 0.12500539
v -0.04229369 0.00550238 0.12717471
v -0.04209887 0.00576864 0.12503868
v -0.04140805 0.00733607 0.12132346
v -0.04115061 0.00708458 0.12039488
v -0.04159844 0.00647098 0.12264233
v -0.04194383 0.00463183 0.12676579
v -0.04187035 0.00502535 0.12632985
v -0.04200433 0.00444311 0.12695424
v -0.04215929 0.00524588 0.12730025
v -0.04217251 0.00553249 0.12693015
v -0.04198418 0.00575424 0.12584955
v -0.04214373 0.00539316 0.12720490
v -0.04192339 0.00484135 0.12715141
v -0.04215934 0.00569604 0.12606429
v -0.04323236 0.00532215 0.12639536
v -0.04238311 0.00520864 0.12721904
v -0.04256181 0.00472369 0.12602398
v -0.04264430 0.00443487 0.12631220
v -0.04250509 0.00583767 0.12514973
v -0.04217701 0.00602010 0.12437167
v -0.04099771 0.00749938 0.12092663
v -0.04292740 0.00604414 0.12508920
v -0.04310910 0.00444159 0.12631494
v -0.04334270 0.00474390 0.12613657
v -0.04446023 0.00525818 0.12670357
v -0.04334956 0.00477806 0.12603153
v -0.04430939 0.00519386 0.12648811
v -0.04355260 0.00531408 0.12647011
v -0.04403932 0.00520161 0.12666763
v -0.04428546 0.00551522 0.12676498
v -0.04382076 0.00555151 0.12658690
v -0.04324719 0.00695254 0.12171029
v -0.04312920 0.00683672 0.12141370
v -0.04341343 0.00692472 0.12224353
v -0.04453699 0.00534184 0.12660947
vn 0.749436 0.656311 0.087189
vn 0.939385 -0.221115 0.262037
vn 0.785446 0.490489 -0.377485
vn 0.999789 0.020342 -0.002739
vn 0.647099 0.762120 0.020865
vn 0.096827 -0.974625 0.201820
vn -0.940700 -0.256016 -0.222575
vn 0.852124 -0.356978 0.382691
vn 0.130282 0.054203 0.989994
vn 0.209559 -0.010104 0.977744
vn 0.857220 0.074191 -0.509578
vn 0.081519 -0.660880 -0.746051
vn 0.241427 0.933880 0.263783
vn -0.722343 -0.689838 0.048423
vn 0.986248 -0.164679 -0.013995
vn -0.796763 -0.600452 0.068021
vn 0.695621 0.711866 0.096739
vn -0.484095 -0.874926 0.012543
vn 0.128334 0.012649 0.991650
vn -0.335185 0.370723 0.866150
vn 0.243829 0.962364 0.120010
vn 0.073557 -0.987318 -0.140689
vn 0.854482 0.518546 -0.031148
vn -0.589020 -0.783866 -0.196494
vn 0.709435 0.700322 -0.079068
vn 0.828775 0.394570 -0.396795
vn 0.894593 -0.357801 -0.267735
vn -0.845102 -0.085390 0.527741
vn 0.648434 -0.759976 -0.044396
vn 0.877036 0.156819 -0.454109
vn -0.443978 0.894080 -0.059205
vn -0.435837 0.899757 -0.021982
vn -0.572799 0.818933 0.035361
vn 0.800428 0.449112 -0.397006
vn -0.532605 0.846131 0.019847
vn 0.933643 -0.214492 -0.286886
vn 0.679930 -0.731375 -0.052774
vn 0.741079 -0.665154 -0.091493
vn 0.765092 0.530263 -0.365317
vn -0.644626 -0.729626 0.228263
vn -0.478614 0.878015 -0.004206
vn 0.131190 0.853833 -0.503744
vn -0.569807 -0.791819 0.219867
vn 0.538644 0.802414 0.256894
vn 0.996664 0.032269 -0.074965
vn -0.869579 -0.478276 -0.122820
vn -0.994811 -0.074942 0.068814
vn 0.856841 0.469462 -0.213143
vn -0.354930 0.934338 -0.032200
vn 0.714381 0.687528 -0.130252
vn 0.850365 -0.039738 -0.524691
vn -0.938560 -0.011178 0.344936
vn 0.088138 -0.978655 -0.185649
vn -0.152677 0.863369 -0.480919
vn 0.156605 -0.941049 -0.299836
vn -0.868864 0.489168 0.076097
vn 0.815182 0.511290 0.272141
vn -0.509476 0.852381 -0.117816
vn 0.781096 -0.611441 -0.126602
vn -0.757232 0.652634 0.025879
vn 0.215655 -0.954565 -0.205665
vn -0.827561 0.545011 -0.134560
vn 0.807112 0.479256 -0.344795
vn -0.576696 0.813250 0.077755
vn 0.560980 -0.827810 0.005644
vn -0.878640 -0.477476 -0.002945
vn -0.374882 0.926976 -0.013412
vn -0.569402 -0.814956 0.107835
vn -0.993275 0.112107 -0.028913
vn 0.293928 -0.954305 0.053938
vn 0.587754 0.684524 -0.431246
vn 0.499903 -0.825128 -0.263173
vn -0.706725 -0.664240 -0.243566
vn -0.668744 -0.742630 0.035805
vn 0.085961 -0.969894 -0.227851
vn -0.799671 -0.566797 -0.198158
vn 0.523830 0.849021 -0.069026
vn 0.938718 -0.126753 0.320533
vn 0.867679 0.475201 0.146002
vn -0.918059 0.380922 -0.109845
vn 0.712452 -0.679243 0.176182
vn 0.395806 -0.918146 0.018592
vn -0.268205 0.856050 -0.441864
vn -0.273825 0.955540 0.109375
vn -0.842254 -0.528375 -0.106901
vn -0.533927 0.843722 0.055276
vn 0.529283 -0.824604 0.199720
vn -0.798652 -0.601707 -0.010201
vn -0.631500 -0.774709 0.032158
vn -0.770980 0.614147 -0.168564
vn 0.987269 0.078137 -0.138545
vn -0.198150 -0.900842 0.386290
vn 0.596292 0.802479 0.021534
vn 0.275607 0.960787 -0.030483
vn 0.418135 0.908339 0.009163
vn 0.713816 -0.452961 0.534129
vn -0.891226 -0.085440 -0.445439
vn 0.903125 0.351135 0.247122
vn 0.834797 0.477731 0.273656
vn 0.962147 -0.271581 -0.022754
vn 0.656590 -0.740518 -0.143259
vn -0.110166 -0.965281 -0.236846
vn 0.838504 0.536092 -0.097551
vn 0.752236 0.642919 -0.144209
vn 0.770354 -0.602467 0.208776
vn 0.976601 -0.205038 -0.064890
vn 0.854001 -0.479856 -0.201046
vn 0.220640 -0.941043 -0.256430
vn -0.936375 -0.214203 -0.278064
vn -0.447392 -0.893563 0.037231
vn 0.368153 -0.788716 0.492332
vn 0.317315 -0.892070 0.321749
vn -0.405523 0.826012 -0.391478
vn -0.605459 0.756483 -0.247290
vn 0.518839 -0.778653 0.352853
vn 0.019135 -0.922764 0.384891
vn 0.531492 -0.751696 0.390473
vn 0.718236 0.686133 -0.115579
vn 0.810328 0.585970 0.002760
vn -0.264245 0.940632 -0.213040
vn 0.427724 -0.888104 0.168298
vn -0.041172 -0.984692 0.169371
vn 0.020967 0.817867 -0.575025
vn -0.910676 0.350930 -0.217985
vn 0.256905 -0.800542 0.541416
vn 0.257561 -0.891428 0.372851
vn -0.963140 0.199210 0.180767
vn -0.446930 0.723569 -0.526025
vn 0.150256 -0.276108 0.949309
vn -0.310812 0.694540 -0.648853
vn 0.391954 -0.539651 0.745083
vn -0.524279 0.753081 -0.397493
vn 0.229088 -0.927748 -0.294623
vn -0.174979 0.874958 0.451476
vn 0.868088 0.489338 0.083494
vn -0.563122 -0.824705 -0.052496
vn -0.989981 -0.122117 -0.070883
vn -0.243001 0.779701 -0.577077
vn -0.754369 0.635468 -0.164645
vn 0.645501 -0.555604 0.524055
vn -0.772093 -0.598263 -0.214369
vn -0.691982 0.721007 -0.036201
vn -0.497466 -0.867275 -0.018992
vn -0.413228 -0.909397 -0.047327
vn 0.219602 -0.700327 0.679204
vn -0.505030 0.704975 -0.497951
vn -0.511466 0.772337 -0.376694
vn 0.617159 -0.190749 0.763367
vn 0.559118 0.752393 0.348271
vn -0.212079 0.946887 0.241718
vn 0.086589 -0.980284 -0.177609
vn 0.555281 0.725983 0.405723
vn 0.270357 -0.845906 0.459728
vn 0.731934 0.575277 0.365141
vn 0.920776 0.341926 0.187769
vn 0.370505 -0.258219 -0.892216
vn -0.013774 -0.638891 -0.769174
vn -0.635085 -0.245346 0.732443
vn 0.197717 0.921081 0.335436
vn -0.475889 -0.875196 0.086955
vn 0.159392 -0.892818 0.421273
vn -0.662083 0.746300 -0.068425
vn -0.250311 0.887377 0.387176
vn -0.251369 0.887319 0.386625
vn -0.622761 -0.782061 0.023433
vn -0.248434 0.887485 0.388137
vn -0.955518 -0.140818 -0.259145
vn 0.857264 0.073439 -0.509613
vn 0.066224 -0.957566 -0.280501
vn -0.529821 0.425194 0.733826
vn -0.042763 -0.878644 0.475559
vn -0.703684 -0.706635 0.074137
vn -0.884465 0.465511 0.031970
vn -0.628558 0.777322 0.026181
vn -0.805946 0.563809 -0.180470
vn -0.263380 0.410191 0.873141
vn 0.088237 0.923902 0.372315
vn -0.175927 -0.857947 -0.482676
vn -0.073336 -0.876085 -0.476546
vn 0.129736 -0.955335 -0.265526
vn 0.888975 -0.365854 -0.275451
vn -0.868371 -0.486054 -0.098401
vn 0.215969 -0.936157 -0.277431
vn 0.761854 0.127323 -0.635111
vn 0.779566 0.609839 -0.142734
vn 0.716066 0.133194 -0.685207
vn 0.578641 0.659306 -0.480095
vn 0.151497 -0.964468 0.216450
vn 0.851031 0.343911 -0.396827
vn -0.550962 -0.753013 0.359740
vn -0.639427 0.767830 0.039635
vn 0.785637 0.479589 -0.390857
vn 0.753478 -0.653797 -0.069434
vn -0.962360 0.195119 0.189188
vn -0.979390 0.101025 0.174895
vn 0.470935 -0.879655 0.066536
vn -0.916342 -0.312594 0.250206
vn -0.979326 -0.040706 0.198150
vn 0.868800 -0.307414 0.388180
vn 0.347282 0.906284 -0.240923
vn -0.897224 -0.323390 0.300680
vn 0.758716 0.304925 -0.575648
vn -0.402977 -0.867398 0.291941
vn -0.726777 -0.639126 0.251622
vn 0.736838 0.663216 -0.131203
vn -0.327296 0.940637 -0.089891
vn 0.562299 0.823006 -0.080502
vn -0.753932 0.656811 0.013627
vn 0.180923 -0.932697 -0.311999
vn 0.716145 0.106195 -0.689825
vn 0.209149 -0.883198 -0.419783
vn -0.114917 -0.992032 -0.051639
vn -0.977203 0.181685 0.109837
vn -0.923711 -0.119406 -0.364006
vn 0.884748 -0.315112 -0.343401
vn 0.260121 -0.627052 -0.734264
vn -0.203851 0.592468 0.779376
vn 0.261376 -0.622587 -0.737610
vn 0.706979 0.666391 0.236862
vn -0.846002 -0.464148 -0.262387
vn -0.171059 -0.984471 -0.039452
vn -0.744693 0.667181 0.017380
vn -0.204079 0.591231 0.780255
vn 0.767395 -0.613265 -0.187112
vn -0.763131 0.643890 0.055099
vn 0.242404 -0.627711 -0.739743
vn 0.146245 -0.879606 0.452666
vn -0.184967 -0.980454 -0.067062
vn 0.979030 0.107593 0.172988
vn -0.966907 -0.161849 -0.197219
vn 0.923870 -0.327353 -0.198250
vn 0.923906 -0.327233 -0.198284
vn 0.125540 -0.941427 -0.312979
vn -0.509585 -0.845096 -0.161663
vn 0.923939 -0.327118 -0.198319
vn -0.938548 0.271742 0.212802
vn -0.787236 -0.613283 0.064377
vn -0.841264 -0.536742 0.064673
vn -0.211193 -0.974718 0.072955
vn -0.838738 -0.544249 0.017640
vn -0.907846 -0.418730 0.021938
vn -0.300355 -0.953292 0.031960
vn -0.900388 0.422772 -0.102782
vn -0.755687 0.624389 -0.197673
vn 0.983089 -0.072416 -0.168200
vn 0.815959 0.546716 0.187915
vn 0.983355 -0.079779 -0.163242
vn -0.997588 0.059497 -0.035748
vn 0.241027 -0.920960 -0.306168
vn 0.171337 -0.893413 -0.415279
vn -0.824730 -0.541310 -0.163721
vn 0.042218 -0.676304 -0.735412
vn -0.979673 -0.146692 -0.136828
vn -0.135228 0.894476 -0.426176
vn 0.651740 0.756777 -0.050232
vn -0.493328 0.808187 -0.321655
vn -0.379136 0.918677 0.110857
vn -0.731964 -0.406830 0.546551
vn -0.622994 -0.779538 0.064800
vn 0.320063 -0.947015 0.026886
vn -0.926445 -0.347414 -0.144924
vn -0.607247 0.565092 -0.558500
vn -0.934811 0.333560 -0.121926
vn 0.588647 0.693454 -0.415472
vn -0.628890 -0.775626 0.053872
vn -0.300103 0.953871 0.008276
vn 0.597342 0.671500 -0.438487
vn -0.984030 -0.105267 -0.143539
vn -0.977049 -0.158686 -0.142105
vn -0.911737 0.339650 -0.231025
vn -0.988588 0.148341 -0.026238
vn -0.710226 0.669679 -0.217046
vn -0.805589 -0.573883 0.147255
vn -0.999122 0.041836 -0.002416
vn -0.532094 -0.803304 0.267542
vn -0.061472 -0.969060 0.239047
vn -0.780637 0.361988 -0.509481
vn -0.063881 0.913963 -0.400737
vn -0.999850 -0.008638 0.015024
vn -0.526243 0.849712 0.032540
vn -0.988611 -0.091577 -0.119422
vn -0.613735 0.785101 0.083343
vn -0.655055 -0.442458 -0.612482
vn -0.361624 -0.931046 0.048806
vn -0.872328 0.396587 -0.285940
vn -0.678556 0.682721 -0.271024
vn -0.921570 0.322335 -0.216353
vn -0.386292 0.912735 0.133014
vn 0.842402 -0.020608 0.538455
vn -0.800418 0.598041 -0.040964
vn -0.984230 0.161478 -0.072229
vn -0.620147 0.777517 0.104327
vn -0.986413 -0.139436 -0.086869
vn 0.698647 0.712977 0.059629
vn -0.987885 -0.110324 -0.109145
vn -0.908089 -0.408733 -0.091168
vn 0.985569 -0.035304 -0.165553
vn -0.304019 0.949851 0.073185
vn 0.978379 0.080445 -0.190533
vn -0.888697 -0.447541 -0.099619
vn 0.912422 -0.161648 0.375974
vn 0.198929 -0.980014 0.000286
vn -0.890692 -0.104580 -0.442415
vn -0.951610 -0.126227 -0.280189
vn -0.916429 -0.294330 -0.271159
vn -0.880549 -0.416855 -0.225534
vn -0.918436 -0.297656 -0.260531
vn 0.265806 0.899829 -0.345913
vn 0.025001 0.998428 -0.050173
vn 0.946464 -0.186355 0.263585
vn 0.707330 -0.680047 0.192927
vn 0.856192 -0.385774 0.343675
vn 0.841407 0.532134 -0.094171
vn 0.105100 -0.897609 0.428079
vn -0.447461 0.797458 -0.404771
vn -0.936798 -0.208833 -0.280711
vn 0.761176 -0.611550 0.215912
vn -0.523584 -0.125874 -0.842624
vn 0.319630 -0.921018 -0.222629
vn 0.972282 -0.228237 -0.050750
vn 0.433722 0.819261 0.375095
vn 0.987184 -0.153467 -0.043777
vn -0.177315 0.941947 0.285123
vn -0.909912 -0.364221 -0.198504
vn -0.620325 -0.726153 -0.296478
vn -0.924080 -0.321231 -0.207091
vn -0.963123 0.199493 0.180545
vn -0.730614 0.536006 -0.422967
vn -0.171421 -0.560721 0.810066
vn -0.313353 0.689141 -0.653371
vn 0.112058 -0.218071 0.969478
vn -0.450870 0.714022 -0.535620
vn 0.373313 -0.852531 0.365826
vn -0.383057 -0.753501 0.534326
vn -0.198207 -0.782696 0.590000
vn 0.192994 -0.814323 0.547386
vn 0.364185 -0.334705 0.869104
vn -0.314414 0.888842 -0.333322
vn -0.175737 0.984322 0.015056
vn 0.425985 -0.814004 0.394885
vn -0.304128 0.714121 0.630506
vn 0.428367 -0.828729 0.360152
vn 0.217124 -0.870894 0.440910
vn 0.186291 -0.899417 0.395405
vn -0.941695 -0.065393 -0.330053
vn -0.248164 0.903990 -0.348161
vn -0.243411 0.726824 0.642245
vn -0.166315 -0.265067 -0.949778
vn -0.617831 -0.786308 0.001908
vn -0.413730 -0.904841 0.100450
vn 0.475287 -0.794715 0.377532
vn -0.233938 0.925264 0.298595
vn -0.880155 0.461385 0.111583
vn -0.979823 0.018997 -0.198962
vn -0.345440 0.913763 -0.213796
vn 0.100056 0.993920 -0.045959
vn -0.647095 -0.750961 -0.131631
vn -0.963132 0.199359 0.180647
vn -0.040587 0.826612 -0.561307
vn -0.330596 -0.923643 0.193880
vn 0.310837 -0.779955 0.543186
vn -0.141534 -0.969910 0.198096
vn 0.332090 -0.735129 0.591017
vn -0.965807 -0.098144 -0.239969
vn -0.237278 0.152490 -0.959399
vn -0.173885 -0.127046 -0.976536
vn 0.434545 -0.842318 0.318860
vn -0.819973 -0.558879 -0.123686
vn -0.603685 -0.750204 -0.269737
vn -0.953409 0.179469 -0.242490
vn -0.190890 0.804807 -0.562002
vn -0.540452 0.802925 -0.251443
vn -0.938449 -0.137388 -0.316921
vn -0.709484 -0.668724 -0.222352
vn -0.716833 0.649424 -0.253768
vn -0.921628 -0.312489 -0.230113
vn -0.493143 0.703075 -0.512344
vn 0.355538 -0.579519 0.733315
vn -0.960052 -0.018675 -0.279199
vn -0.937788 -0.270989 -0.217068
vn -0.401441 -0.915884 0.001060
vn -0.476417 0.725929 -0.496038
vn 0.736766 -0.012424 0.676034
vn 0.528977 -0.397276 0.749903
vn -0.701771 -0.320241 -0.636367
vn -0.496563 0.790002 -0.359614
vn -0.388432 -0.861358 -0.327387
vn -0.769631 -0.298120 -0.564617
vn 0.619657 -0.784750 0.013859
vn -0.467545 0.834410 -0.291826
vn -0.425612 -0.837865 -0.341814
vn -0.549041 0.752004 -0.364751
vn 0.716843 -0.697233 -0.001635
vn 0.084327 0.945075 0.315789
vn -0.012378 -0.961103 -0.275914
vn 0.808948 -0.587807 -0.009265
vn -0.938208 -0.151955 -0.310927
vn 0.961961 -0.255385 0.097001
vn -0.222431 0.921381 0.318719
vn 0.911473 -0.379630 -0.158422
vn 0.126210 0.943276 0.307086
vn 0.383816 -0.235608 -0.892846
vn -0.830128 -0.547382 -0.106117
vn -0.822694 -0.556439 -0.116404
vn 0.393295 -0.471736 0.789167
vn 0.406936 -0.493969 0.768373
vn 0.164575 0.610654 0.774608
vn -0.944605 -0.098412 -0.313108
vn -0.480742 -0.764342 -0.429731
vn -0.557037 -0.608190 -0.565522
vn 0.250819 0.965182 -0.074257
vn 0.983857 0.061346 0.168116
vn 0.304028 -0.809907 0.501615
vn 0.883583 0.462220 -0.075060
vn 0.998082 -0.051269 -0.034686
vn 0.040322 0.845304 -0.532761
vn -0.297599 0.825673 -0.479269
vn 0.371241 0.799241 -0.472645
vn 0.950780 -0.308176 -0.032316
vn -0.733772 -0.677601 -0.049359
vn -0.986414 0.160598 0.034584
vn -0.714091 0.549615 0.433586
vn 0.069773 -0.724211 0.686039
vn -0.922185 0.382029 0.060243
vn 0.158887 0.016892 0.987152
vn 0.999945 0.008823 0.005698
vn 0.984306 -0.174886 -0.023583
vn 0.999829 -0.018119 0.003657
vn -0.765810 -0.639685 0.065873
vn -0.682113 -0.731059 -0.016612
vn -0.648831 -0.760136 -0.034810
vn -0.764442 -0.642945 0.047424
vn -0.643613 -0.764925 0.025548
vn 0.408801 -0.854256 0.321137
vn -0.264480 0.416590 0.869772
vn 0.966903 -0.154585 -0.202983
vn 0.973811 -0.013247 -0.226974
vn 0.981542 0.015957 -0.190581
vn 0.914317 -0.293195 -0.279394
vn -0.752865 0.651629 0.092598
vn 0.375107 0.827421 -0.417934
vn -0.761613 0.640600 0.097859
vn 0.147350 -0.947528 0.283689
vn -0.722430 0.691427 -0.004874
vn 0.441697 0.795268 -0.415274
vn 0.423629 -0.904297 0.052773
vn -0.451790 0.885442 -0.108985
vn 0.452176 -0.891388 0.031058
vn 0.523866 -0.850518 0.046736
vn 0.698781 -0.714399 -0.036599
vn 0.718391 -0.694329 -0.042674
vn -0.128656 0.887820 -0.441841
vn 0.929353 0.362412 0.070434
vn -0.948338 -0.129466 0.289646
vn -0.424672 0.861043 -0.279747
vn -0.977302 0.196490 -0.079204
vn 0.840358 0.464985 -0.278545
vn 0.522483 0.722675 -0.452496
vn -0.417531 -0.591865 0.689467
vn -0.017326 -0.963952 0.265511
vn -0.993421 -0.114521 0.000706
vn -0.636645 0.580095 -0.508107
vn 0.306888 0.901487 -0.305190
vn 0.930424 0.359378 -0.071818
vn -0.889608 0.448573 0.085911
vn 0.856500 -0.305228 -0.416225
vn 0.833883 -0.333423 -0.439850
vn -0.085931 0.834554 -0.544183
vn 0.815977 -0.436837 0.378622
vn 0.605286 -0.732959 0.310484
vn 0.764362 0.541485 0.350064
vn -0.241358 0.970434 0.001924
vn -0.636613 0.769376 0.052780
vn 0.714966 -0.697471 -0.048557
vn 0.771079 -0.601920 -0.207676
vn -0.487014 0.873371 -0.006346
vn 0.946453 0.213043 -0.242566
vn 0.950904 -0.167789 -0.260055
vn 0.601808 -0.797855 -0.035431
vn 0.779389 -0.616935 0.109287
vn 0.349912 0.913842 0.206043
vn 0.282423 -0.948653 -0.142460
vn 0.032140 0.985658 0.165666
vn -0.463826 0.884587 0.048691
vn -0.432277 0.901665 0.011655
vn -0.854638 -0.517172 0.046117
vn -0.870683 -0.491697 0.012011
vn 0.051842 -0.998651 -0.002907
vn 0.240995 -0.968302 -0.065673
vn -0.350122 0.933684 -0.075160
vn -0.938733 0.335753 -0.077788
vn -0.943816 0.286065 -0.165462
vn 0.982526 -0.082196 -0.166994
vn 0.633092 0.687678 0.355377
vn -0.121460 -0.988908 0.085494
vn 0.171861 -0.928142 -0.330176
vn 0.202039 -0.948373 -0.244475
vn -0.932633 0.337864 0.126660
vn 0.170937 -0.938928 -0.298655
vn 0.106977 -0.935418 -0.336970
vn -0.937233 -0.340037 -0.077266
vn 0.972312 0.231662 -0.030689
vn 0.602804 0.797137 -0.034641
vn -0.725417 0.407937 -0.554398
vn 0.903928 0.407809 -0.128863
vn -0.982375 0.166382 -0.085183
vn -0.688163 0.725362 0.016767
vn -0.782183 -0.619142 -0.069660
vn -0.455533 0.887635 0.067776
vn -0.823281 -0.556699 -0.110883
vn 0.977052 0.185571 0.104559
vn -0.917698 0.036679 -0.395583
vn -0.749921 0.564822 -0.344377
vn -0.847190 -0.520076 0.108576
vn -0.945494 0.325636 0.001551
vn -0.388431 0.920921 0.032043
vn 0.370862 -0.714710 0.593002
vn 0.384583 -0.703092 0.598128
vn 0.864502 0.490574 0.109420
vn 0.357373 -0.914952 -0.187477
vn -0.973187 0.193335 -0.124610
vn 0.977306 -0.203067 0.060308
vn 0.580739 0.812862 0.044691
vn 0.311467 0.950252 -0.003205
vn 0.402268 0.915263 0.021760
vn 0.400063 0.915398 0.044680
vn -0.330729 -0.943711 0.005204
vn 0.332693 -0.888101 0.317163
vn 0.359465 -0.754934 0.548507
vn 0.878289 0.238503 0.414396
vn 0.789126 -0.437697 0.430932
vn 0.398187 0.898390 0.185316
vn -0.889374 -0.105938 -0.444737
vn 0.964401 0.197690 0.175642
vn 0.794116 -0.597722 -0.110036
vn -0.464316 -0.842073 -0.274450
vn 0.877413 0.466135 0.113422
vn 0.839447 0.534813 -0.096458
vn 0.938383 0.345095 -0.018610
vn 0.755803 -0.622187 0.204071
vn -0.492618 0.497467 -0.714041
vn 0.904966 -0.400326 -0.144139
vn 0.647613 -0.726044 -0.231208
vn -0.026030 -0.974185 -0.224243
vn -0.416666 0.897242 -0.146107
vn -0.146182 -0.583126 0.799121
vn -0.796353 0.459180 -0.393670
vn 0.414991 -0.822162 0.389657
vn 0.362638 -0.787916 0.497677
vn -0.464116 0.697670 -0.545758
vn 0.305592 -0.864373 0.399341
vn 0.391887 -0.826231 0.404680
vn -0.207989 0.834134 0.510844
vn -0.059504 0.942268 0.329532
vn 0.871540 0.311817 0.378401
vn 0.822061 0.559453 0.105962
vn -0.757799 0.626182 -0.183405
vn -0.943219 -0.179106 -0.279748
vn 0.509590 -0.848951 0.140001
vn -0.750298 0.606018 -0.264188
vn -0.258379 -0.958106 0.123585
vn 0.116680 -0.237960 0.964241
vn -0.520929 0.747603 -0.411975
vn -0.332077 0.926432 -0.177338
vn -0.346053 0.935278 -0.074181
vn -0.223128 0.852041 0.473541
vn 0.773183 0.631889 0.053890
vn -0.656850 0.728605 -0.194120
vn -0.862363 0.420445 -0.282055
vn 0.815462 0.548380 0.185207
vn -0.926144 -0.233199 -0.296438
vn 0.096767 -0.986734 0.130350
vn -0.426562 -0.904418 -0.008496
vn -0.246981 -0.967997 0.044525
vn -0.562020 0.818595 -0.118472
vn -0.927678 0.300288 -0.221903
vn 0.939379 -0.046851 0.339666
vn -0.611884 0.780581 -0.127640
vn -0.853847 -0.511158 0.098297
vn 0.056834 -0.990839 0.122509
vn -0.022690 -0.996363 0.082134
vn -0.788692 -0.568737 0.233460
vn -0.809991 -0.579017 0.093031
vn 0.202882 -0.719853 0.663815
vn 0.769791 0.296331 0.565340
vn 0.222875 -0.710444 0.667530
vn -0.709694 -0.526255 -0.468391
vn 0.590598 0.565396 0.575779
vn -0.503521 0.742877 -0.441134
vn 0.644382 -0.005424 0.764685
vn -0.395896 -0.917050 0.047813
vn -0.513468 -0.796954 -0.318144
vn 0.494747 0.809636 0.315777
vn 0.578762 -0.815191 0.022306
vn 0.602033 0.716616 0.352162
vn 0.131104 0.908823 0.396047
vn 0.759464 -0.650291 -0.018335
vn 0.530403 0.789787 0.308073
vn 0.174924 0.940258 0.292089
vn 0.900763 0.345715 0.262882
vn 0.936408 0.310192 0.164076
vn -0.133217 0.943570 0.303199
vn 0.833429 -0.552578 -0.007392
vn 0.753936 0.573049 0.321241
vn 0.814469 0.506304 0.283367
vn 0.934708 0.310001 0.173841
vn 0.260420 0.382924 0.886313
vn 0.111690 0.937138 0.330601
vn -0.245747 -0.912917 -0.325868
vn 0.571488 -0.699893 0.428428
vn 0.941422 -0.085062 0.326327
vn -0.277302 -0.954791 0.107139
vn -0.752352 -0.658536 -0.017224
vn -0.925302 -0.359595 0.120446
vn 0.317983 0.806666 -0.498173
vn -0.056609 0.906495 -0.418404
vn 0.196307 0.979473 0.045777
vn 0.727896 -0.557960 0.398558
vn -0.250325 0.887379 0.387163
vn 0.949540 -0.312401 -0.027908
vn 0.836099 -0.547417 -0.035688
vn 0.995931 0.073629 0.051955
vn 0.984825 -0.173166 -0.011564
vn -0.249305 0.887437 0.387689
vn -0.249674 0.887417 0.387497
vn -0.404129 -0.913712 0.042556
vn -0.937796 -0.262861 -0.226808
vn -0.954458 -0.184105 -0.234764
vn -0.951910 -0.188591 -0.241456
vn -0.059028 0.832795 -0.550425
vn 0.190355 0.835315 -0.515765
vn 0.191296 0.835465 -0.515174
vn -0.076802 0.539059 0.838759
vn 0.857370 0.074033 -0.509349
vn 0.284192 0.943078 0.172742
vn 0.330224 0.935557 0.125244
vn 0.861296 0.081041 -0.501599
vn -0.484142 0.498181 0.719321
vn -0.472017 0.504071 0.723265
vn 0.084703 -0.963684 -0.253255
vn -0.844105 -0.524460 0.111484
vn -0.605983 -0.794576 0.037862
vn 0.003475 -0.969211 0.246206
vn -0.449089 -0.893357 0.015211
vn 0.072626 -0.974024 0.214484
vn -0.577417 -0.814704 0.053356
vn -0.748890 0.661469 0.040282
vn -0.746397 0.662968 0.058015
vn -0.927090 -0.374162 0.022496
vn -0.881874 -0.458980 -0.107871
vn 0.000753 -0.661427 -0.750009
vn 0.138053 0.939445 0.313664
vn 0.157780 0.937910 0.308917
vn -0.341936 -0.873895 -0.345524
vn -0.047745 -0.699800 -0.712741
vn 0.116255 -0.945261 -0.304903
vn 0.007413 -0.622042 -0.782949
vn 0.268540 0.948345 0.168900
vn -0.416815 0.561408 0.714902
vn -0.193001 -0.873133 -0.447649
vn 0.180153 -0.942898 -0.280158
vn 0.915694 -0.277390 -0.290792
vn 0.917915 0.046146 -0.394084
vn -0.480306 -0.872125 -0.093301
vn -0.654806 -0.741484 -0.146393
vn 0.723888 0.057347 -0.687530
vn 0.736441 0.113184 -0.666966
vn 0.739926 0.667106 -0.086482
vn 0.184856 -0.938134 -0.292802
vn 0.748672 0.660525 -0.056547
vn -0.068169 0.954354 -0.290794
vn 0.087443 0.927202 -0.364213
vn -0.499716 -0.792266 0.350140
vn -0.511352 -0.780719 0.359161
vn -0.504316 0.863051 -0.028432
vn 0.053323 0.952521 -0.299767
vn 0.803741 0.444971 -0.394970
vn -0.487141 -0.793714 0.364295
vn -0.951808 -0.199404 0.233023
vn -0.884862 0.434851 0.167107
vn -0.940568 -0.247535 0.232507
vn -0.968658 0.151870 0.196561
vn 0.445652 -0.894922 0.022557
vn -0.977193 0.076467 0.198110
vn -0.982235 0.030465 0.185164
vn -0.969511 -0.115418 0.216164
vn -0.280372 0.953593 -0.109783
vn -0.006270 0.951806 -0.306636
vn 0.829092 0.246863 -0.501662
vn 0.690676 -0.718136 -0.085131
vn -0.412231 0.906968 -0.086456
vn 0.543359 -0.833745 0.098135
vn 0.889996 -0.111446 -0.442139
vn 0.865298 -0.327906 -0.379126
vn -0.870272 -0.392056 0.298194
vn -0.874018 -0.331219 0.355508
vn -0.933940 -0.168918 0.314997
vn -0.920142 -0.098434 0.379010
vn 0.825727 0.133210 -0.548115
vn -0.903932 -0.294453 -0.310168
vn -0.155236 -0.881503 0.445931
vn 0.082859 0.995544 -0.045015
vn -0.896654 0.169169 -0.409138
vn -0.997764 0.061623 -0.025889
vn -0.425321 0.675950 -0.601825
vn 0.726405 0.674718 -0.130734
vn 0.697382 0.705262 -0.127531
vn 0.652075 0.744710 -0.142147
vn -0.850264 -0.224827 0.475923
vn 0.175805 0.749380 -0.638375
vn -0.138464 0.831946 -0.537302
vn -0.240503 0.970648 0.000876
vn -0.327345 0.942373 -0.069119
vn -0.889991 0.189931 -0.414538
vn 0.833593 -0.341173 0.434424
vn 0.058309 -0.997443 0.041328
vn 0.630445 -0.775731 -0.027928
vn -0.733247 0.679473 -0.025794
vn 0.840188 -0.532740 -0.101350
vn 0.952006 0.260118 -0.161316
vn 0.950567 0.281914 -0.130184
vn -0.419264 0.907384 0.029544
vn 0.645447 -0.758072 -0.093408
vn 0.951941 0.203292 -0.229085
vn -0.071151 0.848951 -0.523660
vn 0.132788 -0.964389 -0.228739
vn 0.178469 -0.925572 -0.333863
vn 0.846884 -0.431670 -0.310562
vn -0.072032 -0.993822 -0.084431
vn 0.033744 -0.989087 -0.143417
vn -0.145815 -0.987556 -0.058924
vn -0.978051 0.188202 0.089420
vn -0.976885 0.192368 0.093217
vn -0.925257 -0.126982 -0.357456
vn -0.974861 0.208097 0.079641
vn -0.918533 -0.132718 -0.372402
vn -0.922458 -0.127053 -0.364593
vn 0.798123 -0.573680 -0.184096
vn -0.941324 0.093118 0.324404
vn 0.799966 -0.568432 -0.192195
vn -0.202266 0.591635 0.780421
vn -0.915190 0.400047 -0.048883
vn 0.253727 -0.625699 -0.737648
vn 0.931353 0.247500 0.267068
vn -0.453699 -0.890882 -0.022049
vn -0.271652 0.961538 0.040616
vn -0.886632 0.232349 -0.399872
vn -0.891883 0.197931 -0.406655
vn -0.370531 0.928287 -0.031468
vn -0.751410 0.659426 0.023238
vn -0.203532 0.591798 0.779968
vn -0.940125 0.251606 -0.229913
vn -0.717340 0.690179 0.095272
vn -0.734691 0.674849 0.069335
vn -0.810010 0.580886 0.080349
vn 0.193019 -0.898716 0.393767
vn 0.119485 -0.913049 0.389956
vn -0.167576 -0.983692 -0.065333
vn -0.148917 -0.985481 -0.081554
vn 0.252410 0.906451 -0.338578
vn 0.664354 0.718587 0.205586
vn 0.765582 0.612359 0.197231
vn 0.674388 -0.681931 0.283143
vn -0.625742 0.775141 0.087198
vn -0.720147 -0.642487 -0.261914
vn -0.754404 0.651437 0.080650
vn 0.923886 -0.327302 -0.198264
vn 0.710712 0.549482 -0.439269
vn -0.226015 0.971067 0.077107
vn 0.923897 -0.327262 -0.198277
vn 0.923910 -0.327220 -0.198288
vn -0.742335 -0.666197 0.071563
vn -0.355019 0.931949 0.073702
vn -0.282508 -0.959091 -0.018267
vn 0.060641 -0.998038 -0.015580
vn -0.956025 0.285165 -0.068544
vn 0.919152 -0.010752 -0.393756
vn 0.291535 0.881353 -0.371785
vn -0.755208 0.642373 -0.130451
vn 0.063906 0.948430 0.310477
vn 0.976643 -0.121203 -0.177422
vn -0.669079 -0.742331 0.035753
vn -0.669014 -0.742387 0.035798
vn -0.432219 0.901608 0.017024
vn -0.969873 0.232292 -0.073398
vn -0.669223 -0.742198 0.035821
vn -0.990977 0.124777 -0.048933
vn -0.986032 -0.165481 0.018862
vn 0.144094 -0.937712 -0.316123
vn 0.707702 0.554652 0.437629
vn -0.970115 -0.219472 -0.103483
vn -0.563063 -0.789707 -0.243562
vn -0.713826 -0.658595 -0.238128
vn -0.596643 -0.749887 -0.285810
vn -0.988543 0.150089 -0.015988
vn -0.817732 0.525015 0.235954
vn 0.014044 -0.652861 -0.757347
vn 0.005195 -0.677933 -0.735106
vn 0.023352 -0.668080 -0.743723
vn 0.098030 0.912001 0.398301
vn -0.782413 -0.554171 -0.284121
vn -0.756905 -0.602118 -0.254065
vn -0.557216 -0.789864 -0.256175
vn -0.622095 0.715923 -0.316941
vn -0.551151 0.772722 -0.314856
vn -0.552577 0.775093 -0.306414
vn -0.570756 -0.591499 0.569532
vn -0.714038 -0.403784 0.571934
vn -0.891355 0.447950 -0.069483
vn -0.737367 -0.675106 0.022831
vn -0.707411 -0.706459 -0.022019
vn 0.522091 -0.836227 0.167763
vn -0.917086 -0.376262 -0.131834
vn -0.710259 0.409994 -0.572221
vn 0.552131 -0.813561 0.182401
vn 0.358662 -0.933360 0.014148
vn 0.366673 -0.930342 0.003743
vn -0.838594 0.220329 -0.498212
vn -0.147989 0.893412 -0.424164
vn -0.870076 -0.485123 -0.087311
vn 0.584658 0.690257 -0.426287
vn -0.299621 0.949965 0.088279
vn -0.329333 0.941124 0.076329
vn -0.729738 -0.341863 0.592125
vn 0.564603 0.710593 -0.419859
vn -0.734669 -0.678170 0.018612
vn -0.979241 -0.138761 -0.147761
vn -0.395914 0.917796 0.030054
vn -0.773565 -0.628367 -0.082172
vn -0.834263 -0.537496 -0.122894
vn -0.994351 -0.106099 0.002886
vn -0.998961 0.044740 -0.008709
vn -0.973850 -0.160532 -0.160769
vn -0.916521 -0.374143 -0.141442
vn -0.890765 -0.447370 -0.079982
vn 0.063406 -0.855263 0.514300
vn 0.104519 -0.830508 0.547112
vn -0.420176 -0.882256 0.212315
vn -0.875597 -0.474061 0.092716
vn 0.222043 -0.928677 0.297078
vn -0.171892 -0.897257 0.406673
vn -0.885357 -0.218844 -0.410183
vn -0.835878 0.252832 -0.487221
vn -0.846323 -0.516297 0.131049
vn -0.857376 -0.493024 0.147762
vn -0.078582 0.996743 -0.018095
vn -0.983800 -0.117758 -0.135172
vn -0.662671 -0.446692 -0.601110
vn -0.674562 -0.440585 -0.592327
vn -0.753724 0.583278 -0.302798
vn -0.938880 0.288002 -0.188571
vn -0.870820 0.410132 -0.271045
vn -0.936927 0.278769 -0.210845
vn 0.352832 0.933315 0.066575
vn 0.864863 0.162323 0.475039
vn -0.897924 0.084628 -0.431938
vn -0.961642 -0.193047 -0.194876
vn -0.565733 -0.714866 -0.410991
vn -0.356071 -0.934423 0.008212
vn -0.886261 -0.419386 0.196612
vn -0.528605 0.844593 0.085078
vn -0.464321 0.831440 -0.305146
vn -0.894670 0.441332 -0.069220
vn -0.687448 0.724434 -0.051086
vn -0.967010 0.238692 -0.088983
vn -0.770777 0.632872 -0.073317
vn -0.657011 -0.464146 -0.594058
vn -0.376368 -0.926384 -0.012625
vn 0.633747 0.768595 0.087333
vn -0.980368 -0.169203 -0.101235
vn -0.964373 -0.241293 -0.108452
vn -0.335365 0.933634 0.125929
vn -0.219149 -0.975275 -0.028516
vn 0.984799 0.054927 -0.164783
vn 0.347587 0.937590 0.010403
vn 0.380846 0.923806 0.039235
vn 0.423988 0.905621 0.009160
vn -0.300453 0.941434 0.153067
vn -0.905837 -0.412714 -0.095534
vn -0.913739 -0.394567 -0.096947
vn -0.012845 -0.918606 0.394967
vn -0.883968 -0.137268 -0.446942
vn 0.475744 -0.877437 0.061418
vn -0.478175 -0.812396 -0.333710
vn -0.072070 -0.982166 -0.173655
vn 0.622061 -0.774858 -0.112401
vn 0.602203 -0.791781 0.102152
vn 0.491153 -0.869442 0.053282
vn -0.775160 -0.553619 -0.304357
vn -0.944647 -0.173998 -0.278149
vn 0.141798 0.869678 0.472815
vn 0.948260 0.208308 0.239606
vn -0.035864 0.938945 0.342192
vn -0.906002 -0.336472 -0.256804
vn -0.947033 -0.159983 -0.278450
vn -0.910248 -0.311869 -0.272372
vn -0.923177 -0.298677 -0.241941
vn 0.216174 0.865407 -0.452039
vn -0.026898 0.899883 -0.435301
vn 0.163646 0.876799 -0.452154
vn 0.542849 -0.787675 0.291345
vn 0.498759 -0.849019 0.174375
vn 0.812638 0.572704 0.107841
vn 0.902334 -0.269421 0.336460
vn 0.895259 -0.210077 0.392912
vn 0.501146 -0.783904 0.366535
vn -0.262685 0.890621 -0.371201
vn -0.364130 0.855128 -0.369006
vn 0.101485 -0.906825 0.409108
vn 0.762528 -0.612390 0.208636
vn 0.516321 -0.772445 0.369787
vn -0.128478 0.927698 -0.350528
vn -0.535204 -0.057598 -0.842757
vn 0.177230 -0.894545 0.410340
vn -0.526168 -0.089994 -0.845605
vn 0.548875 0.744561 0.379953
vn -0.221195 0.918771 0.327005
vn 0.053709 -0.957762 -0.282500
vn 0.566321 0.736104 0.370719
vn 0.966788 -0.236634 -0.096570
vn 0.979087 -0.197382 -0.049282
vn 0.972345 -0.217858 -0.084156
vn -0.129582 0.955907 0.263533
vn -0.055499 0.943598 0.326409
vn -0.824084 -0.515033 -0.235852
vn -0.918980 -0.326494 -0.221084
vn -0.948871 -0.226238 -0.220139
vn -0.899431 -0.386745 -0.203597
vn 0.981998 0.164609 0.092652
vn 0.977465 0.137092 0.160524
vn 0.010562 0.928468 -0.371263
vn -0.963133 0.199330 0.180673
vn -0.723305 0.648963 -0.235960
vn -0.139772 -0.574932 0.806174
vn -0.108907 -0.577809 0.808873
vn -0.457426 0.721126 -0.520325
vn 0.481652 -0.812921 0.327369
vn 0.123574 -0.240626 0.962719
vn -0.324201 0.700331 -0.635948
vn -0.314202 0.693294 -0.648553
vn 0.530112 -0.793169 0.299773
vn 0.529058 -0.803003 0.274381
vn -0.451166 0.720519 -0.526594
vn 0.231540 -0.877562 0.419850
vn 0.415103 -0.838394 0.353250
vn -0.391273 -0.690876 0.607944
vn -0.334441 -0.736925 0.587445
vn -0.296196 0.922278 -0.248337
vn 0.355134 -0.332842 0.873554
vn 0.423658 -0.807283 0.410862
vn -0.517280 0.741665 -0.427029
vn -0.737226 0.583213 -0.341116
vn -0.318932 0.895449 -0.310571
vn -0.207881 0.977877 -0.023298
vn -0.324333 0.885458 -0.332826
vn 0.352718 -0.846182 0.399456
vn 0.453679 -0.796757 0.399192
vn 0.208233 -0.882431 0.421847
vn 0.196860 -0.886810 0.418107
vn 0.193307 -0.881177 0.431462
vn -0.295044 0.913571 -0.279888
vn -0.302454 0.905197 -0.298564
vn -0.302638 0.888723 -0.344357
vn 0.480159 -0.770423 0.419399
vn -0.274134 0.713853 0.644411
vn -0.941364 -0.063413 -0.331380
vn -0.573535 -0.819111 0.010713
vn -0.277050 0.693886 0.664655
vn -0.177301 -0.247064 -0.952640
vn -0.177169 -0.231396 -0.956591
vn 0.337213 -0.868778 0.362645
vn 0.336738 -0.865915 0.369864
vn -0.186755 -0.241517 -0.952256
vn 0.260519 -0.888221 0.378409
vn -0.604590 -0.796536 -0.001002
vn -0.521733 -0.074472 -0.849852
vn -0.803712 -0.573325 -0.159200
vn 0.589212 0.705920 0.393073
vn -0.241654 0.857862 0.453515
vn -0.251228 0.861695 0.440870
vn 0.063439 -0.954031 -0.292917
vn 0.281177 -0.947334 0.153288
vn -0.205088 0.843381 0.496635
vn -0.977457 -0.165674 -0.130883
vn -0.953619 -0.257600 -0.155734
vn -0.887597 0.447905 0.107488
vn -0.346843 0.911635 -0.220502
vn 0.694916 0.713912 0.086150
vn -0.087133 0.992710 -0.083277
vn 0.024539 0.998072 -0.057006
vn -0.917683 -0.294405 -0.266801
vn 0.110914 -0.950115 0.291512
vn -0.088601 -0.972315 0.216224
vn -0.963136 0.199283 0.180708
vn -0.963130 0.199381 0.180631
vn -0.019001 0.827551 -0.561068
vn 0.211416 -0.920812 0.327732
vn 0.052561 -0.963901 0.261023
vn 0.356510 -0.857544 0.370835
vn -0.248530 -0.947769 0.199915
vn -0.026963 0.834192 -0.550814
vn 0.306101 -0.769178 0.560952
vn -0.193213 -0.966929 0.166487
vn -0.837417 0.386608 -0.386351
vn -0.804169 0.456816 -0.380305
vn -0.095932 -0.050778 -0.994092
vn -0.178678 0.023124 -0.983636
vn 0.464084 -0.800877 0.378448
vn 0.330954 -0.272093 0.903568
vn 0.138494 -0.719345 0.680708
vn 0.316409 -0.835810 0.448673
vn -0.459718 0.779888 -0.424775
vn -0.328270 0.890134 -0.316069
vn -0.399536 -0.911237 0.100092
vn 0.225205 -0.885840 0.405672
vn -0.809402 -0.555464 -0.190598
vn -0.894483 0.435741 0.100155
vn -0.918983 -0.352778 -0.176118
vn -0.886547 0.450034 0.107253
vn -0.984057 -0.132971 -0.118113
vn -0.806777 -0.541517 -0.236371
vn -0.580643 -0.756538 -0.300838
vn 0.121424 -0.982097 0.144023
vn -0.250120 0.778228 -0.576021
vn -0.309223 0.751129 -0.583255
vn 0.961298 0.208652 0.179920
vn -0.948710 -0.171700 -0.265458
vn -0.824589 -0.510594 -0.243611
vn -0.500442 0.829795 -0.246980
vn -0.580408 0.772543 -0.257496
vn -0.473313 -0.861630 -0.183217
vn 0.236117 -0.683639 0.690570
vn -0.998185 -0.059420 -0.009839
vn -0.679534 -0.712871 0.173346
vn -0.046547 -0.957074 0.286083
vn -0.424876 0.905151 -0.013529
vn -0.556841 -0.830619 0.000078
vn -0.872199 -0.452557 -0.185635
vn -0.963118 -0.120845 -0.240418
vn -0.935216 -0.294791 -0.196136
vn -0.978771 -0.026616 -0.203220
vn 0.219935 -0.724021 0.653775
vn -0.565184 -0.646917 -0.511924
vn -0.551352 -0.820912 0.148710
vn 0.239361 -0.727005 0.643560
vn 0.566916 -0.313499 0.761790
vn -0.491416 0.711280 -0.502584
vn -0.481307 0.736665 -0.475045
vn -0.029311 0.997632 0.062218
vn -0.719216 -0.464823 -0.516399
vn -0.685140 -0.381453 -0.620546
vn -0.638195 -0.426235 -0.641117
vn -0.779490 -0.204440 -0.592114
vn -0.503588 0.794944 -0.338323
vn -0.793243 -0.171772 -0.584174
vn 0.355369 0.885849 0.298304
vn -0.194196 -0.937875 -0.287538
vn 0.569251 0.717081 0.402180
vn 0.784408 -0.620173 -0.009471
vn -0.383154 -0.865336 -0.323088
vn -0.140161 -0.949129 -0.281973
vn -0.416578 0.882400 -0.218709
vn 0.918549 -0.391180 0.056979
vn 0.779573 -0.625442 -0.032987
vn 0.016372 -0.964413 -0.263891
vn 0.085827 -0.970229 -0.226470
vn -0.939612 -0.173702 -0.294885
vn -0.936731 -0.152034 -0.315311
vn -0.938963 -0.175630 -0.295808
vn -0.942220 -0.166193 -0.290863
vn -0.941648 -0.149043 -0.301804
vn 0.185863 -0.730719 0.656890
vn 0.211603 -0.573813 0.791178
vn -0.116148 -0.946208 -0.301994
vn -0.206435 0.952122 0.225494
vn 0.377645 -0.262635 -0.887923
vn 0.340524 0.897804 0.279270
vn 0.380485 -0.283446 -0.880278
vn 0.597684 0.669152 0.441600
vn 0.862934 -0.504151 0.034306
vn 0.864395 -0.502076 0.027216
vn 0.891024 -0.411227 -0.192274
vn 0.897318 -0.392092 -0.202691
vn 0.818705 -0.515350 -0.253250
vn -0.319243 -0.128589 0.938908
vn 0.528915 0.802520 0.276062
vn 0.534236 0.804911 0.258282
vn 0.655260 0.699196 0.285934
vn 0.968102 0.194836 0.157533
vn -0.320636 0.929131 0.184141
vn -0.693158 0.037348 0.719818
vn -0.645295 -0.110218 0.755941
vn -0.013944 -0.656868 -0.753877
vn 0.101468 -0.717098 -0.689547
vn 0.194146 0.912582 0.359864
vn 0.072248 -0.715189 0.695187
vn 0.099657 0.911106 0.399943
vn 0.081486 0.932282 0.352435
vn -0.086113 -0.629449 -0.772255
vn -0.825685 -0.551826 -0.117190
vn -0.390387 -0.920122 0.031205
vn -0.825880 -0.549846 -0.124865
vn -0.513965 -0.761585 -0.394751
vn 0.423107 -0.456080 0.782925
vn 0.411539 -0.473063 0.779004
vn 0.247644 0.474396 0.844761
vn 0.281072 0.479681 0.831207
vn -0.940020 -0.124189 -0.317709
vn -0.940634 -0.119496 -0.317693
vn -0.951779 -0.063889 -0.300058
vn -0.643609 -0.729053 -0.232915
f 412//412 414//414 1//1
f 2//2 414//414 412//412
f 2//2 415//415 414//414
f 1//1 414//414 411//411
f 414//414 415//415 3//3
f 414//414 3//3 416//416
f 3//3 615//615 418//418
f 1//1 411//411 17//17
f 610//610 161//161 618//618
f 1//1 611//611 412//412
f 412//412 611//611 2//2
f 610//610 413//413 161//161
f 618//618 413//413 610//610
f 413//413 618//618 613//613
f 2//2 161//161 413//413
f 2//2 413//413 423//423
f 413//413 613//613 423//423
f 2//2 423//423 415//415
f 423//423 8//8 415//415
f 424//424 423//423 613//613
f 423//423 424//424 422//422
f 411//411 414//414 417//417
f 417//417 416//416 630//630
f 414//414 416//416 417//417
f 424//424 421//421 422//422
f 434//434 439//439 415//415
f 424//424 7//7 411//411
f 614//614 411//411 417//417
f 424//424 411//411 614//614
f 416//416 3//3 418//418
f 416//416 418//418 630//630
f 424//424 614//614 162//162
f 415//415 26//26 3//3
f 631//631 630//630 632//632
f 632//632 418//418 615//615
f 630//630 418//418 632//632
f 426//426 428//428 15//15
f 4//4 428//428 426//426
f 426//426 5//5 4//4
f 426//426 15//15 427//427
f 426//426 427//427 623//623
f 426//426 622//622 5//5
f 623//623 622//622 426//426
f 419//419 620//620 623//623
f 17//17 411//411 617//617
f 623//623 427//427 419//419
f 427//427 15//15 419//419
f 163//163 619//619 624//624
f 619//619 164//164 625//625
f 624//624 625//625 166//166
f 619//619 625//625 624//624
f 15//15 621//621 419//419
f 621//621 620//620 419//419
f 626//626 6//6 612//612
f 613//613 165//165 430//430
f 430//430 431//431 420//420
f 430//430 18//18 431//431
f 626//626 612//612 160//160
f 430//430 420//420 613//613
f 160//160 612//612 6//6
f 175//175 617//617 411//411
f 167//167 627//627 629//629
f 613//613 420//420 424//424
f 7//7 420//420 433//433
f 433//433 420//420 431//431
f 420//420 7//7 424//424
f 167//167 629//629 628//628
f 629//629 627//627 628//628
f 421//421 28//28 423//423
f 422//422 421//421 423//423
f 8//8 434//434 415//415
f 632//632 615//615 616//616
f 632//632 616//616 631//631
f 9//9 425//425 10//10
f 168//168 634//634 637//637
f 634//634 168//168 11//11
f 19//19 10//10 425//425
f 19//19 425//425 9//9
f 176//176 633//633 435//435
f 652//652 177//177 653//653
f 652//652 653//653 21//21
f 11//11 637//637 634//634
f 635//635 13//13 636//636
f 639//639 638//638 170//170
f 659//659 638//638 639//639
f 640//640 656//656 22//22
f 169//169 656//656 640//640
f 13//13 635//635 658//658
f 635//635 636//636 658//658
f 170//170 659//659 639//639
f 169//169 640//640 22//22
f 14//14 641//641 429//429
f 172//172 643//643 171//171
f 171//171 643//643 645//645
f 643//643 172//172 646//646
f 645//645 646//646 165//165
f 643//643 646//646 645//645
f 429//429 641//641 16//16
f 432//432 433//433 14//14
f 14//14 429//429 432//432
f 429//429 16//16 432//432
f 172//172 642//642 646//646
f 642//642 18//18 644//644
f 646//646 644//644 165//165
f 642//642 644//644 646//646
f 175//175 17//17 617//617
f 14//14 433//433 431//431
f 173//173 647//647 174//174
f 174//174 647//647 648//648
f 647//647 173//173 648//648
f 16//16 649//649 432//432
f 649//649 433//433 432//432
f 430//430 644//644 18//18
f 165//165 644//644 430//430
f 433//433 649//649 650//650
f 433//433 650//650 7//7
f 411//411 7//7 175//175
f 423//423 434//434 8//8
f 421//421 424//424 28//28
f 434//434 29//29 439//439
f 439//439 26//26 415//415
f 187//187 26//26 439//439
f 21//21 177//177 652//652
f 176//176 435//435 20//20
f 20//20 435//435 633//633
f 179//179 654//654 660//660
f 651//651 12//12 655//655
f 651//651 657//657 12//12
f 657//657 651//651 655//655
f 178//178 179//179 660//660
f 178//178 660//660 654//654
f 183//183 180//180 661//661
f 662//662 663//663 181//181
f 437//437 663//663 662//662
f 437//437 662//662 436//436
f 436//436 181//181 23//23
f 662//662 181//181 436//436
f 23//23 438//438 436//436
f 436//436 438//438 437//437
f 24//24 665//665 182//182
f 665//665 664//664 182//182
f 664//664 665//665 24//24
f 180//180 669//669 661//661
f 184//184 666//666 667//667
f 186//186 184//184 667//667
f 186//186 667//667 666//666
f 668//668 670//670 185//185
f 25//25 670//670 668//668
f 185//185 25//25 668//668
f 183//183 661//661 669//669
f 434//434 423//423 28//28
f 434//434 28//28 443//443
f 187//187 439//439 441//441
f 441//441 439//439 27//27
f 443//443 29//29 434//434
f 440//440 28//28 424//424
f 443//443 28//28 188//188
f 29//29 27//27 439//439
f 162//162 444//444 424//424
f 444//444 440//440 424//424
f 442//442 444//444 162//162
f 440//440 31//31 28//28
f 446//446 29//29 443//443
f 442//442 35//35 444//444
f 672//672 187//187 441//441
f 671//671 441//441 676//676
f 672//672 441//441 671//671
f 33//33 440//440 444//444
f 29//29 36//36 27//27
f 690//690 36//36 29//29
f 672//672 671//671 676//676
f 676//676 441//441 445//445
f 441//441 27//27 445//445
f 445//445 27//27 687//687
f 676//676 687//687 442//442
f 445//445 687//687 676//676
f 446//446 690//690 29//29
f 33//33 444//444 191//191
f 444//444 35//35 191//191
f 35//35 447//447 191//191
f 189//189 677//677 192//192
f 440//440 32//32 31//31
f 190//190 673//673 674//674
f 188//188 446//446 443//443
f 191//191 675//675 33//33
f 440//440 33//33 32//32
f 33//33 675//675 32//32
f 675//675 191//191 447//447
f 675//675 447//447 32//32
f 687//687 35//35 442//442
f 37//37 30//30 690//690
f 448//448 690//690 446//446
f 37//37 690//690 448//448
f 677//677 34//34 192//192
f 189//189 34//34 677//677
f 190//190 674//674 678//678
f 674//674 673//673 678//678
f 193//193 679//679 683//683
f 679//679 194//194 684//684
f 683//683 684//684 195//195
f 679//679 684//684 683//683
f 31//31 32//32 41//41
f 195//195 684//684 682//682
f 684//684 194//194 682//682
f 680//680 682//682 194//194
f 682//682 680//680 681//681
f 32//32 447//447 35//35
f 449//449 448//448 446//446
f 37//37 448//448 450//450
f 448//448 692//692 450//450
f 37//37 450//450 38//38
f 690//690 30//30 689//689
f 690//690 689//689 36//36
f 687//687 27//27 688//688
f 195//195 682//682 685//685
f 682//682 681//681 685//685
f 32//32 35//35 41//41
f 681//681 197//197 686//686
f 685//685 686//686 195//195
f 681//681 686//686 685//685
f 195//195 686//686 198//198
f 446//446 188//188 196//196
f 448//448 449//449 692//692
f 449//449 446//446 196//196
f 41//41 35//35 691//691
f 691//691 35//35 687//687
f 449//449 757//757 692//692
f 30//30 693//693 689//689
f 687//687 688//688 691//691
f 691//691 688//688 42//42
f 36//36 689//689 202//202
f 689//689 693//693 699//699
f 689//689 699//699 202//202
f 454//454 198//198 686//686
f 454//454 686//686 197//197
f 454//454 40//40 198//198
f 450//450 692//692 451//451
f 450//450 451//451 38//38
f 757//757 449//449 756//756
f 452//452 691//691 42//42
f 455//455 691//691 452//452
f 455//455 452//452 54//54
f 459//459 715//715 453//453
f 715//715 45//45 453//453
f 453//453 200//200 702//702
f 453//453 39//39 200//200
f 458//458 39//39 453//453
f 456//456 46//46 39//39
f 201//201 40//40 454//454
f 697//697 454//454 709//709
f 201//201 454//454 697//697
f 455//455 41//41 691//691
f 695//695 454//454 197//197
f 454//454 695//695 696//696
f 756//756 449//449 196//196
f 201//201 697//697 709//709
f 709//709 454//454 739//739
f 454//454 52//52 465//465
f 454//454 465//465 739//739
f 38//38 451//451 474//474
f 474//474 692//692 59//59
f 451//451 692//692 474//474
f 42//42 725//725 452//452
f 725//725 54//54 452//452
f 695//695 698//698 696//696
f 455//455 54//54 41//41
f 51//51 202//202 699//699
f 694//694 699//699 693//693
f 51//51 699//699 694//694
f 199//199 459//459 453//453
f 471//471 44//44 57//57
f 453//453 44//44 471//471
f 203//203 701//701 470//470
f 43//43 199//199 460//460
f 43//43 460//460 701//701
f 460//460 470//470 701//701
f 43//43 701//701 203//203
f 461//461 230//230 700//700
f 461//461 700//700 46//46
f 47//47 461//461 456//456
f 456//456 461//461 46//46
f 47//47 704//704 461//461
f 458//458 453//453 457//457
f 453//453 45//45 457//457
f 39//39 705//705 456//456
f 705//705 704//704 462//462
f 456//456 462//462 47//47
f 705//705 462//462 456//456
f 48//48 458//458 457//457
f 458//458 704//704 705//705
f 705//705 39//39 458//458
f 45//45 463//463 457//457
f 457//457 463//463 48//48
f 463//463 45//45 707//707
f 463//463 707//707 49//49
f 717//717 464//464 715//715
f 715//715 207//207 45//45
f 464//464 207//207 715//715
f 45//45 706//706 707//707
f 706//706 205//205 707//707
f 707//707 50//50 49//49
f 708//708 49//49 50//50
f 707//707 205//205 50//50
f 698//698 52//52 454//454
f 698//698 454//454 696//696
f 757//757 756//756 227//227
f 474//474 740//740 38//38
f 693//693 728//728 694//694
f 694//694 466//466 51//51
f 728//728 466//466 694//694
f 460//460 199//199 469//469
f 470//470 469//469 763//763
f 460//460 469//469 470//470
f 230//230 765//765 700//700
f 453//453 702//702 44//44
f 713//713 206//206 58//58
f 748//748 747//747 714//714
f 714//714 703//703 748//748
f 703//703 747//747 748//748
f 700//700 234//234 46//46
f 765//765 234//234 700//700
f 204//204 715//715 459//459
f 461//461 704//704 718//718
f 48//48 463//463 458//458
f 458//458 718//718 704//704
f 718//718 458//458 463//463
f 718//718 463//463 49//49
f 718//718 49//49 207//207
f 717//717 716//716 723//723
f 718//718 473//473 749//749
f 50//50 205//205 708//708
f 717//717 719//719 464//464
f 464//464 721//721 207//207
f 719//719 721//721 464//464
f 718//718 207//207 473//473
f 719//719 720//720 721//721
f 720//720 207//207 721//721
f 473//473 207//207 722//722
f 207//207 720//720 477//477
f 720//720 719//719 724//724
f 720//720 724//724 477//477
f 468//468 725//725 42//42
f 54//54 725//725 468//468
f 42//42 710//710 468//468
f 468//468 711//711 54//54
f 710//710 711//711 468//468
f 728//728 467//467 466//466
f 466//466 210//210 51//51
f 211//211 55//55 727//727
f 211//211 727//727 209//209
f 55//55 53//53 726//726
f 727//727 726//726 209//209
f 55//55 726//726 727//727
f 210//210 466//466 467//467
f 209//209 726//726 730//730
f 726//726 53//53 729//729
f 730//730 729//729 212//212
f 726//726 729//729 730//730
f 733//733 732//732 213//213
f 735//735 732//732 733//733
f 729//729 731//731 212//212
f 53//53 731//731 729//729
f 735//735 733//733 213//213
f 737//737 734//734 214//214
f 736//736 734//734 737//737
f 214//214 736//736 737//737
f 216//216 743//743 218//218
f 756//756 196//196 227//227
f 52//52 739//739 465//465
f 738//738 215//215 740//740
f 740//740 474//474 738//738
f 738//738 475//475 215//215
f 223//223 741//741 751//751
f 56//56 225//225 755//755
f 752//752 755//755 224//224
f 56//56 755//755 752//752
f 56//56 752//752 742//742
f 752//752 224//224 742//742
f 217//217 223//223 751//751
f 217//217 751//751 741//741
f 226//226 218//218 743//743
f 226//226 743//743 216//216
f 57//57 744//744 471//471
f 744//744 229//229 471//471
f 744//744 57//57 219//219
f 230//230 745//745 765//765
f 471//471 763//763 469//469
f 453//453 469//469 199//199
f 471//471 469//469 453//453
f 206//206 713//713 712//712
f 713//713 58//58 472//472
f 712//712 472//472 769//769
f 713//713 472//472 712//712
f 58//58 220//220 746//746
f 472//472 746//746 769//769
f 58//58 746//746 472//472
f 715//715 716//716 717//717
f 718//718 230//230 461//461
f 208//208 222//222 750//750
f 208//208 750//750 60//60
f 474//474 59//59 475//475
f 474//474 475//475 738//738
f 222//222 753//753 754//754
f 753//753 224//224 755//755
f 754//754 755//755 225//225
f 753//753 755//755 754//754
f 222//222 754//754 750//750
f 750//750 225//225 60//60
f 754//754 225//225 750//750
f 221//221 228//228 758//758
f 221//221 758//758 759//759
f 758//758 228//228 759//759
f 722//722 207//207 476//476
f 724//724 723//723 477//477
f 207//207 477//477 476//476
f 476//476 477//477 63//63
f 477//477 723//723 478//478
f 477//477 478//478 63//63
f 63//63 760//760 476//476
f 488//488 478//478 723//723
f 70//70 478//478 488//488
f 745//745 480//480 479//479
f 479//479 229//229 61//61
f 480//480 229//229 479//479
f 229//229 744//744 762//762
f 744//744 219//219 762//762
f 481//481 219//219 57//57
f 762//762 219//219 761//761
f 762//762 761//761 229//229
f 229//229 761//761 246//246
f 761//761 219//219 481//481
f 761//761 481//481 246//246
f 229//229 480//480 471//471
f 480//480 745//745 471//471
f 745//745 763//763 471//471
f 220//220 764//764 746//746
f 764//764 769//769 746//746
f 57//57 44//44 481//481
f 44//44 702//702 481//481
f 716//716 715//715 204//204
f 62//62 766//766 236//236
f 231//231 767//767 770//770
f 767//767 232//232 771//771
f 770//770 771//771 235//235
f 767//767 771//771 770//770
f 230//230 718//718 62//62
f 62//62 718//718 766//766
f 64//64 718//718 484//484
f 484//484 718//718 749//749
f 484//484 749//749 473//473
f 722//722 484//484 473//473
f 488//488 723//723 716//716
f 67//67 722//722 490//490
f 722//722 476//476 490//490
f 490//490 476//476 760//760
f 760//760 768//768 778//778
f 778//778 490//490 760//760
f 494//494 246//246 780//780
f 499//499 61//61 233//233
f 482//482 61//61 499//499
f 499//499 75//75 482//482
f 61//61 482//482 479//479
f 482//482 745//745 479//479
f 75//75 765//765 482//482
f 765//765 745//745 482//482
f 483//483 780//780 481//481
f 780//780 246//246 481//481
f 702//702 483//483 481//481
f 73//73 234//234 765//765
f 764//764 483//483 769//769
f 718//718 64//64 766//766
f 766//766 64//64 236//236
f 238//238 237//237 486//486
f 240//240 486//486 772//772
f 772//772 486//486 237//237
f 237//237 239//239 772//772
f 240//240 487//487 486//486
f 238//238 486//486 241//241
f 486//486 487//487 241//241
f 64//64 484//484 773//773
f 784//784 773//773 485//485
f 488//488 716//716 204//204
f 484//484 722//722 773//773
f 485//485 773//773 722//722
f 784//784 485//485 722//722
f 240//240 66//66 487//487
f 488//488 65//65 489//489
f 65//65 488//488 204//204
f 242//242 775//775 774//774
f 775//775 488//488 489//489
f 774//774 489//489 65//65
f 775//775 489//489 774//774
f 241//241 487//487 66//66
f 782//782 783//783 786//786
f 783//783 74//74 786//786
f 775//775 242//242 495//495
f 775//775 495//495 488//488
f 242//242 68//68 495//495
f 785//785 243//243 776//776
f 488//488 495//495 70//70
f 63//63 478//478 71//71
f 779//779 67//67 490//490
f 777//777 71//71 478//478
f 478//478 70//70 777//777
f 243//243 244//244 491//491
f 243//243 491//491 776//776
f 776//776 491//491 69//69
f 779//779 490//490 778//778
f 768//768 779//779 778//778
f 491//491 244//244 492//492
f 777//777 70//70 71//71
f 245//245 493//493 781//781
f 72//72 496//496 233//233
f 247//247 781//781 493//493
f 245//245 247//247 493//493
f 496//496 499//499 233//233
f 246//246 494//494 790//790
f 800//800 790//790 780//780
f 494//494 780//780 790//790
f 796//796 800//800 780//780
f 795//795 796//796 780//780
f 73//73 792//792 76//76
f 792//792 75//75 793//793
f 792//792 793//793 76//76
f 792//792 73//73 765//765
f 792//792 765//765 75//75
f 483//483 764//764 780//780
f 780//780 764//764 795//795
f 764//764 220//220 795//795
f 240//240 772//772 239//239
f 74//74 783//783 782//782
f 784//784 722//722 67//67
f 787//787 248//248 785//785
f 248//248 787//787 69//69
f 787//787 785//785 776//776
f 787//787 776//776 69//69
f 70//70 495//495 68//68
f 788//788 69//69 491//491
f 491//491 492//492 788//788
f 244//244 788//788 492//492
f 249//249 500//500 250//250
f 72//72 497//497 496//496
f 496//496 497//497 789//789
f 72//72 789//789 497//497
f 500//500 496//496 789//789
f 250//250 500//500 789//789
f 496//496 500//500 499//499
f 500//500 249//249 499//499
f 249//249 75//75 499//499
f 790//790 501//501 251//251
f 802//802 253//253 801//801
f 498//498 800//800 796//796
f 501//501 800//800 498//498
f 794//794 251//251 791//791
f 793//793 791//791 498//498
f 794//794 791//791 793//793
f 251//251 501//501 791//791
f 501//501 498//498 791//791
f 795//795 220//220 796//796
f 498//498 76//76 793//793
f 75//75 794//794 793//793
f 799//799 252//252 798//798
f 253//253 802//802 803//803
f 800//800 501//501 790//790
f 799//799 797//797 252//252
f 798//798 797//797 799//799
f 803//803 802//802 801//801
f 77//77 78//78 502//502
f 502//502 503//503 77//77
f 263//263 503//503 502//502
f 78//78 522//522 502//502
f 505//505 502//502 522//522
f 263//263 502//502 505//505
f 520//520 505//505 522//522
f 506//506 263//263 505//505
f 815//815 81//81 87//87
f 511//511 522//522 519//519
f 79//79 519//519 522//522
f 819//819 254//254 83//83
f 278//278 254//254 819//819
f 79//79 522//522 78//78
f 805//805 256//256 804//804
f 255//255 77//77 503//503
f 255//255 503//503 263//263
f 256//256 805//805 806//806
f 805//805 804//804 806//806
f 506//506 507//507 80//80
f 507//507 506//506 809//809
f 266//266 257//257 823//823
f 809//809 506//506 505//505
f 507//507 809//809 505//505
f 507//507 505//505 86//86
f 258//258 807//807 808//808
f 86//86 505//505 509//509
f 509//509 505//505 272//272
f 811//811 810//810 259//259
f 88//88 810//810 811//811
f 815//815 87//87 812//812
f 812//812 81//81 815//815
f 504//504 262//262 814//814
f 816//816 82//82 260//260
f 817//817 82//82 816//816
f 817//817 816//816 260//260
f 504//504 814//814 818//818
f 813//813 835//835 261//261
f 262//262 504//504 818//818
f 857//857 889//889 512//512
f 857//857 279//279 513//513
f 857//857 512//512 820//820
f 857//857 820//820 263//263
f 857//857 506//506 80//80
f 857//857 80//80 515//515
f 857//857 515//515 279//279
f 857//857 263//263 506//506
f 507//507 515//515 80//80
f 515//515 507//507 84//84
f 823//823 822//822 266//266
f 257//257 822//822 823//823
f 808//808 807//807 824//824
f 808//808 824//824 258//258
f 267//267 821//821 264//264
f 264//264 821//821 825//825
f 821//821 267//267 825//825
f 84//84 507//507 828//828
f 265//265 508//508 829//829
f 265//265 85//85 508//508
f 847//847 281//281 268//268
f 281//281 847//847 269//269
f 847//847 268//268 827//827
f 847//847 827//827 269//269
f 86//86 509//509 507//507
f 829//829 508//508 510//510
f 508//508 85//85 510//510
f 509//509 828//828 507//507
f 269//269 827//827 833//833
f 827//827 268//268 833//833
f 272//272 828//828 509//509
f 85//85 830//830 510//510
f 830//830 829//829 510//510
f 505//505 520//520 272//272
f 88//88 826//826 273//273
f 271//271 831//831 832//832
f 832//832 274//274 271//271
f 831//831 274//274 832//832
f 259//259 273//273 826//826
f 811//811 826//826 88//88
f 259//259 826//826 811//811
f 261//261 834//834 813//813
f 813//813 834//834 835//835
f 289//289 511//511 519//519
f 837//837 841//841 289//289
f 841//841 275//275 838//838
f 841//841 838//838 289//289
f 838//838 276//276 511//511
f 838//838 511//511 289//289
f 522//522 511//511 276//276
f 275//275 839//839 840//840
f 840//840 514//514 859//859
f 839//839 514//514 840//840
f 275//275 840//840 838//838
f 840//840 859//859 522//522
f 838//838 522//522 276//276
f 840//840 522//522 838//838
f 842//842 277//277 89//89
f 842//842 89//89 843//843
f 842//842 843//843 512//512
f 83//83 278//278 819//819
f 89//89 263//263 820//820
f 843//843 820//820 512//512
f 89//89 820//820 843//843
f 279//279 90//90 513//513
f 513//513 90//90 862//862
f 859//859 514//514 845//845
f 514//514 839//839 844//844
f 514//514 844//844 845//845
f 520//520 522//522 859//859
f 279//279 515//515 90//90
f 844//844 860//860 845//845
f 860//860 859//859 845//845
f 280//280 90//90 515//515
f 862//862 90//90 861//861
f 90//90 280//280 861//861
f 280//280 515//515 282//282
f 846//846 516//516 280//280
f 516//516 846//846 521//521
f 523//523 294//294 93//93
f 869//869 294//294 523//523
f 292//292 516//516 521//521
f 848//848 283//283 867//867
f 848//848 849//849 283//283
f 867//867 849//849 848//848
f 286//286 285//285 850//850
f 282//282 515//515 84//84
f 287//287 853//853 852//852
f 852//852 270//270 286//286
f 853//853 270//270 852//852
f 286//286 850//850 852//852
f 852//852 285//285 287//287
f 850//850 285//285 852//852
f 297//297 874//874 91//91
f 94//94 854//854 524//524
f 299//299 91//91 874//874
f 299//299 874//874 297//297
f 853//853 287//287 851//851
f 853//853 851//851 270//270
f 517//517 837//837 855//855
f 881//881 518//518 529//529
f 518//518 92//92 517//517
f 529//529 517//517 96//96
f 518//518 517//517 529//529
f 517//517 92//92 836//836
f 517//517 836//836 837//837
f 889//889 857//857 856//856
f 275//275 841//841 92//92
f 841//841 837//837 836//836
f 841//841 836//836 92//92
f 856//856 513//513 862//862
f 857//857 513//513 856//856
f 277//277 842//842 858//858
f 842//842 512//512 889//889
f 858//858 889//889 884//884
f 842//842 889//889 858//858
f 292//292 862//862 861//861
f 861//861 280//280 516//516
f 292//292 861//861 516//516
f 290//290 863//863 291//291
f 863//863 865//865 291//291
f 864//864 863//863 290//290
f 866//866 863//863 864//864
f 863//863 866//866 865//865
f 284//284 527//527 873//873
f 866//866 864//864 865//865
f 523//523 525//525 869//869
f 868//868 527//527 284//284
f 293//293 295//295 870//870
f 293//293 870//870 871//871
f 870//870 295//295 871//871
f 298//298 288//288 872//872
f 93//93 875//875 523//523
f 298//298 872//872 878//878
f 872//872 288//288 878//878
f 95//95 525//525 877//877
f 877//877 523//523 875//875
f 525//525 523//523 877//877
f 854//854 876//876 524//524
f 524//524 875//875 94//94
f 876//876 875//875 524//524
f 854//854 526//526 876//876
f 526//526 95//95 877//877
f 876//876 877//877 875//875
f 526//526 877//877 876//876
f 873//873 527//527 868//868
f 879//879 880//880 300//300
f 296//296 880//880 879//879
f 300//300 296//296 879//879
f 289//289 519//519 855//855
f 519//519 532//532 855//855
f 528//528 96//96 517//517
f 528//528 517//517 855//855
f 529//529 96//96 881//881
f 532//532 519//519 79//79
f 301//301 530//530 99//99
f 883//883 302//302 888//888
f 883//883 888//888 887//887
f 302//302 883//883 887//887
f 301//301 531//531 530//530
f 531//531 96//96 528//528
f 530//530 528//528 855//855
f 531//531 528//528 530//530
f 99//99 530//530 532//532
f 532//532 530//530 855//855
f 97//97 882//882 533//533
f 303//303 97//97 533//533
f 303//303 533//533 882//882
f 891//891 534//534 532//532
f 532//532 98//98 99//99
f 534//534 98//98 532//532
f 304//304 890//890 895//895
f 890//890 305//305 896//896
f 895//895 896//896 307//307
f 890//890 896//896 895//895
f 889//889 536//536 884//884
f 535//535 886//886 100//100
f 101//101 886//886 535//535
f 532//532 545//545 891//891
f 98//98 534//534 892//892
f 534//534 891//891 892//892
f 856//856 885//885 889//889
f 885//885 102//102 536//536
f 885//885 536//536 889//889
f 305//305 894//894 896//896
f 894//894 306//306 897//897
f 896//896 897//897 307//307
f 894//894 897//897 896//896
f 885//885 108//108 544//544
f 885//885 544//544 102//102
f 308//308 931//931 933//933
f 308//308 898//898 900//900
f 898//898 550//550 900//900
f 310//310 904//904 312//312
f 313//313 538//538 104//104
f 316//316 966//966 345//345
f 312//312 904//904 905//905
f 957//957 117//117 340//340
f 538//538 103//103 104//104
f 103//103 538//538 539//539
f 538//538 313//313 539//539
f 314//314 116//116 909//909
f 314//314 909//909 914//914
f 115//115 911//911 906//906
f 317//317 910//910 105//105
f 907//907 346//346 912//912
f 910//910 540//540 105//105
f 317//317 540//540 910//910
f 915//915 318//318 913//913
f 912//912 541//541 907//907
f 909//909 116//116 914//914
f 976//976 318//318 915//915
f 976//976 915//915 913//913
f 321//321 978//978 916//916
f 919//919 916//916 978//978
f 321//321 916//916 919//919
f 320//320 106//106 921//921
f 320//320 921//921 322//322
f 981//981 856//856 319//319
f 856//856 981//981 918//918
f 918//918 981//981 133//133
f 133//133 108//108 918//918
f 106//106 107//107 922//922
f 921//921 922//922 322//322
f 106//106 922//922 921//921
f 107//107 542//542 922//922
f 542//542 100//100 920//920
f 922//922 920//920 322//322
f 542//542 920//920 922//922
f 101//101 535//535 543//543
f 535//535 100//100 542//542
f 543//543 542//542 107//107
f 535//535 542//542 543//543
f 924//924 323//323 893//893
f 326//326 928//928 985//985
f 928//928 324//324 984//984
f 985//985 984//984 1020//1020
f 928//928 984//984 985//985
f 545//545 532//532 79//79
f 326//326 927//927 926//926
f 927//927 307//307 897//897
f 926//926 897//897 306//306
f 927//927 897//897 926//926
f 324//324 928//928 306//306
f 928//928 326//326 926//926
f 928//928 926//926 306//306
f 885//885 856//856 918//918
f 885//885 918//918 108//108
f 537//537 929//929 903//903
f 930//930 929//929 537//537
f 931//931 308//308 899//899
f 931//931 899//899 933//933
f 899//899 308//308 900//900
f 899//899 900//900 550//550
f 558//558 110//110 967//967
f 558//558 967//967 109//109
f 902//902 121//121 942//942
f 902//902 942//942 941//941
f 945//945 311//311 901//901
f 945//945 901//901 941//941
f 561//561 942//942 121//121
f 901//901 311//311 902//902
f 901//901 902//902 941//941
f 329//329 546//546 934//934
f 329//329 934//934 935//935
f 934//934 546//546 935//935
f 945//945 937//937 1008//1008
f 941//941 937//937 945//945
f 330//330 939//939 940//940
f 942//942 561//561 941//941
f 332//332 936//936 943//943
f 129//129 331//331 938//938
f 941//941 367//367 937//937
f 547//547 328//328 1004//1004
f 128//128 332//332 943//943
f 128//128 943//943 936//936
f 1007//1007 1006//1006 366//366
f 365//365 1006//1006 1007//1007
f 905//905 904//904 310//310
f 958//958 960//960 959//959
f 958//958 959//959 944//944
f 311//311 945//945 333//333
f 334//334 335//335 947//947
f 334//334 947//947 946//946
f 947//947 335//335 946//946
f 944//944 960//960 958//958
f 1008//1008 548//548 945//945
f 945//945 548//548 333//333
f 548//548 111//111 333//333
f 336//336 950//950 964//964
f 338//338 962//962 963//963
f 132//132 952//952 563//563
f 563//563 952//952 951//951
f 548//548 549//549 111//111
f 1008//1008 549//549 548//548
f 339//339 948//948 954//954
f 338//338 963//963 953//953
f 963//963 962//962 961//961
f 963//963 961//961 953//953
f 948//948 564//564 954//954
f 954//954 565//565 339//339
f 564//564 565//565 954//954
f 111//111 549//549 1011//1011
f 114//114 1013//1013 955//955
f 131//131 949//949 1009//1009
f 949//949 337//337 1009//1009
f 337//337 949//949 131//131
f 961//961 565//565 953//953
f 953//953 564//564 948//948
f 565//565 564//564 953//953
f 953//953 948//948 338//338
f 971//971 551//551 956//956
f 972//972 956//956 340//340
f 971//971 956//956 972//972
f 551//551 972//972 112//112
f 971//971 972//972 551//551
f 950//950 342//342 964//964
f 969//969 973//973 970//970
f 348//348 973//973 969//969
f 342//342 950//950 336//336
f 344//344 1015//1015 343//343
f 343//343 1015//1015 974//974
f 1015//1015 344//344 974//974
f 933//933 899//899 560//560
f 899//899 550//550 560//560
f 109//109 345//345 966//966
f 967//967 1014//1014 109//109
f 110//110 1003//1003 967//967
f 1003//1003 1014//1014 967//967
f 1014//1014 1003//1003 362//362
f 955//955 908//908 113//113
f 1013//1013 908//908 955//955
f 346//346 908//908 1013//1013
f 341//341 968//968 965//965
f 551//551 552//552 956//956
f 552//552 117//117 957//957
f 956//956 957//957 340//340
f 552//552 957//957 956//956
f 347//347 341//341 965//965
f 347//347 965//965 968//968
f 348//348 969//969 970//970
f 350//350 349//349 975//975
f 114//114 955//955 113//113
f 351//351 115//115 906//906
f 351//351 906//906 911//911
f 315//315 907//907 541//541
f 908//908 315//315 113//113
f 349//349 977//977 975//975
f 908//908 346//346 907//907
f 908//908 907//907 315//315
f 350//350 975//975 977//977
f 134//134 980//980 979//979
f 980//980 352//352 979//979
f 319//319 982//982 981//981
f 352//352 553//553 979//979
f 553//553 983//983 979//979
f 566//566 134//134 979//979
f 566//566 979//979 983//983
f 352//352 566//566 553//553
f 553//553 566//566 983//983
f 352//352 323//323 923//923
f 917//917 923//923 554//554
f 352//352 923//923 917//917
f 554//554 134//134 566//566
f 917//917 566//566 352//352
f 554//554 566//566 917//917
f 923//923 323//323 924//924
f 554//554 924//924 893//893
f 923//923 924//924 554//554
f 369//369 1021//1021 1022//1022
f 1021//1021 1018//1018 925//925
f 1022//1022 925//925 325//325
f 1021//1021 925//925 1022//1022
f 1019//1019 1017//1017 986//986
f 1019//1019 986//986 353//353
f 984//984 324//324 1020//1020
f 135//135 119//119 567//567
f 577//577 556//556 135//135
f 555//555 1026//1026 118//118
f 119//119 1026//1026 555//555
f 135//135 556//556 118//118
f 118//118 556//556 555//555
f 555//555 556//556 119//119
f 567//567 119//119 556//556
f 577//577 559//559 930//930
f 1023//1023 559//559 577//577
f 556//556 903//903 567//567
f 567//567 903//903 988//988
f 355//355 120//120 987//987
f 355//355 987//987 372//372
f 903//903 556//556 537//537
f 537//537 556//556 930//930
f 559//559 311//311 930//930
f 356//356 989//989 990//990
f 309//309 356//356 990//990
f 309//309 990//990 989//989
f 559//559 121//121 902//902
f 559//559 902//902 311//311
f 557//557 576//576 354//354
f 568//568 576//576 557//557
f 1023//1023 580//580 559//559
f 559//559 572//572 121//121
f 580//580 572//572 559//559
f 572//572 357//357 122//122
f 558//558 316//316 569//569
f 558//558 569//569 124//124
f 1028//1028 991//991 357//357
f 373//373 991//991 1028//1028
f 1005//1005 328//328 547//547
f 1005//1005 547//547 1004//1004
f 966//966 558//558 109//109
f 316//316 558//558 966//966
f 122//122 121//121 572//572
f 364//364 357//357 991//991
f 364//364 991//991 373//373
f 110//110 558//558 124//124
f 127//127 994//994 932//932
f 994//994 358//358 995//995
f 932//932 995//995 327//327
f 994//994 995//995 932//932
f 550//550 933//933 560//560
f 354//354 124//124 557//557
f 126//126 993//993 997//997
f 993//993 992//992 998//998
f 993//993 998//998 997//997
f 123//123 359//359 996//996
f 360//360 362//362 1000//1000
f 360//360 1000//1000 126//126
f 123//123 996//996 1001//1001
f 996//996 359//359 1001//1001
f 997//997 998//998 999//999
f 125//125 1002//1002 363//363
f 997//997 999//999 126//126
f 992//992 993//993 110//110
f 362//362 993//993 1000//1000
f 1000//1000 993//993 126//126
f 1003//1003 110//110 993//993
f 1003//1003 993//993 362//362
f 361//361 363//363 1002//1002
f 361//361 1002//1002 125//125
f 366//366 365//365 1007//1007
f 130//130 330//330 940//940
f 130//130 940//940 939//939
f 129//129 938//938 562//562
f 938//938 331//331 562//562
f 367//367 1008//1008 937//937
f 563//563 1012//1012 132//132
f 951//951 1012//1012 563//563
f 1008//1008 1010//1010 549//549
f 1010//1010 1011//1011 549//549
f 982//982 133//133 981//981
f 353//353 1017//1017 1019//1019
f 368//368 1018//1018 1016//1016
f 368//368 1016//1016 369//369
f 1016//1016 1018//1018 1021//1021
f 1016//1016 1021//1021 369//369
f 930//930 556//556 577//577
f 138//138 1024//1024 371//371
f 1024//1024 138//138 1025//1025
f 1025//1025 371//371 1024//1024
f 570//570 577//577 135//135
f 570//570 135//135 567//567
f 570//570 567//567 988//988
f 372//372 987//987 120//120
f 354//354 576//576 376//376
f 140//140 580//580 577//577
f 577//577 580//580 1023//1023
f 576//576 568//568 569//569
f 576//576 1030//1030 1029//1029
f 568//568 557//557 569//569
f 557//557 124//124 569//569
f 580//580 574//574 572//572
f 574//574 357//357 572//572
f 580//580 573//573 574//574
f 573//573 136//136 574//574
f 316//316 1027//1027 569//569
f 357//357 574//574 1028//1028
f 1028//1028 136//136 373//373
f 574//574 136//136 1028//1028
f 140//140 577//577 585//585
f 577//577 570//570 585//585
f 370//370 137//137 571//571
f 988//988 1056//1056 585//585
f 988//988 585//585 570//570
f 370//370 571//571 576//576
f 576//576 571//571 376//376
f 578//578 375//375 370//370
f 578//578 142//142 375//375
f 1036//1036 578//578 576//576
f 578//578 370//370 576//576
f 575//575 1036//1036 576//576
f 575//575 576//576 1029//1029
f 581//581 580//580 140//140
f 580//580 581//581 573//573
f 143//143 573//573 1031//1031
f 1031//1031 573//573 144//144
f 573//573 143//143 136//136
f 1027//1027 1030//1030 569//569
f 1030//1030 576//576 569//569
f 383//383 140//140 585//585
f 378//378 1032//1032 145//145
f 374//374 1034//1034 1035//1035
f 141//141 1044//1044 591//591
f 1044//1044 374//374 591//591
f 1044//1044 1034//1034 374//374
f 141//141 1034//1034 1044//1044
f 141//141 571//571 379//379
f 571//571 137//137 1033//1033
f 571//571 1033//1033 379//379
f 376//376 571//571 587//587
f 587//587 571//571 141//141
f 141//141 579//579 1034//1034
f 579//579 379//379 1033//1033
f 1035//1035 1034//1034 581//581
f 1050//1050 376//376 587//587
f 377//377 1047//1047 382//382
f 579//579 1033//1033 583//583
f 579//579 583//583 1034//1034
f 1034//1034 583//583 581//581
f 137//137 583//583 1033//1033
f 578//578 1036//1036 575//575
f 578//578 575//575 142//142
f 583//583 137//137 582//582
f 575//575 139//139 142//142
f 1038//1038 1037//1037 380//380
f 381//381 1037//1037 1038//1038
f 381//381 1038//1038 1040//1040
f 1038//1038 380//380 1039//1039
f 1038//1038 1039//1039 1040//1040
f 582//582 380//380 1037//1037
f 583//583 1037//1037 381//381
f 582//582 1037//1037 583//583
f 144//144 573//573 381//381
f 573//573 581//581 583//583
f 573//573 583//583 381//381
f 1040//1040 1041//1041 381//381
f 1039//1039 1041//1041 1040//1040
f 1031//1031 144//144 143//143
f 575//575 1029//1029 1030//1030
f 575//575 1030//1030 139//139
f 1030//1030 1027//1027 139//139
f 1042//1042 1032//1032 378//378
f 584//584 1032//1032 1042//1042
f 1032//1032 584//584 145//145
f 591//591 374//374 1043//1043
f 146//146 382//382 1047//1047
f 383//383 585//585 588//588
f 588//588 585//585 1056//1056
f 1045//1045 1046//1046 384//384
f 383//383 1046//1046 1045//1045
f 383//383 1045//1045 1042//1042
f 384//384 586//586 1045//1045
f 586//586 145//145 584//584
f 1045//1045 584//584 1042//1042
f 586//586 584//584 1045//1045
f 592//592 587//587 141//141
f 1049//1049 1056//1056 988//988
f 592//592 387//387 587//587
f 1050//1050 587//587 1051//1051
f 1051//1051 587//587 387//387
f 147//147 589//589 1048//1048
f 589//589 146//146 1047//1047
f 1048//1048 1047//1047 377//377
f 589//589 1047//1047 1048//1048
f 1050//1050 1051//1051 385//385
f 590//590 588//588 1058//1058
f 148//148 588//588 590//590
f 148//148 590//590 1058//1058
f 148//148 384//384 1046//1046
f 588//588 148//148 1046//1046
f 588//588 1046//1046 383//383
f 1058//1058 588//588 1056//1056
f 385//385 1051//1051 1052//1052
f 1051//1051 387//387 1052//1052
f 386//386 146//146 589//589
f 1054//1054 589//589 147//147
f 386//386 589//589 1054//1054
f 592//592 141//141 591//591
f 592//592 591//591 1043//1043
f 387//387 592//592 1060//1060
f 592//592 1043//1043 1057//1057
f 1058//1058 1056//1056 599//599
f 1056//1056 1049//1049 599//599
f 1060//1060 391//391 387//387
f 390//390 386//386 1054//1054
f 390//390 1054//1054 392//392
f 1057//1057 1060//1060 592//592
f 147//147 392//392 1054//1054
f 1053//1053 388//388 1055//1055
f 1053//1053 1055//1055 1062//1062
f 595//595 598//598 394//394
f 149//149 598//598 595//595
f 603//603 597//597 1059//1059
f 149//149 593//593 598//598
f 593//593 599//599 598//598
f 598//598 599//599 394//394
f 597//597 594//594 1059//1059
f 1059//1059 594//594 393//393
f 594//594 389//389 393//393
f 1058//1058 593//593 149//149
f 599//599 593//593 1058//1058
f 597//597 389//389 594//594
f 150//150 599//599 1049//1049
f 1060//1060 151//151 391//391
f 1055//1055 388//388 1062//1062
f 596//596 1097//1097 595//595
f 394//394 596//596 595//595
f 1079//1079 1097//1097 154//154
f 595//595 1097//1097 1079//1079
f 595//595 1079//1079 149//149
f 1063//1063 1064//1064 603//603
f 1079//1079 152//152 149//149
f 603//603 1059//1059 1063//1063
f 1059//1059 393//393 1064//1064
f 1059//1059 1064//1064 1063//1063
f 395//395 1065//1065 1066//1066
f 1065//1065 1074//1074 1061//1061
f 1066//1066 1061//1061 1057//1057
f 1065//1065 1061//1061 1066//1066
f 1060//1060 609//609 151//151
f 1068//1068 397//397 1069//1069
f 1071//1071 1069//1069 1070//1070
f 1068//1068 1069//1069 1071//1071
f 599//599 150//150 602//602
f 1069//1069 397//397 1067//1067
f 1069//1069 1067//1067 1070//1070
f 1089//1089 601//601 606//606
f 1095//1095 401//401 1075//1075
f 1095//1095 1075//1075 399//399
f 604//604 605//605 600//600
f 604//604 600//600 152//152
f 1072//1072 153//153 1073//1073
f 402//402 1076//1076 156//156
f 156//156 1076//1076 1078//1078
f 1076//1076 402//402 1078//1078
f 1096//1096 153//153 1072//1072
f 1096//1096 1072//1072 1073//1073
f 398//398 1081//1081 396//396
f 152//152 1079//1079 604//604
f 1079//1079 154//154 604//604
f 605//605 604//604 154//154
f 398//398 1080//1080 1081//1081
f 1080//1080 396//396 1081//1081
f 596//596 602//602 1097//1097
f 394//394 602//602 596//596
f 602//602 394//394 599//599
f 1098//1098 602//602 608//608
f 159//159 608//608 150//150
f 608//608 602//602 150//150
f 1060//1060 1057//1057 1061//1061
f 609//609 1061//1061 1074//1074
f 1060//1060 1061//1061 609//609
f 408//408 1108//1108 1109//1109
f 1108//1108 397//397 1068//1068
f 1109//1109 1068//1068 1071//1071
f 1108//1108 1068//1068 1109//1109
f 1082//1082 400//400 1084//1084
f 1082//1082 1083//1083 400//400
f 1084//1084 1083//1083 1082//1082
f 606//606 601//601 155//155
f 1086//1086 1088//1088 1087//1087
f 1086//1086 1087//1087 1077//1077
f 1086//1086 1077//1077 1088//1088
f 155//155 1089//1089 606//606
f 1075//1075 1090//1090 399//399
f 401//401 1090//1090 1075//1075
f 1092//1092 158//158 1085//1085
f 1093//1093 157//157 1094//1094
f 1085//1085 1091//1091 1092//1092
f 1092//1092 1091//1091 158//158
f 1098//1098 608//608 1095//1095
f 1095//1095 159//159 401//401
f 608//608 159//159 1095//1095
f 1095//1095 399//399 1098//1098
f 1097//1097 602//602 1098//1098
f 395//395 1074//1074 1065//1065
f 1108//1108 1110//1110 397//397
f 408//408 1110//1110 1108//1108
f 1106//1106 407//407 607//607
f 407//407 1106//1106 1107//1107
f 1106//1106 607//607 1107//1107
f 403//403 1100//1100 404//404
f 1094//1094 1099//1099 1093//1093
f 1093//1093 1099//1099 157//157
f 404//404 1100//1100 1102//1102
f 1100//1100 403//403 1102//1102
f 1103//1103 409//409 1101//1101
f 405//405 1105//1105 1104//1104
f 1105//1105 406//406 1104//1104
f 405//405 406//406 1105//1105
f 1101//1101 410//410 1111//1111
f 409//409 1103//1103 410//410
f 1103//1103 1101//1101 1111//1111
f 1103//1103 1111//1111 410//410
