# decimated by Tools/decimate_anatomy.py from 50812 triangles (BodyParts3D, CC BY 4.0)
v 0.06316299 -0.01658180 0.13881221
v 0.06233830 -0.01706234 0.13890723
v 0.06588198 -0.01877545 0.13392587
v 0.06543012 -0.01741028 0.13662576
v 0.06449696 -0.02070687 0.12922072
v 0.06404589 -0.01517040 0.13861447
v 0.06260795 -0.01488696 0.13947084
v 0.06571356 -0.01610986 0.13683392
v 0.06549402 -0.01351102 0.13708157
v 0.06636413 -0.01266643 0.13424367
v 0.06486958 -0.01605806 0.13779993
v 0.06583617 -0.01753158 0.12786867
v 0.06344181 -0.00963534 0.12848661
v 0.05726314 -0.02049851 0.13550212
v 0.06210185 -0.02244347 0.13071951
v 0.05579930 -0.02312475 0.12530024
v 0.05884936 -0.01202000 0.13967438
v 0.06029560 -0.02239994 0.12391397
v 0.05594905 -0.02291175 0.12054382
v 0.06294596 -0.00840632 0.11307327
v 0.06369987 -0.00545607 0.09960109
v 0.05881416 0.00096654 0.09980957
v 0.04264881 -0.00999705 0.19480530
v 0.04375920 -0.00830842 0.19177990
v 0.04251779 -0.00003938 0.18734188
v 0.04221967 0.00503479 0.17672711
v 0.05381070 -0.01993276 0.13295779
v 0.05187598 -0.01500471 0.13439426
v 0.05322854 -0.00628367 0.13012933
v 0.05391856 -0.00447863 0.12421389
v 0.05741636 -0.00441899 0.11900173
v 0.05885427 -0.01042822 0.08565847
v 0.03867413 -0.01075190 0.19734559
v 0.04093619 -0.01356731 0.19029057
v 0.04058449 -0.01372415 0.19180458
v 0.03856435 -0.01435091 0.19278430
v 0.04085985 -0.01044353 0.19640253
v 0.04126381 -0.00894985 0.19637548
v 0.03752495 -0.00920930 0.19805125
v 0.03872995 -0.01154737 0.18107262
v 0.04197938 -0.01129877 0.18446628
v 0.03898338 -0.00948281 0.17893444
v 0.03640759 0.00311885 0.18814669
v 0.03864217 0.00547458 0.18452881
v 0.04952837 -0.02137075 0.12118378
v 0.04919359 -0.02047557 0.12469268
v 0.03691127 0.00956699 0.17955259
v 0.03495665 0.02066198 0.15897542
v 0.05409041 -0.02036829 0.10819780
v 0.04840140 -0.00601097 0.12255951
v 0.05341417 -0.01848181 0.09219785
v 0.04130582 0.01496609 0.15130139
v 0.05132253 0.00212180 0.09953569
v 0.05203420 0.00213152 0.10163268
v 0.05380181 -0.01597714 0.06289289
v 0.05473084 0.00366126 0.07382165
v 0.05536622 0.00071072 0.06010244
v 0.03247703 -0.00982478 0.19601666
v 0.03235565 -0.01334864 0.18998978
v 0.03050255 -0.01049139 0.19306979
v 0.03378383 -0.00930092 0.19719746
v 0.03480557 -0.00678007 0.19735019
v 0.03263427 -0.00833759 0.19637684
v 0.03651698 -0.01285958 0.18266027
v 0.03208222 -0.01179783 0.18180008
v 0.03083198 0.00228415 0.18818574
v 0.03340962 -0.01020233 0.17884314
v 0.03097110 0.00833458 0.18263667
v 0.03015318 0.00703704 0.18378215
v 0.03462930 0.00041097 0.15922404
v 0.04400238 -0.01619740 0.11999881
v 0.04336266 -0.01470136 0.11944290
v 0.04314468 -0.01690601 0.11559963
v 0.04092594 -0.01315978 0.10837549
v 0.04233030 -0.01118341 0.11606946
v 0.04239179 -0.01634317 0.10546707
v 0.04874994 -0.02319564 0.07202097
v 0.03329742 0.02033003 0.16124595
v 0.04303930 -0.00295941 0.10468379
v 0.05240118 -0.01975262 0.06772360
v 0.04897181 -0.02295589 0.06640023
v 0.03412323 0.02205300 0.15675730
v 0.03999953 0.01811461 0.15265105
v 0.04066260 0.01406119 0.14240874
v 0.05396813 -0.01203418 0.05996708
v 0.03789514 0.02176422 0.13888051
v 0.04601615 0.00592043 0.08273131
v 0.04849386 0.01178729 0.07016867
v 0.04764479 0.01328961 0.05824409
v 0.02865988 -0.00922101 0.18784796
v 0.03006814 -0.01074814 0.18239071
v 0.02926242 -0.00969246 0.18150406
v 0.02951874 -0.00866604 0.17935029
v 0.02843136 -0.00925391 0.18253968
v 0.02700402 -0.00683954 0.18268177
v 0.02722537 0.00174081 0.18566422
v 0.02527032 -0.00105788 0.18137604
v 0.02610763 -0.00423275 0.18095801
v 0.02701079 -0.00162084 0.17231211
v 0.02416662 0.00257399 0.17211031
v 0.02930987 0.00801990 0.18226009
v 0.02774447 0.00792895 0.18124404
v 0.03081455 -0.00078909 0.16308372
v 0.02589872 0.01301012 0.17122630
v 0.03327954 0.00435439 0.14758928
v 0.02575547 0.00436665 0.14700732
v 0.03569672 0.00538766 0.13584464
v 0.03385390 0.00424681 0.13267181
v 0.03629733 -0.00985242 0.09673071
v 0.03534352 -0.01051512 0.09388776
v 0.04559929 -0.02496236 0.06696691
v 0.04747592 -0.02191095 0.05804441
v 0.02877654 0.02280195 0.15680354
v 0.03510572 0.02290506 0.14947358
v 0.03676072 0.00947965 0.11287974
v 0.03859495 0.00205510 0.09003653
v 0.02956427 0.02629498 0.13680788
v 0.03097021 0.02754888 0.12038813
v 0.04230965 0.00622803 0.08565144
v 0.04413017 0.00807279 0.08329932
v 0.03329581 0.02616752 0.11837159
v 0.03591800 0.02463230 0.11270066
v 0.03773250 0.02187016 0.10665176
v 0.04212088 0.01368571 0.08613462
v 0.03540105 0.02597113 0.10355088
v 0.03449553 0.02665078 0.10165305
v 0.03959638 0.01871014 0.08697337
v 0.04146796 0.01892266 0.07707248
v 0.04507472 0.01418949 0.05430619
v 0.03348054 0.01522054 0.03818724
v 0.02801611 -0.00031995 0.16401210
v 0.02565416 0.00073977 0.16593302
v 0.03084328 0.00251285 0.15377142
v 0.02621795 0.00443014 0.14969870
v 0.02786681 0.00301248 0.12871229
v 0.03465403 -0.01265416 0.09158746
v 0.03960243 -0.02584748 0.07187569
v 0.03785515 -0.02602661 0.06633383
v 0.03500321 -0.00658817 0.09159412
v 0.03337443 -0.01353466 0.08941200
v 0.02358891 0.02181121 0.15504871
v 0.03837394 -0.00098114 0.09122493
v 0.03096264 -0.00307967 0.09367454
v 0.04375316 -0.02201726 0.05077338
v 0.03979602 0.00876514 0.09098484
v 0.04295346 -0.00991524 0.03484539
v 0.03201457 0.02949015 0.10949173
v 0.03271833 0.02914243 0.10607247
v 0.03197109 0.02822509 0.09921643
v 0.02987152 0.03068732 0.10312706
v 0.03851301 0.02133268 0.06522775
v 0.02351576 0.00467324 0.15589059
v 0.02511122 0.00463835 0.15169927
v 0.01844898 0.01094481 0.15156309
v 0.02293234 0.00431024 0.12988428
v 0.02911887 -0.01879003 0.08514403
v 0.02928787 -0.01995480 0.08425251
v 0.03393368 -0.02347718 0.08010200
v 0.02991394 -0.02247035 0.08127838
v 0.03199941 -0.02549048 0.07429357
v 0.03765071 -0.02608623 0.06403968
v 0.02128388 0.01832608 0.15774054
v 0.01962833 0.01862786 0.15385336
v 0.01803055 0.01665516 0.15145245
v 0.02206414 0.00420776 0.12765717
v 0.02862284 0.00155374 0.12024393
v 0.02277336 0.00180766 0.12349708
v 0.02424055 -0.00160383 0.10342451
v 0.03220539 -0.01099534 0.08970748
v 0.03840107 -0.02436732 0.05216333
v 0.03174452 -0.00424939 0.09238697
v 0.02390230 0.02523533 0.14189271
v 0.03910892 -0.01940955 0.03811945
v 0.03948965 -0.01618212 0.03405079
v 0.03690160 -0.01981974 0.03549654
v 0.03729130 -0.01653075 0.03145891
v 0.03659894 -0.01594695 0.03019280
v 0.02230239 0.02785814 0.12193329
v 0.03804944 -0.01321172 0.02973852
v 0.02462896 0.03194476 0.11032387
v 0.02150843 0.03126141 0.11148102
v 0.04164206 -0.00593618 0.03175833
v 0.03489472 -0.00252660 0.02343304
v 0.03881019 -0.00795112 0.02825936
v 0.02898949 0.03134066 0.10566638
v 0.02419733 0.03211161 0.10356251
v 0.03956985 -0.00337312 0.02889418
v 0.03352821 0.02382067 0.06775636
v 0.04184889 0.00665831 0.03896967
v 0.02749291 0.02221802 0.05050244
v 0.00985444 -0.01459306 0.19794495
v 0.00941461 -0.01641797 0.19534456
v 0.00885607 -0.01687443 0.19748050
v 0.00693198 -0.01879995 0.19588275
v 0.00583998 -0.01110959 0.20231865
v 0.00956764 -0.01272052 0.19860886
v 0.00761952 -0.01277881 0.20210697
v 0.00969199 -0.01246365 0.19833870
v 0.00983518 -0.01593102 0.19439475
v 0.01078170 -0.01265063 0.19102332
v 0.00910986 -0.00121380 0.18911243
v 0.00951441 0.00202971 0.18219809
v 0.01058535 -0.00039709 0.18209720
v 0.01021069 0.00225337 0.17821653
v 0.01195368 0.00538860 0.15116761
v 0.01086872 0.00995575 0.16033675
v 0.02825869 -0.02136928 0.08223776
v 0.02706801 -0.02202236 0.08069318
v 0.02597148 -0.02129778 0.08097600
v 0.02378819 -0.02028578 0.08024484
v 0.01695880 0.00629351 0.12415287
v 0.01869214 0.00712980 0.12785527
v 0.02046864 0.00118047 0.12181677
v 0.01530480 0.00126067 0.12127341
v 0.02385479 -0.00308555 0.09779420
v 0.01748392 0.02099437 0.14147237
v 0.01506815 0.01254684 0.12689965
v 0.01412436 0.01654888 0.12561508
v 0.01492660 0.01816945 0.12725823
v 0.03552468 -0.01911118 0.03276790
v 0.03396990 -0.02011646 0.03311171
v 0.03404973 -0.01830892 0.03012599
v 0.03073692 -0.01913481 0.02899629
v 0.01686207 0.02732169 0.11558265
v 0.03134431 -0.01176604 0.02371506
v 0.02307327 0.03226103 0.10817751
v 0.03346363 -0.00418697 0.02192481
v 0.03210871 0.00586332 0.01268549
v 0.03144323 0.01019258 0.02316155
v 0.00686280 -0.01509221 0.20288779
v 0.00522858 -0.01526239 0.20371989
v 0.00372837 -0.01642802 0.20363458
v 0.00161923 -0.01439466 0.20423848
v 0.00574325 -0.01599569 0.20320468
v 0.00477857 -0.01910749 0.19953958
v 0.00329098 -0.01951110 0.19867905
v 0.00439472 -0.01271759 0.20390317
v 0.00375259 -0.01098989 0.20296387
v 0.00206674 -0.01282119 0.20409576
v 0.00444822 -0.01742464 0.18824941
v 0.00320589 -0.00825260 0.20005900
v 0.00620122 -0.00553837 0.19593189
v 0.00447430 -0.00791259 0.17783741
v 0.00526167 0.00443275 0.18610668
v 0.00490220 0.00803454 0.17816146
v 0.00974867 0.00029885 0.16503924
v 0.01065178 0.00274175 0.15335177
v 0.00819192 0.00020132 0.15084650
v 0.00408581 0.01692705 0.15833959
v 0.01200515 0.00896792 0.15488301
v 0.01145974 0.00594942 0.12536843
v 0.01382523 0.00530587 0.12333382
v 0.01169280 0.00243786 0.12233688
v 0.01032931 0.00328400 0.12384309
v 0.01203629 -0.00013697 0.11912791
v 0.01353631 0.00341365 0.12274151
v 0.01693583 -0.00156935 0.11226269
v 0.00859816 0.01603853 0.15093658
v 0.01277317 0.00907059 0.12515510
v 0.01810704 -0.00657004 0.09068992
v 0.00900014 0.02191773 0.13507739
v 0.01422462 0.01345403 0.12586028
v 0.01443938 0.02180651 0.12076396
v 0.01339117 0.01547910 0.12577857
v 0.01350853 0.01727127 0.12487085
v 0.02636662 -0.02273576 0.03758036
v 0.00807839 0.02547712 0.12606359
v 0.00991845 0.02417456 0.12390310
v 0.02823477 -0.02038078 0.03026434
v 0.02464293 -0.01896111 0.02717770
v 0.03015964 -0.01473260 0.02479474
v 0.03114131 -0.00645456 0.01475478
v 0.03027573 -0.00866879 0.01845113
v 0.03110177 -0.00806764 0.00377187
v 0.03308236 -0.00402973 -0.02017183
v 0.03030705 0.00852378 -0.00227042
v 0.05081854 -0.03330870 -0.15009921
v -0.00086995 -0.01305201 0.20293393
v -0.00156204 -0.01488453 0.20237931
v 0.00249465 -0.01896373 0.20055995
v -0.00120720 -0.01604940 0.20222237
v -0.00260265 -0.01680372 0.19799461
v -0.00155647 -0.01782278 0.19675002
v 0.00268464 -0.01972964 0.19474965
v 0.00051311 -0.01901681 0.19461628
v 0.00143199 -0.01816541 0.19009536
v -0.00085908 -0.01810328 0.19358946
v -0.00058686 -0.01010308 0.20091992
v -0.00317570 -0.01049535 0.19820034
v 0.00378294 -0.01901541 0.19118294
v -0.00245714 -0.01352827 0.18589860
v -0.00312822 -0.00445086 0.19426909
v 0.00319896 -0.00948415 0.18005232
v -0.00168468 -0.00842059 0.17940918
v -0.00040533 0.00324184 0.18900078
v -0.00461815 -0.00082075 0.19007513
v 0.00529366 -0.00502185 0.17109625
v 0.00198968 -0.00433629 0.16712430
v 0.00596306 -0.00073065 0.15459188
v 0.00651994 0.00157918 0.13876801
v 0.00607966 0.00194530 0.12588331
v 0.00927760 0.00265976 0.12387569
v 0.00226532 0.02034643 0.14815019
v 0.00289411 0.02564100 0.13453164
v 0.00143214 0.02592893 0.13401557
v 0.01094306 0.02621011 0.11901211
v 0.00606261 0.02846983 0.11903573
v 0.02029445 -0.01903265 0.02551894
v 0.02616080 -0.01442573 0.02110070
v 0.02212480 -0.01760629 0.02215509
v 0.03261136 -0.01472641 -0.03256467
v 0.03596755 -0.02894749 -0.07491586
v 0.04296639 -0.02699660 -0.10231563
v 0.02414892 0.01770117 0.01771205
v 0.05043050 -0.03767189 -0.14909349
v 0.04995399 -0.04177751 -0.15219668
v 0.05135645 -0.03574741 -0.15686598
v 0.04941506 -0.02671013 -0.15021875
v 0.05138670 -0.03352351 -0.16150399
v 0.05160670 -0.03825817 -0.16958778
v 0.03762960 -0.00346201 -0.09662432
v 0.04730121 -0.02194995 -0.14043277
v -0.00608164 -0.01002534 0.19077460
v -0.00408116 -0.01437788 0.19081602
v -0.00682028 -0.00711462 0.18611887
v -0.00465586 -0.00139303 0.16609382
v -0.00668043 -0.00068210 0.18497987
v 0.00103885 0.00050753 0.13273150
v -0.00195346 0.00144468 0.12331352
v -0.00576000 0.01901277 0.14341773
v 0.01254197 -0.02332928 0.05124422
v 0.00807457 -0.02244467 0.04726925
v -0.00181134 0.02671476 0.12789123
v 0.01460965 -0.02176378 0.03407566
v -0.00047415 0.02762075 0.12535842
v 0.01775317 -0.01995593 0.01712464
v 0.00630081 0.02990213 0.11138745
v 0.00064298 0.03051702 0.10806792
v 0.02332303 -0.02341957 -0.01327068
v 0.01327477 0.03008072 0.09225055
v 0.02450011 -0.02810507 -0.03241068
v 0.02999609 -0.03628955 -0.07221707
v 0.00871384 0.02789105 0.05024817
v 0.01338837 0.02401726 0.03018928
v 0.02581358 0.01213087 -0.07776561
v 0.04298357 -0.01212490 -0.12922536
v 0.03399541 0.00169558 -0.12158069
v 0.03539418 -0.00083196 -0.12834454
v 0.03614408 -0.00237327 -0.13116312
v 0.04532741 -0.03033319 -0.19678076
v -0.00789255 0.00725875 0.16095174
v -0.00693251 0.00257133 0.15574435
v -0.00841919 0.00690299 0.15572629
v -0.00470263 0.00260861 0.13000571
v -0.00066067 0.00142323 0.12518224
v -0.00868472 0.01223282 0.13936071
v -0.00356267 0.00226021 0.12495145
v 0.00627547 -0.00664726 0.08192373
v 0.00011037 -0.00515179 0.08542306
v 0.00089204 -0.01130666 0.07318720
v -0.00587561 0.02337467 0.12811134
v -0.00373199 0.02755190 0.11348874
v -0.00106988 0.02879174 0.09358584
v 0.01905778 -0.02929078 -0.02357716
v -0.00605936 0.02677539 0.08372958
v 0.01360703 0.02934108 0.07239102
v 0.00375966 0.02715064 0.04026483
v 0.01480382 0.02237944 0.02365675
v -0.01801890 -0.02456755 0.18515755
v -0.02082971 -0.02484769 0.18836465
v -0.01924554 -0.02455944 0.18729360
v -0.01961239 -0.02312834 0.18793279
v -0.02156578 -0.02164785 0.18888725
v -0.01691559 -0.02195097 0.18347155
v -0.01757398 -0.02398609 0.18435516
v -0.01784439 -0.02448848 0.18264874
v -0.01684880 -0.01634679 0.18135280
v -0.01884515 -0.01553640 0.18317187
v -0.01818791 -0.01958861 0.17497016
v -0.01495808 -0.00349785 0.16992981
v -0.01520942 -0.00588177 0.16766951
v -0.01787501 -0.00926340 0.16641278
v -0.01615621 0.00186198 0.16999615
v -0.01761949 0.00109278 0.17304656
v -0.01727202 0.00356488 0.16976930
v -0.01466088 -0.00165785 0.15214746
v -0.01911193 0.00490109 0.17008748
v -0.01390778 0.00103622 0.16065694
v -0.01229677 0.00710332 0.15229837
v -0.01341097 0.00976487 0.15274334
v -0.01633481 0.01112361 0.15560807
v -0.01409332 0.01181213 0.14851835
v -0.00938582 0.00324137 0.12665498
v -0.01470546 0.01323672 0.14068701
v -0.00797158 0.00464639 0.12541094
v -0.00868642 0.00422651 0.12566092
v -0.00791250 0.00355664 0.12380313
v -0.00868441 0.00513488 0.12614284
v -0.00846566 0.00650913 0.12635825
v -0.01007095 0.00957641 0.12661025
v -0.00996256 0.01324110 0.12283091
v -0.01107827 0.01225260 0.12529893
v -0.00540499 -0.00711148 0.08226937
v 0.00341865 -0.01899180 0.06056833
v 0.00226970 -0.02189908 0.04803533
v -0.00752494 0.02044346 0.12794004
v -0.00884764 0.01796915 0.12315652
v -0.00851661 0.01380574 0.12361222
v -0.01095330 0.01532906 0.12186180
v -0.01200271 0.01575087 0.12215504
v 0.00059460 -0.02272258 0.02556280
v 0.00809168 -0.02355928 0.01007069
v 0.01428416 0.01901685 -0.05751545
v 0.02554607 0.00722977 -0.13454081
v -0.02215483 -0.02651002 0.18766391
v -0.02413525 -0.02690898 0.18753191
v -0.02191696 -0.02599662 0.18818161
v -0.02238810 -0.02351756 0.18932909
v -0.02280654 -0.01961470 0.18811253
v -0.02407866 -0.02477888 0.18928985
v -0.01962408 -0.02237523 0.18783343
v -0.01863174 -0.02503532 0.18111423
v -0.02018717 -0.02642629 0.18192757
v -0.02027573 -0.02556622 0.17922837
v -0.02009446 -0.02080403 0.17395070
v -0.02213604 -0.02183086 0.17375808
v -0.01976618 -0.00238982 0.17771048
v -0.02077471 -0.00829479 0.18135817
v -0.02291239 -0.00832483 0.18203579
v -0.02139501 0.00164641 0.17570961
v -0.02380809 -0.00255152 0.17956732
v -0.02107374 -0.00871921 0.15665689
v -0.01897467 -0.00866045 0.15960621
v -0.02048944 -0.00798543 0.15502228
v -0.02049523 0.01058269 0.16116207
v -0.02083880 -0.00540890 0.14881204
v -0.01920092 -0.00557195 0.14170955
v -0.01447453 -0.00366637 0.13980350
v -0.01623048 -0.00309009 0.14756636
v -0.02025695 -0.00479230 0.12762896
v -0.01820016 -0.00184659 0.11811482
v -0.01917415 0.01413098 0.15287827
v -0.02056329 0.01715297 0.13759830
v -0.00941711 -0.00507438 0.09395524
v -0.00486681 -0.00582791 0.08586614
v -0.00252783 -0.02203936 0.04992103
v 0.00016209 -0.02199639 0.04777466
v -0.01882036 0.01995279 0.12234719
v 0.00134431 -0.02200305 0.03675850
v -0.01281202 0.01774456 0.11907656
v -0.00292022 -0.02345031 0.01599163
v 0.01523275 -0.04185532 -0.05893985
v 0.00262123 0.02367106 0.02217853
v 0.00475091 0.02159697 -0.02294125
v 0.02641913 -0.01349782 -0.19816139
v 0.02162692 0.00556669 -0.15014253
v -0.02505895 -0.02597284 0.18846390
v -0.02551405 -0.02694867 0.18701978
v -0.02591877 -0.02454223 0.18906571
v -0.02532153 -0.02745635 0.18550800
v -0.02479522 -0.02248909 0.18965418
v -0.02631949 -0.02237885 0.18934548
v -0.02773506 -0.02242872 0.18850646
v -0.02691679 -0.02108334 0.18882060
v -0.02823056 -0.02126036 0.18787459
v -0.02731326 -0.02458165 0.18823545
v -0.02816860 -0.02436997 0.18766095
v -0.02880754 -0.02399074 0.18696050
v -0.02922311 -0.02322614 0.18668439
v -0.02971670 -0.02357075 0.18547184
v -0.03014550 -0.02334979 0.18402251
v -0.02525500 -0.02611745 0.17920732
v -0.03035486 -0.02191389 0.17935237
v -0.02776902 -0.01488617 0.18447867
v -0.02905453 -0.02029218 0.18662611
v -0.02494130 -0.01464536 0.16942806
v -0.02514608 -0.01330446 0.16847750
v -0.02855942 -0.01207894 0.16875542
v -0.02729953 -0.00082273 0.17771806
v -0.02896583 -0.00104502 0.17663189
v -0.02314848 -0.00868772 0.15594822
v -0.02101687 -0.00618368 0.13904388
v -0.02181506 -0.00628357 0.13708718
v -0.02319116 0.01548244 0.15055200
v -0.01951419 -0.00244871 0.11511059
v -0.01638170 -0.01832873 0.06644866
v -0.01802365 0.01700242 0.13441959
v -0.02603838 0.01982987 0.12420146
v -0.02054642 0.02031733 0.12412279
v -0.02265750 0.01995026 0.12831024
v -0.02022928 0.02170188 0.11264123
v -0.01587374 0.02209791 0.10708225
v -0.02332721 0.02248284 0.10477359
v -0.00902328 0.02201341 0.01783841
v -0.00409871 0.02306785 0.01697888
v 0.00839047 0.02023956 -0.07014621
v -0.03048695 -0.01565176 0.17276583
v -0.03135175 -0.01321093 0.17226842
v -0.03261466 -0.01310769 0.17500939
v -0.03269931 -0.00645211 0.17457134
v -0.03169372 -0.01003184 0.17083274
v -0.03121595 -0.00827716 0.16653184
v -0.03111393 -0.00280822 0.17554712
v -0.02598127 -0.00514356 0.13464763
v -0.03358232 0.00686584 0.15065526
v -0.03161640 0.00029354 0.14165310
v -0.03010050 -0.00205653 0.14087914
v -0.02669088 -0.00484504 0.13575010
v -0.02787060 -0.00414019 0.13683813
v -0.02512702 -0.00165602 0.12060873
v -0.02304783 -0.00266685 0.11353720
v -0.03182393 0.01182589 0.14615626
v -0.02875355 0.00167613 0.12003333
v -0.02786225 0.00116019 0.11773734
v -0.02819779 -0.01472878 0.08013194
v -0.01088801 -0.02317780 0.05181174
v -0.01176740 -0.02379047 0.04853020
v -0.01291266 -0.02401995 0.04586563
v -0.01442905 -0.02361282 0.04167829
v -0.00960511 -0.02121256 0.02519986
v -0.02880665 0.01750315 0.10908755
v -0.00913274 -0.02747979 -0.00962119
v -0.02683020 0.02087204 0.09898194
v -0.01745736 0.02350112 0.04642515
v -0.01247241 0.02430822 0.03841492
v -0.01778566 0.01733347 0.02032473
v -0.00819163 0.02569356 -0.00067515
v -0.01086878 0.02542495 -0.00153844
v 0.00376088 0.01740624 -0.12656857
v -0.03260868 -0.00058172 0.15593921
v -0.03372503 0.00366258 0.14863850
v -0.03256875 0.00410927 0.13844319
v -0.03565264 -0.00058758 0.13525142
v -0.03395552 -0.00359444 0.12925819
v -0.03521170 -0.00571944 0.12792119
v -0.03269473 -0.00240678 0.12594806
v -0.03161827 -0.00161769 0.11952360
v -0.03448588 -0.00483543 0.11981572
v -0.02849050 -0.00414605 0.11109751
v -0.03082970 -0.00858444 0.10427922
v -0.02677355 -0.00846671 0.10293565
v -0.02809652 -0.00927853 0.10023690
v -0.03203662 -0.00962194 0.09916819
v -0.03121116 0.00534500 0.11944929
v -0.02930458 0.00135020 0.11779819
v -0.02952582 0.00208604 0.11942161
v -0.03023169 0.00143275 0.11932191
v -0.02812933 0.00125817 0.11372250
v -0.02843676 -0.00022534 0.11267714
v -0.02852092 -0.01205355 0.08657598
v -0.02601944 -0.01966958 0.06269119
v -0.03084403 0.00622551 0.11803410
v -0.01666078 -0.02291919 0.05342679
v -0.01831085 -0.02306635 0.04912501
v -0.01847557 -0.02272815 0.04443180
v -0.02899155 0.01004814 0.11389814
v -0.02942251 0.01143063 0.11171785
v -0.03000470 0.00950345 0.11258596
v -0.03125749 0.01069560 0.11100838
v -0.01826314 -0.01795327 0.02356782
v -0.00573832 -0.03707139 -0.03881124
v -0.01540354 0.02054632 -0.02766834
v -0.00685426 0.02204224 -0.03629942
v 0.00423027 0.01685283 -0.13028777
v 0.00686760 0.00622153 -0.19845360
v -0.04434314 -0.01331312 0.16152153
v -0.04317471 -0.00891311 0.15734761
v -0.04379609 -0.00385481 0.15595079
v -0.04342366 -0.01033414 0.15940239
v -0.04448865 -0.01343319 0.15877435
v -0.04256913 -0.00592691 0.15426037
v -0.03969620 -0.00710438 0.14590563
v -0.03943266 -0.00242055 0.14647756
v -0.04274642 -0.00086088 0.15040935
v -0.03894926 -0.00651539 0.14467207
v -0.03783079 -0.00535098 0.13861101
v -0.03962463 -0.00755900 0.13643702
v -0.04228666 -0.00244158 0.15140396
v -0.04033777 -0.00894289 0.12663976
v -0.04213290 0.00283468 0.14527506
v -0.03808255 -0.00455024 0.11034240
v -0.04084766 0.00772555 0.13571515
v -0.03669241 -0.00505502 0.10796200
v -0.03303035 -0.01109253 0.08591441
v -0.03478599 0.01364720 0.10846168
v -0.03808546 0.01360301 0.10525282
v -0.02523975 -0.01319891 0.02827012
v -0.03667665 0.01616385 0.09288763
v -0.02518686 -0.01118650 0.01885681
v -0.02087503 -0.01820995 -0.00013154
v -0.01990377 -0.03462123 -0.04579952
v -0.01398179 -0.04193372 -0.05605898
v -0.03054834 0.01652919 0.07143580
v -0.02873319 0.00979174 0.03336708
v -0.02308371 0.01582876 0.00724527
v -0.02279479 0.01620407 -0.01727280
v -0.02232611 0.01590464 -0.02715422
v -0.00077876 0.01784944 -0.12349172
v 0.00360789 0.00786414 -0.19902314
v -0.04962218 -0.01600751 0.16836429
v -0.04937044 -0.01795711 0.16750840
v -0.04995844 -0.01941402 0.16516613
v -0.04837811 -0.01875646 0.16414915
v -0.04587856 -0.01612369 0.16431846
v -0.04541937 -0.01517112 0.16437398
v -0.04603265 -0.01481375 0.16612632
v -0.04553520 -0.01336284 0.16496688
v -0.04630240 -0.01532412 0.16641845
v -0.04680496 -0.01326306 0.16646752
v -0.04750427 -0.01557808 0.16751439
v -0.05266580 -0.01307555 0.16645111
v -0.04845706 -0.01755469 0.15810212
v -0.04796295 -0.00316773 0.15850638
v -0.04951775 -0.00361840 0.15874254
v -0.04796930 -0.01097982 0.14301363
v -0.04651162 -0.00207761 0.15633454
v -0.04297199 -0.00893933 0.12504493
v -0.04010577 -0.00506474 0.11237691
v -0.04564489 0.00875619 0.12485336
v -0.03601158 -0.00874809 0.08805944
v -0.04492802 0.00134873 0.10341418
v -0.03121171 -0.01663827 0.06222119
v -0.03508488 -0.01146741 0.06138062
v -0.03297265 -0.01419533 0.05828308
v -0.03296565 -0.01389483 0.05608055
v -0.03802008 0.01044528 0.07718190
v -0.03307091 -0.00764138 0.04187389
v -0.03176314 -0.00297164 0.03460915
v -0.03548878 0.01402585 0.07969128
v -0.03657142 0.00914272 0.06260337
v -0.03323049 0.00062092 0.03816699
v -0.02909809 -0.00323106 0.02642564
v -0.02681968 -0.00813831 0.01879998
v -0.03372811 0.00472688 0.04184539
v -0.03332103 0.00351023 0.03939264
v -0.02729742 0.00021458 0.01744352
v -0.02496284 -0.01237791 0.00085399
v -0.03210913 0.01267415 0.05131880
v -0.03284277 0.01039477 0.04786090
v -0.03161790 0.00987132 0.04170282
v -0.02775512 0.00095211 0.01089753
v -0.02854289 -0.00264642 -0.00399532
v -0.02684515 0.00906150 0.00294367
v -0.02474190 0.01345669 -0.01811687
v -0.05105476 -0.01965516 0.16496405
v -0.05145434 -0.01856895 0.16693474
v -0.05202793 -0.01929278 0.16577956
v -0.05342229 -0.01849417 0.16577662
v -0.05231915 -0.01678640 0.16766065
v -0.05366343 -0.01913527 0.16356015
v -0.05512705 -0.01783990 0.16274025
v -0.05144118 -0.01499013 0.16822944
v -0.05090177 -0.01391623 0.16806351
v -0.05234565 -0.01378587 0.16738368
v -0.05270268 -0.01534494 0.16777455
v -0.04947046 -0.01813849 0.15822299
v -0.05121202 -0.01925237 0.15979807
v -0.05424446 -0.01821248 0.15976799
v -0.05279637 -0.01675896 0.15618066
v -0.05229678 -0.00461746 0.15812821
v -0.05495316 -0.00645274 0.15630837
v -0.05487606 -0.00457294 0.15263562
v -0.05121776 0.00114474 0.14479427
v -0.05122310 0.00265505 0.13504544
v -0.05076693 -0.00328686 0.12594623
v -0.04950572 0.00457981 0.13729032
v -0.05194167 -0.00124583 0.13029917
v -0.04478500 -0.00102256 0.10785704
v -0.04707851 0.00652934 0.11376502
v -0.04438651 0.00478549 0.10093962
v -0.04264478 -0.00242837 0.09274847
v -0.04348290 -0.00001047 0.09164122
v -0.04238101 0.00128590 0.08281338
v -0.04224039 0.00708088 0.08859586
v -0.01119217 0.01504479 -0.13624496
v -0.05601293 -0.00955684 0.15154338
v -0.05590987 -0.00696043 0.15278012
v -0.01740878 0.01336358 -0.11479507
v -0.00911265 0.00882017 -0.20421955
v -0.03741940 -0.00537407 -0.08459105
v -0.02173844 0.00457215 -0.19730013
v -0.03547645 -0.04970470 -0.11818771
v -0.03883781 -0.02762349 -0.09007200
v -0.04205689 -0.01495576 -0.10223355
v -0.04605867 -0.03129703 -0.13323722
v -0.04658078 -0.02111348 -0.14088017
v -0.04812652 -0.03663978 -0.16200253
v -0.04698182 -0.02478358 -0.18060562
v 0.01400146 0.01640362 0.12541999
v 0.01305436 0.01739778 0.12514107
v -0.00815220 0.00585120 0.12630118
v -0.00904590 0.00829457 0.12657493
v -0.00905359 0.00976595 0.12598102
v -0.00893142 0.01105183 0.12503925
v -0.02974023 0.00347500 0.12144105
v -0.02982267 0.00634426 0.11907757
v -0.03049295 0.00569001 0.11892504
v 0.04879079 -0.04603168 -0.15667112
v 0.04827745 -0.04997174 -0.17256042
v 0.03547302 -0.04174900 -0.10054024
v 0.03763925 -0.05006923 -0.12374201
v 0.04703693 -0.04809934 -0.15119165
v 0.04946554 -0.04925326 -0.20647524
v 0.02344441 -0.05011302 -0.09649246
v 0.02726901 -0.04989632 -0.10272537
v 0.02156035 -0.04574068 -0.07974121
v 0.01466003 -0.04792173 -0.07664172
v 0.00719168 -0.04937094 -0.07463588
v -0.01274049 -0.04872082 -0.07257711
v -0.02163200 -0.05011431 -0.08541020
v -0.02523973 -0.04814967 -0.08782738
v -0.02926729 -0.04573575 -0.09187816
v -0.04045697 -0.05002011 -0.13898975
v -0.03448680 -0.05006023 -0.11501005
v -0.04284233 -0.04937611 -0.14773363
v -0.04621588 -0.04979809 -0.17174366
v -0.04688249 -0.04982794 -0.18032263
v -0.04710504 -0.04899968 -0.18661399
v -0.04663494 -0.04960433 -0.19378986
v 0.04869822 -0.03966029 -0.20815600
v 0.04952751 -0.04407283 -0.20974249
v 0.04675854 -0.03396460 -0.20153187
v 0.03838898 -0.02620690 -0.20969417
v -0.00160430 0.00733431 -0.20771165
v 0.00649429 0.00347783 -0.20963304
v 0.00321799 0.00559180 -0.20847876
v -0.00391493 0.00707434 -0.20995867
v -0.01041007 0.00744037 -0.20835213
v -0.01216021 0.00637441 -0.20995042
v -0.02127704 0.00154639 -0.20923574
v -0.02581996 -0.00146671 -0.20674387
v -0.03182597 -0.00723782 -0.20622315
v -0.03942026 -0.01736519 -0.20712718
v -0.04287884 -0.02298594 -0.20528096
v -0.04485693 -0.02859434 -0.20403115
v -0.04591520 -0.04427272 -0.20618612
v -0.04565395 -0.03895598 -0.20850632
v 0.04981552 -0.04646813 -0.20715262
v 0.06684688 -0.01536540 0.13360405
v 0.06466733 -0.01840417 0.13668843
v 0.06355207 -0.02093689 0.13490281
v 0.06250131 -0.01826467 0.13824445
v 0.06333716 -0.01944935 0.13720020
v 0.06558944 -0.01967899 0.13308722
v 0.06332191 -0.02152064 0.13309752
v 0.06457124 -0.01378997 0.13818018
v 0.06485612 -0.01208474 0.13718427
v 0.06288405 -0.01236631 0.13889754
v 0.06190038 -0.01296357 0.13968296
v 0.06160008 -0.01345293 0.13978374
v 0.05991360 -0.01637379 0.13944347
v 0.06069868 -0.01498420 0.13979025
v 0.06036491 -0.01395636 0.13997226
v 0.06564498 -0.01810920 0.13558133
v 0.06602979 -0.01832538 0.13416789
v 0.06638834 -0.01541833 0.13601687
v 0.06559866 -0.01487284 0.13717885
v 0.06455367 -0.01810459 0.13719011
v 0.06637706 -0.01731697 0.13469632
v 0.06706296 -0.01585987 0.13340659
v 0.06624107 -0.01792141 0.13128003
v 0.06479764 -0.02039611 0.13270214
v 0.06508141 -0.01948288 0.12718794
v 0.06303566 -0.01083180 0.13780498
v 0.06203701 -0.01096256 0.13863661
v 0.06183527 -0.00830374 0.13463492
v 0.06593054 -0.01206977 0.13498130
v 0.06397711 -0.01031134 0.13610513
v 0.06500776 -0.01084324 0.13528300
v 0.06600737 -0.01308055 0.13038245
v 0.06096573 -0.01703353 0.13907775
v 0.05848849 -0.01670112 0.13913467
v 0.06102224 -0.02152999 0.13499786
v 0.06118400 -0.01928526 0.13795712
v 0.06015329 -0.01898622 0.13802196
v 0.06037519 -0.02230666 0.13366459
v 0.05518001 -0.01678928 0.13696061
v 0.05903476 -0.02299371 0.13100207
v 0.05975126 -0.02301819 0.12668067
v 0.05837623 -0.01418153 0.13962292
v 0.05701095 -0.01514268 0.13884588
v 0.05684831 -0.01383247 0.13916952
v 0.05617591 -0.01521013 0.13830191
v 0.05471585 -0.01641049 0.13669778
v 0.06113582 -0.02161618 0.12267876
v 0.06072013 -0.00879379 0.13711681
v 0.06177307 -0.00925086 0.13687261
v 0.05919962 -0.00956248 0.13822868
v 0.05987718 -0.01041810 0.13897791
v 0.05860224 -0.00950289 0.13831019
v 0.05840365 -0.00729495 0.13440586
v 0.05627805 -0.00849807 0.13623590
v 0.05677680 -0.01086464 0.13843477
v 0.06321063 -0.01205999 0.11310003
v 0.06219865 -0.01375018 0.11035673
v 0.06150745 -0.00834176 0.11804958
v 0.06100275 -0.00294943 0.10901337
v 0.06396804 -0.00657829 0.10112423
v 0.06296823 -0.00853822 0.09841157
v 0.06348272 -0.00640709 0.09855494
v 0.06297942 -0.00297479 0.10173859
v 0.06101423 -0.00478312 0.09165816
v 0.06144201 -0.00107304 0.10164417
v 0.06147628 -0.00090223 0.10061989
v 0.05925539 0.00058914 0.10196300
v 0.06252671 -0.00254300 0.09949961
v 0.06031043 -0.00113458 0.09506961
v 0.04253525 -0.01220710 0.19220189
v 0.04230958 -0.00944079 0.19517244
v 0.04221927 -0.00800053 0.19518571
v 0.04364557 -0.01061233 0.19080623
v 0.04272413 -0.01214850 0.18953951
v 0.04324693 -0.01109329 0.18824843
v 0.04404859 -0.00959755 0.18844047
v 0.04395375 -0.00277550 0.18530704
v 0.04277024 -0.00097206 0.17593815
v 0.04289347 0.00291289 0.17697489
v 0.05342056 -0.01748584 0.13496742
v 0.05737887 -0.02235599 0.13224121
v 0.05520002 -0.02213409 0.13063640
v 0.05423202 -0.01420809 0.13706352
v 0.05647159 -0.01083619 0.13839080
v 0.05391892 -0.01518914 0.13655247
v 0.05314669 -0.01587893 0.13555513
v 0.05327065 -0.01293162 0.13619417
v 0.05278884 -0.01540228 0.13532998
v 0.05183043 -0.01600578 0.13398776
v 0.05047739 -0.01244328 0.13266189
v 0.05139935 -0.01797300 0.13205978
v 0.05263089 -0.00977212 0.13396135
v 0.06277689 -0.01972024 0.12168938
v 0.05590824 -0.00688611 0.13279672
v 0.05152779 -0.00860448 0.13179733
v 0.05316140 -0.00530130 0.12727052
v 0.05681288 -0.01587350 0.09501714
v 0.05306295 -0.01872358 0.09364057
v 0.05565145 -0.00307650 0.11655377
v 0.05758836 -0.01363248 0.08550809
v 0.05322751 -0.00307651 0.11766686
v 0.05733973 0.00094534 0.10438031
v 0.05569048 0.00188622 0.10321278
v 0.05748689 -0.00255816 0.08279417
v 0.05764736 -0.00995426 0.07398467
v 0.05435051 0.00135375 0.08710918
v 0.05823342 -0.00271722 0.08604725
v 0.04106421 -0.01135010 0.19564044
v 0.03863810 -0.00918069 0.19778567
v 0.03840241 -0.01170955 0.19701189
v 0.03878453 -0.01307712 0.19573554
v 0.03550581 -0.01122066 0.19729392
v 0.03637980 -0.00997252 0.19802146
v 0.03913197 -0.01386830 0.19389753
v 0.04061922 -0.01328105 0.19344315
v 0.03590442 -0.01325537 0.19566487
v 0.04056843 -0.01371720 0.18864836
v 0.03944026 -0.01412680 0.18853963
v 0.03964360 -0.00725679 0.19709127
v 0.03853571 -0.00802376 0.19771342
v 0.03760581 -0.00698877 0.19766374
v 0.03828052 -0.00561654 0.19660894
v 0.04137537 -0.01289742 0.18739763
v 0.04126227 -0.01279378 0.18648136
v 0.03846334 -0.01422328 0.18691610
v 0.03908992 -0.01298644 0.18369245
v 0.04041722 -0.00185303 0.19121544
v 0.03916152 0.00291830 0.18736248
v 0.04088263 0.00328278 0.18528984
v 0.04108738 -0.00609679 0.17760730
v 0.04005865 -0.00326384 0.17362423
v 0.03737161 0.00451367 0.18636453
v 0.03641375 0.00836607 0.18186734
v 0.05102730 -0.02061690 0.12732625
v 0.04663765 -0.01982411 0.11885150
v 0.03933437 0.00726159 0.18103073
v 0.04252615 0.00265610 0.18297229
v 0.04010233 0.00755656 0.17878466
v 0.04071379 0.00750417 0.15704405
v 0.04495226 -0.01194013 0.12333657
v 0.04547936 -0.01484565 0.12388952
v 0.04816419 -0.00926199 0.12745182
v 0.05032695 -0.02094772 0.10800235
v 0.04778234 -0.02011527 0.10657791
v 0.04220041 0.00597749 0.16500980
v 0.04188496 0.00997320 0.16357122
v 0.04149203 0.01031804 0.15774560
v 0.04798341 -0.00734074 0.12463458
v 0.05488300 -0.01752834 0.09367223
v 0.04104476 0.01539262 0.15535080
v 0.05018481 0.00091658 0.10571504
v 0.05391932 -0.01877800 0.07784114
v 0.05304247 -0.00132444 0.11317321
v 0.05085693 0.00149913 0.10390588
v 0.05673102 -0.01367861 0.07338876
v 0.05693736 -0.01167126 0.06860436
v 0.05512029 -0.01689125 0.07231536
v 0.05643923 -0.01264390 0.06727410
v 0.05429723 -0.01626109 0.06495174
v 0.05139416 0.00194088 0.09067535
v 0.05806268 -0.00748414 0.07959991
v 0.05749974 -0.00970049 0.06922988
v 0.05556758 -0.01285378 0.06439574
v 0.05726576 -0.00226071 0.06627327
v 0.05734248 -0.00352094 0.06611924
v 0.05522992 -0.00261381 0.05908599
v 0.05617291 -0.00502052 0.06154234
v 0.05730666 -0.00610836 0.06498713
v 0.05552499 0.00296032 0.06207710
v 0.05486156 0.00433002 0.06124023
v 0.05642630 0.00156990 0.06487801
v 0.05592509 0.00014191 0.06143695
v 0.05298320 0.00348828 0.05583020
v 0.05423784 0.00606734 0.06487034
v 0.03364048 -0.01189058 0.19573573
v 0.03179304 -0.01098202 0.19447676
v 0.03431540 -0.01355880 0.19395402
v 0.03481440 -0.01389118 0.19326302
v 0.03259322 -0.01286860 0.19265420
v 0.03654445 -0.01463743 0.19154996
v 0.03447918 -0.01404697 0.18758210
v 0.03521037 -0.00857824 0.19790846
v 0.03455218 -0.00511374 0.19580863
v 0.03081340 -0.00778127 0.19390991
v 0.03270154 -0.00732933 0.19618537
v 0.03067057 -0.00908961 0.19365924
v 0.03422761 -0.01354430 0.18494309
v 0.03303940 -0.01294360 0.18360991
v 0.03629183 -0.01136294 0.18004083
v 0.03348955 0.00295461 0.18844800
v 0.03213795 -0.00204342 0.19164533
v 0.03966429 -0.00233229 0.17124286
v 0.03078814 -0.00521624 0.17427999
v 0.03496505 0.00444452 0.18705854
v 0.03377080 -0.00045383 0.19105219
v 0.03438434 -0.00377110 0.17135971
v 0.03322297 0.00917457 0.18180039
v 0.03418844 -0.00181381 0.16615144
v 0.03335235 0.00978027 0.18082843
v 0.03602216 0.00006676 0.16103420
v 0.04900027 -0.01806475 0.12860800
v 0.04591664 -0.01857720 0.12117673
v 0.04375698 -0.01665510 0.11854213
v 0.04389508 -0.01271791 0.12079088
v 0.04723075 -0.02069549 0.11611886
v 0.04430630 -0.01771155 0.11817649
v 0.04628605 -0.01988511 0.11473390
v 0.04412084 -0.01816466 0.11357427
v 0.04239457 -0.01574072 0.11477821
v 0.04221603 -0.01469247 0.11581133
v 0.04589416 -0.01902244 0.10719861
v 0.04324132 -0.01697667 0.10998465
v 0.04624475 -0.01954586 0.10412002
v 0.04760560 -0.02018851 0.10366613
v 0.03981399 0.00134402 0.16385987
v 0.03691870 0.00549027 0.15097632
v 0.04421877 -0.01112262 0.12093486
v 0.04400761 -0.01006791 0.11949397
v 0.04275067 -0.01418216 0.11779003
v 0.04261737 -0.01213816 0.11742849
v 0.04252936 -0.01617557 0.11038478
v 0.04327739 -0.01690978 0.10843763
v 0.04491735 -0.02063162 0.09795597
v 0.04786831 -0.02063436 0.09978161
v 0.04941251 -0.02058277 0.10142124
v 0.04663983 -0.02161678 0.08782666
v 0.03844277 0.00745732 0.14945452
v 0.04546167 -0.00777693 0.12017249
v 0.04192818 -0.00708235 0.10880349
v 0.04960543 -0.02160700 0.08129795
v 0.04049736 0.01142237 0.16939117
v 0.03665528 0.01956468 0.15881093
v 0.03655649 0.02102289 0.15533378
v 0.03318223 0.02132514 0.15931255
v 0.03852313 0.01955680 0.15480612
v 0.03770042 0.00765991 0.13509146
v 0.03885487 0.01044998 0.13294430
v 0.04550881 -0.00426682 0.11230676
v 0.04716182 -0.00117010 0.10805562
v 0.05321941 -0.01824503 0.06564708
v 0.05157198 -0.02051090 0.06645272
v 0.03836461 0.02020276 0.15066320
v 0.03603632 0.02178394 0.15383451
v 0.04640524 0.00046410 0.10027460
v 0.04226875 -0.00222900 0.10096441
v 0.05028550 -0.02063651 0.06171723
v 0.05048464 -0.01835449 0.05806753
v 0.04953628 -0.01976968 0.05824130
v 0.03490523 0.02432796 0.13877750
v 0.04617175 0.00161686 0.09218441
v 0.05403483 -0.01374662 0.06136839
v 0.03769935 0.02019598 0.11844238
v 0.04767121 0.00760790 0.07925626
v 0.04698148 0.01021813 0.07715538
v 0.05328855 0.00755516 0.06351818
v 0.04573654 0.01560154 0.06432986
v 0.04911069 0.00314420 0.04802206
v 0.05156526 0.00928751 0.05934061
v 0.05095529 0.00886183 0.05682240
v 0.04842327 0.01158533 0.05533564
v 0.02926425 -0.00931005 0.19021531
v 0.03029712 -0.01129159 0.18984560
v 0.02989261 -0.01105632 0.18438006
v 0.02974646 -0.01044418 0.18232498
v 0.02836266 -0.00937545 0.18503107
v 0.03069107 -0.01188117 0.18446381
v 0.02715357 -0.00613756 0.18605279
v 0.02985457 -0.00998353 0.18108802
v 0.03070628 -0.01035168 0.18065176
v 0.02872312 -0.00876684 0.18070583
v 0.02797617 -0.00870348 0.18404519
v 0.02760632 -0.00802239 0.18437328
v 0.03122287 -0.00932040 0.17878720
v 0.02760426 -0.00615186 0.17838532
v 0.02924271 0.00196229 0.18761185
v 0.02867941 -0.00096013 0.18850132
v 0.02677532 -0.00061784 0.18595897
v 0.02633682 -0.00015817 0.18495516
v 0.02623521 -0.00270200 0.18466797
v 0.02573376 0.00144116 0.18316702
v 0.02587095 -0.00196992 0.17598966
v 0.02850012 0.00576496 0.18382621
v 0.02718103 0.00427097 0.18369539
v 0.02636847 0.00356669 0.18308017
v 0.02739466 0.00824174 0.18020751
v 0.02618164 0.00260712 0.18339351
v 0.03125711 -0.00268224 0.16983657
v 0.03079639 0.01120912 0.17811439
v 0.02678081 0.00920035 0.17800739
v 0.02591617 0.00744975 0.17902522
v 0.03194477 0.00258821 0.15390397
v 0.03296193 -0.00034809 0.16087318
v 0.03533826 0.00415739 0.15204047
v 0.03210726 0.00366143 0.15088047
v 0.03317574 0.00451331 0.14656574
v 0.04019650 -0.01358251 0.10541639
v 0.04225588 -0.01975599 0.09794819
v 0.04118745 -0.01933199 0.09746344
v 0.04221144 -0.02010398 0.09664304
v 0.03937424 -0.01711991 0.09908371
v 0.03851846 -0.01898901 0.09045375
v 0.03944757 -0.01824795 0.09670873
v 0.04298282 -0.02166149 0.08597308
v 0.04268451 -0.02101147 0.09025045
v 0.04037159 -0.02117081 0.08509201
v 0.03583507 0.00538154 0.14235405
v 0.03661392 0.00635161 0.13434977
v 0.03507965 0.00500416 0.13510917
v 0.04107331 -0.01058886 0.10919680
v 0.04083138 -0.00683573 0.10573923
v 0.04006553 -0.00985767 0.10608491
v 0.04508913 -0.02455495 0.07455940
v 0.04675158 -0.02425337 0.07052624
v 0.04725485 -0.02407078 0.06747308
v 0.03020357 0.02053889 0.16214338
v 0.03772999 0.00827654 0.13123729
v 0.03418010 0.00588105 0.12423402
v 0.03871669 -0.00416874 0.09669556
v 0.03835158 -0.00799154 0.10141587
v 0.04831910 -0.02223176 0.06122026
v 0.04459868 -0.02382812 0.05829145
v 0.03183034 0.02189397 0.15889323
v 0.03659520 0.00949213 0.12278315
v 0.03789625 0.01299039 0.12214932
v 0.04095305 -0.00026420 0.09219708
v 0.04631457 -0.02103775 0.05359646
v 0.03855389 0.01678036 0.12379058
v 0.03804504 0.01521376 0.12054083
v 0.03809062 0.01542160 0.11596775
v 0.03755361 0.01028894 0.10237459
v 0.04029620 0.00143725 0.08985150
v 0.04320968 0.00188010 0.08966743
v 0.04050476 0.00059007 0.09054381
v 0.04344408 0.00361483 0.08708320
v 0.03549531 0.02410512 0.13237074
v 0.03801512 0.01840629 0.11890603
v 0.03813291 0.01952448 0.11073280
v 0.03804944 0.01819517 0.11596917
v 0.03786939 0.00397830 0.09088994
v 0.04174934 0.01067589 0.08779647
v 0.04216402 0.00424219 0.08718062
v 0.04124333 0.00511740 0.08749775
v 0.04957075 -0.01105641 0.04942538
v 0.03635741 0.02292881 0.11742162
v 0.03729432 0.02232344 0.11035160
v 0.03914257 0.01619563 0.09934998
v 0.03934408 0.01104114 0.09447054
v 0.03905367 0.01802647 0.09340382
v 0.04003329 0.01443800 0.09290631
v 0.04315387 0.00961724 0.08450144
v 0.04411110 -0.01142802 0.03771739
v 0.03491847 0.02654241 0.10944916
v 0.03631620 0.02484331 0.10518655
v 0.03700460 0.02103280 0.09121369
v 0.04408557 0.01490258 0.07944426
v 0.05075997 -0.00088298 0.04981568
v 0.04389416 0.01645011 0.07656843
v 0.04659410 0.01396715 0.05764091
v 0.02619722 -0.00342426 0.17753394
v 0.02473469 0.00506127 0.17882059
v 0.02495046 0.00108062 0.16973881
v 0.02726130 0.00002027 0.16385944
v 0.02434072 0.01003224 0.17230925
v 0.02393629 0.00631436 0.17527800
v 0.02392694 0.01079251 0.17057724
v 0.02992690 0.00045160 0.15964793
v 0.02672403 0.00212675 0.15799912
v 0.02966004 0.00384408 0.15045466
v 0.02859686 0.00328975 0.13834574
v 0.02769427 0.00338780 0.13812098
v 0.03120271 0.00338860 0.13635136
v 0.03006487 0.00329664 0.13764962
v 0.03798637 -0.01501700 0.09910224
v 0.03841756 -0.01688578 0.09739591
v 0.03512401 -0.01426790 0.09142008
v 0.03842935 -0.01975015 0.08744803
v 0.03580211 -0.01674152 0.08938001
v 0.03686155 -0.01903473 0.08698057
v 0.03423374 -0.01616792 0.08816622
v 0.04430133 -0.02276099 0.08192547
v 0.03460764 -0.01965222 0.08511051
v 0.04235232 -0.02433308 0.07707451
v 0.03926513 -0.02552838 0.07392401
v 0.04053444 -0.02577538 0.06740034
v 0.02858469 0.02126193 0.16069588
v 0.02522498 0.02056810 0.15976960
v 0.02408886 0.02095828 0.15812014
v 0.02899592 0.00299088 0.12753192
v 0.03215501 0.00428760 0.12646358
v 0.03206463 0.00360051 0.11773812
v 0.04410491 -0.02507454 0.06383301
v 0.03989741 -0.02518749 0.05806259
v 0.03197042 0.00237701 0.10388234
v 0.03282677 0.00296552 0.10121143
v 0.03930421 -0.00210439 0.09352359
v 0.03762609 -0.00155563 0.09103239
v 0.03684013 -0.00318534 0.09175695
v 0.03232863 -0.00078143 0.09409891
v 0.03452291 -0.00436976 0.09128191
v 0.03564760 -0.00393442 0.09140190
v 0.03081295 0.02372707 0.15258547
v 0.03579597 0.00613876 0.09940092
v 0.03500369 0.00429755 0.09710094
v 0.03788040 -0.00046605 0.09093449
v 0.03514846 -0.00239938 0.09144697
v 0.03675937 0.00103553 0.09115383
v 0.03650420 0.00311943 0.09219891
v 0.03622989 0.00457237 0.09425703
v 0.03473467 -0.00004698 0.09239034
v 0.03671600 0.02327100 0.12977590
v 0.04535412 -0.01625605 0.04449201
v 0.03256908 0.02838684 0.11166706
v 0.02610057 0.02840230 0.12312592
v 0.03056863 0.02875375 0.11547691
v 0.03497821 0.02684365 0.10710960
v 0.03405226 0.02773097 0.10629124
v 0.03944013 -0.00130385 0.02912091
v 0.03040104 0.03076643 0.10679599
v 0.03175717 0.02958324 0.10368838
v 0.03043521 0.03058239 0.10486845
v 0.03050391 0.03038550 0.10375233
v 0.03366335 0.02535310 0.09559452
v 0.03357425 0.02353300 0.08968668
v 0.03059532 0.02760479 0.09522821
v 0.03700088 0.02154186 0.06141399
v 0.03871173 0.02044115 0.06116998
v 0.04136941 0.01863818 0.05980360
v 0.03574625 0.01537907 0.04215710
v 0.02083832 0.00789360 0.15602232
v 0.02107127 0.00772103 0.15846779
v 0.02589165 0.00358855 0.15489718
v 0.01786670 0.01333819 0.15162659
v 0.02093233 0.00728668 0.15078079
v 0.02002207 0.00784517 0.14756920
v 0.02362618 0.00506191 0.14486270
v 0.02451874 0.00390230 0.13408382
v 0.03349363 -0.01661162 0.08743874
v 0.03320142 -0.01552775 0.08803696
v 0.03255026 -0.01904046 0.08559146
v 0.02992569 -0.02060349 0.08373803
v 0.03488304 -0.02505802 0.07650154
v 0.03257142 -0.02439682 0.07772354
v 0.02933448 -0.02406334 0.07777557
v 0.03760664 -0.02557407 0.07433412
v 0.03501780 -0.02590916 0.07240048
v 0.03288104 -0.02606596 0.07107149
v 0.03481093 -0.02609740 0.06842401
v 0.03350824 -0.02605811 0.06740868
v 0.03209030 -0.02601402 0.06960427
v 0.02022528 0.00990624 0.15912646
v 0.02261937 0.00418071 0.12813625
v 0.02479657 0.00304912 0.12735470
v 0.02347828 0.00137672 0.12286974
v 0.02496364 -0.00064029 0.11507724
v 0.03257610 -0.00459579 0.09170977
v 0.02798269 -0.00857715 0.09126748
v 0.03127759 -0.00948736 0.09018293
v 0.03028284 -0.01285785 0.08859400
v 0.02012286 0.02005587 0.15239762
v 0.01831264 0.02069822 0.14573394
v 0.02642720 -0.00051963 0.10754808
v 0.03038091 -0.00028331 0.09766061
v 0.02731278 -0.00149482 0.09886822
v 0.03264814 -0.00863138 0.09030417
v 0.02713102 -0.00444729 0.09483685
v 0.02151572 0.02355299 0.14490144
v 0.02161781 0.02486258 0.13949820
v 0.02236131 0.02417362 0.14437697
v 0.04109302 -0.01970854 0.04201445
v 0.02238581 0.02532452 0.13825183
v 0.03860064 -0.01709130 0.03388346
v 0.03794603 -0.01746702 0.03343389
v 0.02284204 0.02738118 0.12525412
v 0.03872312 -0.01265869 0.03004724
v 0.03652995 -0.01358171 0.02833603
v 0.02566227 0.02880034 0.12053266
v 0.02755942 0.03174979 0.10927266
v 0.02474384 0.03205136 0.10951618
v 0.02529730 0.03213467 0.10878302
v 0.02653200 0.03210326 0.10571861
v 0.02432842 0.03250424 0.10692107
v 0.02702423 0.03154765 0.10252167
v 0.02697717 0.02659703 0.08750149
v 0.03709682 0.02198649 0.07853999
v 0.03009585 0.02535120 0.07382021
v 0.03325989 0.02419335 0.07039110
v 0.03654690 0.00205421 0.02659660
v 0.03378941 0.02301883 0.06201989
v 0.03001232 0.02525685 0.06750307
v 0.00753116 -0.01561083 0.20198245
v 0.00762961 -0.01641948 0.20123524
v 0.00834063 -0.01658572 0.20000531
v 0.00700918 -0.01790386 0.20019761
v 0.00772862 -0.01796398 0.19782463
v 0.00702502 -0.01859869 0.19755003
v 0.00833174 -0.01771846 0.19445663
v 0.00720037 -0.01246946 0.20220993
v 0.00589701 -0.01221403 0.20310326
v 0.00733746 -0.01163649 0.20144632
v 0.00910657 -0.01391514 0.20015580
v 0.00854893 -0.01412803 0.20127126
v 0.01050246 -0.01390059 0.19315284
v 0.00894749 -0.01576277 0.19014360
v 0.00934516 -0.01517140 0.19011793
v 0.00822418 -0.01692644 0.19126771
v 0.01081681 -0.01173247 0.19300558
v 0.00975721 -0.01373705 0.18865234
v 0.01096362 -0.01021156 0.18957882
v 0.01066464 -0.00491659 0.18143257
v 0.01023618 -0.01158377 0.18729797
v 0.00821659 -0.01484311 0.18723044
v 0.00977631 -0.00588480 0.17957220
v 0.00832250 -0.00499199 0.19373126
v 0.01086645 -0.00700496 0.19031836
v 0.01040335 -0.00511622 0.19029228
v 0.01080266 -0.00494529 0.18884379
v 0.00943527 -0.00387776 0.19145327
v 0.00873697 -0.00145900 0.18996586
v 0.01004711 -0.00262683 0.18854081
v 0.01074348 -0.00235148 0.17761361
v 0.01067471 0.00217844 0.16843856
v 0.01048806 0.00445659 0.17025810
v 0.00915093 0.00516574 0.17631727
v 0.01058122 0.00482271 0.16831707
v 0.01045115 0.00730182 0.16621707
v 0.01171727 0.00694571 0.15860415
v 0.01160478 0.00473037 0.15812307
v 0.01210512 0.00598245 0.15100258
v 0.01216051 0.00670222 0.15069758
v 0.01807953 0.00980371 0.14340910
v 0.02673053 -0.01798726 0.08460746
v 0.02659721 -0.02009135 0.08285504
v 0.02708597 -0.02303050 0.07878870
v 0.02458553 -0.02308214 0.07695398
v 0.02836930 -0.02484512 0.07446031
v 0.01757370 0.01466124 0.15006285
v 0.01732408 0.01296620 0.14795600
v 0.01715158 0.01547833 0.14800336
v 0.01740503 0.01133834 0.14432116
v 0.01691373 0.01100573 0.13555042
v 0.02158635 0.00311291 0.12487908
v 0.02021687 0.00351283 0.12436478
v 0.01892565 0.00255221 0.12289651
v 0.01986717 -0.00070494 0.11831547
v 0.02321730 -0.00014876 0.11899122
v 0.02510954 -0.00044535 0.11609266
v 0.02156860 -0.00140712 0.11488432
v 0.02134829 -0.00100689 0.11684953
v 0.02655654 -0.00492551 0.09453291
v 0.02576256 -0.00805468 0.09162804
v 0.02453518 -0.01044381 0.08873298
v 0.02708678 -0.01339376 0.08759268
v 0.02418226 -0.01353850 0.08598841
v 0.01678444 0.01911258 0.14234867
v 0.01669612 0.02042473 0.13808996
v 0.01683503 0.00879604 0.12639921
v 0.01619913 0.01125241 0.13070836
v 0.01607359 0.01042795 0.12751514
v 0.02282375 -0.00434151 0.09574375
v 0.01843230 0.02219469 0.14183182
v 0.01595900 0.01579060 0.13567668
v 0.03100035 -0.02261763 0.03807604
v 0.03689477 -0.02122923 0.03913617
v 0.01891104 0.02294267 0.14119944
v 0.01979719 0.02611024 0.12248756
v 0.01684562 0.02284983 0.12338527
v 0.03620174 -0.01654164 0.03030583
v 0.03575546 -0.01546409 0.02897884
v 0.03365185 -0.01948991 0.03163911
v 0.03124299 -0.01996549 0.03069722
v 0.01612002 0.02308585 0.12058701
v 0.03483295 -0.01347192 0.02687938
v 0.03453870 -0.01519553 0.02771238
v 0.02092286 0.02972978 0.11544121
v 0.03376299 -0.00578260 0.02300128
v 0.02098158 0.03184014 0.10810377
v 0.02231830 0.03224117 0.10698716
v 0.02512597 0.03125973 0.10027628
v 0.03415229 0.00014586 0.02263079
v 0.03364911 -0.00660481 0.02287537
v 0.03717275 0.00754975 0.03176197
v 0.03472707 0.00423194 0.02505570
v 0.03335162 0.00382962 0.02113680
v 0.03376349 0.00133567 0.02172715
v 0.03278588 -0.00208674 0.01785536
v 0.03391517 0.00445939 0.02337233
v 0.03229287 -0.00261447 0.00832606
v 0.03358802 0.01328697 0.03318887
v 0.00691336 -0.01367236 0.20296013
v 0.00449025 -0.01442442 0.20414399
v 0.00436197 -0.01571027 0.20377012
v 0.00307334 -0.01268208 0.20415342
v 0.00290063 -0.01430203 0.20430539
v 0.00277279 -0.01575927 0.20400638
v 0.00306007 -0.01698878 0.20342878
v 0.00623259 -0.01699348 0.20217784
v 0.00562529 -0.01792038 0.20163097
v 0.00652649 -0.01590398 0.20268632
v 0.00541679 -0.01722357 0.20247507
v 0.00553864 -0.01884174 0.19979696
v 0.00481062 -0.01829889 0.20132600
v 0.00340781 -0.01831186 0.20188746
v 0.00377384 -0.01779396 0.20248291
v 0.00320975 -0.01879393 0.20098476
v 0.00141197 -0.01794354 0.20213403
v 0.00540329 -0.01935034 0.19747096
v 0.00675102 -0.01868019 0.19796998
v 0.00674459 -0.01875986 0.19357327
v 0.00510777 -0.01952968 0.19520743
v 0.00406892 -0.01972077 0.19473628
v 0.00380215 -0.01935286 0.19240833
v 0.00725028 -0.01780743 0.19146134
v 0.00709125 -0.01756829 0.19054388
v 0.00589026 -0.01820679 0.19051882
v 0.00569500 -0.01887618 0.19201610
v 0.00135930 -0.01156994 0.20326748
v 0.00211654 -0.01146275 0.20330590
v 0.00113524 -0.01216014 0.20351036
v 0.00608757 -0.00996365 0.20080953
v 0.00844203 -0.00912179 0.19711186
v 0.00780030 -0.01680483 0.18989757
v 0.00714729 -0.01674313 0.18890213
v 0.00600400 -0.01631202 0.18717061
v 0.00520133 -0.01821548 0.18996781
v 0.00515452 -0.01498754 0.18525982
v 0.00379505 0.00061403 0.19147851
v 0.00847001 -0.01326716 0.18555287
v 0.00745565 -0.00872119 0.17981027
v 0.00455920 0.00197457 0.18971682
v 0.00178492 0.00420767 0.18820881
v 0.00529361 0.00282696 0.18814678
v 0.00762143 0.00058707 0.18900247
v 0.00768814 -0.00566996 0.17548779
v 0.01021458 0.00156690 0.16489934
v 0.00984241 -0.00265069 0.17430619
v 0.00734688 0.00338520 0.18506504
v 0.00724786 0.00745005 0.17606552
v 0.00417883 0.00476882 0.18656299
v 0.00294127 0.00565926 0.18550369
v 0.01053990 0.00273708 0.15785497
v 0.00818738 0.00052007 0.15562469
v 0.01176205 0.00487992 0.15085085
v 0.01124576 0.00366025 0.15049182
v 0.00782487 0.00003580 0.14879447
v 0.00915278 0.01288790 0.15966331
v 0.00771921 0.01472782 0.15833901
v 0.01098228 0.00556047 0.14097392
v 0.00986166 0.00476384 0.13486039
v 0.02917570 -0.02534106 0.07302566
v 0.02529297 -0.02506010 0.06733698
v 0.02880150 -0.02557132 0.06953138
v 0.01102248 0.02036368 0.12776136
v 0.01181579 0.00958373 0.13383831
v 0.01122687 0.00716011 0.13752197
v 0.01105046 0.00659125 0.13171566
v 0.01279948 0.01239169 0.12652669
v 0.01545664 0.00808391 0.12412447
v 0.01453370 0.00728111 0.12371470
v 0.01479003 0.00838707 0.12398129
v 0.01462730 0.01197101 0.12561952
v 0.01374806 0.01228633 0.12537152
v 0.01226825 -0.00260391 0.09716596
v 0.01202578 0.01721591 0.12801480
v 0.01339860 0.01459997 0.12594582
v 0.01273282 0.01481111 0.12651565
v 0.02857591 -0.02117573 0.03204575
v 0.01523086 0.02034326 0.12315856
v 0.01336178 0.01931560 0.12316716
v 0.03187800 -0.02100240 0.03317288
v 0.02863724 -0.02063538 0.03096431
v 0.03083326 -0.01764031 0.02745975
v 0.01295655 0.02428807 0.11902161
v 0.01482417 0.02699986 0.11535412
v 0.01349723 0.02617645 0.11679906
v 0.03183740 -0.01650777 0.02685816
v 0.02608151 -0.01647501 0.02455970
v 0.02862948 -0.01489921 0.02425688
v 0.01272506 0.02778915 0.11369208
v 0.01167403 0.03022367 0.10200844
v 0.01617116 0.02890511 0.11211925
v 0.02871264 -0.01323584 0.02279563
v 0.02918217 -0.01127802 0.02133135
v 0.02650973 -0.01361295 0.01153982
v 0.01555183 0.03046820 0.10406967
v 0.01867408 0.03034928 0.09604837
v 0.02075191 0.02992266 0.09450345
v 0.01648905 0.02915663 0.07621589
v 0.03277706 0.00051111 0.01343602
v 0.02806332 0.01488268 0.02406397
v 0.02704488 0.01542034 0.02113051
v 0.02873295 0.01251021 0.01586768
v 0.03414877 -0.01069847 -0.04089342
v 0.02620595 0.01571282 0.01808592
v 0.03168411 0.00336979 -0.01381344
v 0.03331380 -0.00391481 -0.03399924
v 0.04670334 -0.02696864 -0.12401595
v 0.00010687 -0.01548628 0.20347832
v -0.00106177 -0.01468485 0.20298964
v 0.00151164 -0.01545876 0.20401981
v 0.00070420 -0.01388570 0.20400676
v 0.00070715 -0.01671817 0.20319737
v -0.00052464 -0.01387691 0.20335527
v -0.00095073 -0.01402470 0.20302065
v -0.00244201 -0.01385750 0.20144818
v -0.00236637 -0.01432920 0.20148712
v 0.00075425 -0.01855243 0.20064378
v 0.00032084 -0.01716282 0.20254559
v 0.00100034 -0.01757891 0.20249210
v -0.00024733 -0.01727895 0.20196705
v 0.00046110 -0.01893952 0.19814323
v -0.00066381 -0.01731917 0.20150763
v -0.00029174 -0.01788316 0.20101604
v -0.00008283 -0.01866785 0.19823687
v -0.00189524 -0.01662979 0.20066272
v -0.00129068 -0.01749317 0.19983882
v -0.00216461 -0.01561295 0.20129885
v -0.00067552 -0.01843651 0.19781829
v -0.00284929 -0.01541980 0.20030371
v -0.00367053 -0.01522784 0.19817340
v -0.00343063 -0.01586004 0.19721830
v 0.00147197 -0.01943745 0.19578385
v 0.00135633 -0.01914702 0.19334453
v 0.00159010 -0.01901249 0.19226180
v 0.00013160 -0.01841520 0.19229498
v -0.00170041 -0.01729886 0.19296072
v 0.00024574 -0.01271174 0.20349538
v -0.00037998 -0.01159523 0.20240940
v -0.00120445 -0.01236875 0.20225804
v -0.00033962 -0.01107037 0.20198918
v -0.00163970 -0.01322880 0.20221274
v -0.00217696 -0.01286977 0.20146052
v -0.00054302 -0.01771263 0.19145270
v -0.00194587 -0.01614386 0.19009726
v -0.00285400 -0.01665569 0.19603846
v 0.00318011 -0.01639029 0.18651242
v 0.00195795 -0.01756373 0.18883105
v 0.00197083 -0.01654833 0.18716876
v 0.00072440 -0.01252488 0.18313799
v 0.00107151 -0.01618397 0.18692996
v -0.00012446 -0.00534351 0.19621064
v -0.00368304 -0.01008251 0.18299350
v 0.00205879 0.00171352 0.19080460
v 0.00598873 -0.00978864 0.18034105
v 0.00034026 -0.01002239 0.18097483
v -0.00189243 0.00096267 0.19088133
v -0.00164605 0.00451535 0.18655718
v 0.00011543 0.00517324 0.18641236
v 0.00427100 -0.00299140 0.16364035
v 0.00351571 -0.00179910 0.15872774
v 0.00011772 0.00938603 0.17646831
v 0.00723889 -0.00021558 0.15761374
v 0.00314631 -0.00154873 0.15528744
v 0.00087186 -0.00176991 0.15755149
v 0.00586296 -0.00103557 0.15060155
v 0.00421716 -0.00150122 0.14898535
v 0.00297676 -0.00173293 0.14967917
v -0.00132377 0.01420519 0.16485227
v 0.00278072 0.01110535 0.17253026
v 0.00120652 0.01380188 0.16647872
v 0.00730641 0.00222010 0.13652862
v 0.00828292 0.00293801 0.12813739
v 0.00369777 0.00097765 0.13115972
v 0.00338885 0.01726173 0.15714839
v 0.00075898 0.01781457 0.15552703
v 0.00598918 0.01860589 0.14934784
v 0.00741732 0.00238962 0.12638242
v 0.00358416 0.00143359 0.12411721
v 0.00852703 0.00096467 0.12077849
v 0.00970987 -0.00032071 0.11669183
v 0.01416731 -0.00094053 0.11503252
v 0.00999975 -0.00265216 0.09746993
v 0.01218617 -0.00273390 0.09741548
v 0.01561266 -0.00465514 0.09269185
v 0.00551125 0.02313110 0.13899225
v 0.00425855 0.02475906 0.13631303
v 0.00381360 0.02664083 0.13080650
v 0.00816122 0.02796756 0.11811161
v 0.02369607 -0.01866543 0.02678429
v 0.02530814 -0.01709922 0.02490579
v 0.02216367 -0.01764582 0.02260933
v 0.01118392 0.02925049 0.10979691
v 0.02806969 -0.01984471 -0.02095532
v 0.01684037 0.02854747 0.06729426
v 0.01549268 0.02759280 0.05761060
v 0.03136756 -0.01523134 -0.02644608
v 0.03467787 -0.02315179 -0.05778405
v 0.04054965 -0.02045619 -0.08590797
v 0.02711251 0.01324154 -0.00130206
v 0.02752854 0.00943150 -0.02452742
v 0.02941239 0.00777506 -0.01642198
v 0.02996639 0.00530943 -0.03328620
v 0.03372362 -0.00393657 -0.04212374
v 0.04051016 -0.02547028 -0.08976656
v 0.04417237 -0.03559486 -0.11685634
v 0.04446269 -0.04111481 -0.12594470
v 0.04472231 -0.04305125 -0.12995564
v 0.04723446 -0.04622928 -0.14651475
v 0.04446997 -0.02453752 -0.11229381
v 0.04683837 -0.03399721 -0.12704072
v 0.04995594 -0.04070015 -0.14947888
v 0.04735179 -0.03728739 -0.13248777
v 0.05045603 -0.03787722 -0.14938787
v 0.04827579 -0.04611753 -0.15213925
v 0.05041585 -0.04182670 -0.15621329
v 0.03094058 0.00366721 -0.03973676
v 0.03471401 -0.00417175 -0.05275969
v 0.04116299 -0.01470998 -0.09426056
v 0.04314572 -0.01539624 -0.11190695
v 0.05145665 -0.03769731 -0.16127302
v 0.05092030 -0.04035027 -0.15915111
v 0.04943118 -0.04723897 -0.17277658
v 0.04618431 -0.01977952 -0.13112269
v 0.05110285 -0.03182650 -0.16001541
v 0.05072529 -0.04354754 -0.17504632
v 0.05069482 -0.03428584 -0.18147643
v 0.05150812 -0.03708432 -0.17677670
v 0.05113754 -0.03686570 -0.18278563
v 0.04339301 -0.01322183 -0.13083141
v 0.04243058 -0.01411826 -0.14507369
v 0.05018883 -0.02895239 -0.16114625
v 0.05025090 -0.03092547 -0.17294729
v -0.00379833 -0.01548621 0.19516106
v -0.00313218 -0.01563733 0.19163409
v -0.00446528 -0.01420136 0.19560943
v -0.00467532 -0.01338864 0.19581166
v -0.00490181 -0.01339487 0.19272032
v -0.00503391 -0.01247298 0.19003703
v -0.00287135 -0.01411970 0.20088159
v -0.00631020 -0.00688673 0.19110095
v -0.00598247 -0.00893764 0.19242701
v -0.00390168 -0.00702041 0.19502501
v -0.00590544 -0.00396279 0.19088455
v -0.00592927 -0.00435174 0.19089403
v -0.00632890 -0.00512197 0.19043565
v -0.00682835 -0.00511908 0.18930152
v -0.00723907 -0.00457867 0.18578404
v -0.00735289 -0.00331665 0.18372603
v -0.00605187 -0.00701122 0.18181028
v -0.00459190 0.00365265 0.18316366
v -0.00324907 0.00250194 0.18788518
v -0.00582500 0.00047420 0.18585923
v -0.00688933 -0.00270275 0.18678209
v -0.00732610 -0.00295225 0.18106271
v -0.00683881 -0.00188587 0.17509566
v -0.00703219 0.00156836 0.17378089
v -0.00298593 -0.00667744 0.17633714
v -0.00096428 -0.00600839 0.17327345
v -0.00507571 -0.00525882 0.17617594
v -0.00363359 0.00721890 0.17722314
v -0.00675611 0.00580140 0.16981375
v -0.00137848 -0.00250286 0.16310883
v -0.00631393 0.00438224 0.17391616
v 0.00111875 -0.00188525 0.14930891
v 0.00004558 -0.00046206 0.14275751
v -0.00032450 -0.00169574 0.14983666
v -0.00083513 -0.00161607 0.15018248
v -0.00394835 0.00007485 0.14709356
v -0.00310475 0.01366376 0.16376055
v -0.00422577 0.00667380 0.17690778
v -0.00475253 0.01106321 0.16712181
v 0.00683788 -0.00086528 0.11471953
v 0.00540617 -0.00073609 0.11574149
v -0.00242353 0.01953647 0.14777737
v -0.00207638 0.01441163 0.16330408
v 0.00932334 -0.00683233 0.08318552
v 0.00669781 -0.00813707 0.07960109
v 0.01629047 -0.01250989 0.08080127
v 0.00884279 -0.01345807 0.07378660
v 0.00666938 -0.02161363 0.05474288
v 0.01709536 -0.02343500 0.04412635
v 0.01494813 -0.02362983 0.05170487
v -0.00121460 0.02409997 0.13745403
v 0.02721933 -0.02221794 0.03517130
v -0.00061637 0.02565098 0.13320617
v 0.00203433 0.02832871 0.12370524
v 0.01683691 -0.02024012 0.02496964
v 0.02357873 -0.01672561 0.01120147
v -0.00098617 0.02881507 0.11554189
v 0.00277052 0.03054168 0.10900986
v 0.00188255 0.02959128 0.11419623
v 0.00068475 0.03002181 0.11080510
v 0.00294157 0.03074238 0.10767142
v 0.00895530 0.03024300 0.09891163
v 0.00248239 0.03092792 0.10610027
v 0.00126564 0.03086932 0.10496872
v 0.00289494 0.03092946 0.10335750
v 0.02779301 -0.02392694 -0.03116075
v 0.03863204 -0.03944029 -0.10448451
v 0.01858591 0.02142707 0.02680043
v 0.01820922 0.01827079 -0.01813771
v 0.02230736 0.01552713 -0.01899033
v 0.02806588 0.00865338 -0.03929188
v 0.05073927 -0.04286350 -0.19600906
v 0.04979693 -0.04798993 -0.20536190
v 0.03513414 0.00069358 -0.08819257
v 0.03845136 -0.00419132 -0.11851495
v 0.03923389 -0.00663847 -0.13184130
v 0.04813225 -0.02806751 -0.17575556
v 0.04566463 -0.02809399 -0.18860240
v 0.03776476 -0.00844277 -0.14441739
v 0.04800261 -0.02441507 -0.15959032
v -0.00629640 0.00118231 0.16353263
v -0.00709075 0.00325342 0.16758104
v -0.00715822 0.00349791 0.16066013
v -0.00779061 0.00503586 0.15932895
v -0.00802949 0.00563498 0.15847430
v -0.00820561 0.00570567 0.15624639
v -0.00180892 0.00028515 0.14102468
v -0.00710169 0.00355163 0.14587261
v -0.00837715 0.00694509 0.14618060
v 0.00124412 -0.00046504 0.11880484
v -0.00686820 0.00971668 0.16355184
v -0.00846613 0.01324630 0.14434764
v -0.00878796 0.01181166 0.14198112
v -0.00828720 0.00999319 0.12930450
v -0.00715091 0.00605175 0.12935603
v -0.00673878 0.00512432 0.12834267
v -0.00512055 -0.00034210 0.11949829
v -0.00340712 0.00201990 0.12384268
v -0.00592258 0.00074462 0.12094586
v -0.00581444 0.00330905 0.12394150
v 0.00230503 -0.00556935 0.08408556
v 0.00326414 -0.00776600 0.07936299
v 0.00544685 -0.01131443 0.07432396
v 0.00773541 -0.01891730 0.06432960
v 0.00593521 -0.01952799 0.06070103
v -0.00782896 0.01765656 0.13475945
v 0.01203992 -0.02202585 0.03654702
v -0.00399840 0.02484877 0.12960289
v -0.00490329 0.02487818 0.12616275
v -0.00746924 0.02210346 0.12457724
v 0.01455810 -0.02160329 0.01262073
v 0.01078491 -0.02207093 0.02064572
v 0.01796039 -0.02117699 0.00696854
v 0.01222635 -0.02292761 0.00834188
v -0.00197490 0.02992900 0.10553682
v 0.01700142 -0.03253794 -0.03140511
v -0.00063652 0.03049742 0.10399265
v -0.00146623 0.03016029 0.10363841
v 0.00029137 0.03042342 0.10067074
v -0.00109320 0.02954878 0.09764927
v -0.00265711 0.02969116 0.10248993
v 0.02124790 -0.03547766 -0.04759157
v 0.03201588 -0.04620672 -0.10278183
v 0.02568596 -0.04211711 -0.07720091
v 0.00938777 0.02636894 0.03638286
v 0.00708760 0.02704474 0.03938494
v 0.01427750 0.02124574 -0.00131347
v 0.02011749 0.01598917 -0.06255648
v 0.03144428 0.00466324 -0.11855920
v 0.03213704 0.00193905 -0.13190091
v 0.03114118 -0.01147950 -0.17787726
v 0.04296927 -0.02265525 -0.17773740
v -0.01793661 -0.02323460 0.18601917
v -0.01805858 -0.02251585 0.18623531
v -0.01707816 -0.02237387 0.18418446
v -0.01836288 -0.02428031 0.18641014
v -0.01889383 -0.02501928 0.18641164
v -0.01880506 -0.02332770 0.18718602
v -0.01716374 -0.02336244 0.18270258
v -0.01800001 -0.02474369 0.18391053
v -0.01814083 -0.02380577 0.17954911
v -0.01859096 -0.02540738 0.18431822
v -0.01727148 -0.02119027 0.18429674
v -0.01809519 -0.02074766 0.18553618
v -0.01640532 -0.01894485 0.18006875
v -0.01710022 -0.02067510 0.17804116
v -0.01727057 -0.02302530 0.18066740
v -0.01593382 -0.00899664 0.17282536
v -0.01781162 -0.01036349 0.18020809
v -0.01721918 -0.01409941 0.17324555
v -0.01656870 -0.01111580 0.17266297
v -0.01796505 -0.00739409 0.17900789
v -0.01572532 -0.00701623 0.17291938
v -0.01572104 -0.00534720 0.17360788
v -0.01670198 -0.00637622 0.17674909
v -0.01635290 -0.00091558 0.17295281
v -0.01584881 -0.00790965 0.17180490
v -0.01533738 -0.00256132 0.17115528
v -0.01722906 0.00245324 0.17121460
v -0.01712119 -0.00034936 0.17356342
v -0.01438413 -0.00332874 0.16407823
v -0.01488963 -0.00132371 0.16901310
v -0.01501758 -0.00526873 0.16369364
v -0.01581286 -0.00642234 0.16246083
v -0.01626900 -0.00319425 0.15049736
v -0.01686079 0.00338255 0.16927657
v -0.01456683 0.00469456 0.16135924
v -0.01372474 -0.00019297 0.15110153
v -0.01614766 0.00663128 0.16255064
v -0.01204630 0.00740767 0.14997102
v -0.01220018 0.00279558 0.14928029
v -0.01126265 0.00049642 0.13654078
v -0.01252902 -0.00172692 0.13855499
v -0.01233412 -0.00035286 0.14184709
v -0.01362158 -0.00152484 0.14458485
v -0.01152421 -0.00143526 0.13142871
v -0.01542513 0.01232465 0.15217170
v -0.01240990 0.00858748 0.15045859
v -0.01241376 0.00880614 0.14988786
v -0.01169543 0.00502493 0.14156026
v -0.01173928 0.00700351 0.13723182
v -0.01117834 -0.00071374 0.13075487
v -0.01308424 0.01022716 0.15064574
v -0.01316936 0.01096411 0.14014068
v -0.00700405 0.00508463 0.12642093
v -0.00728782 0.00596321 0.12746622
v -0.00746753 0.00666669 0.12795112
v -0.00792913 0.00833144 0.12789905
v -0.00765339 0.00563873 0.12646602
v -0.00798204 0.00660720 0.12689463
v -0.00820436 0.00797650 0.12711937
v -0.00853124 0.01033604 0.12650819
v -0.00883971 0.00324898 0.12503496
v -0.00918576 0.00494633 0.12654347
v -0.00830218 0.00782702 0.12699991
v -0.00993357 0.00741152 0.12752271
v -0.00653907 0.00303514 0.12294465
v -0.00742618 0.00432441 0.12499011
v -0.00976770 0.00153912 0.12337445
v -0.01170039 -0.00129099 0.12920964
v -0.01035477 0.00036573 0.12103014
v -0.00823132 0.00021201 0.12010431
v -0.01014600 -0.00207227 0.11300740
v -0.00897958 0.00909884 0.12633120
v -0.00931480 0.01358504 0.12275343
v -0.00934009 0.01254596 0.12342935
v -0.01092952 0.01305518 0.12381879
v -0.00253143 -0.00405536 0.09431792
v -0.00082732 -0.00474057 0.08818670
v 0.00151623 -0.00597619 0.08285660
v 0.00013996 -0.00709377 0.08063054
v -0.00085114 -0.00717231 0.08059135
v -0.00283176 -0.00599726 0.08402095
v -0.00300776 -0.01729992 0.06337302
v 0.00406120 -0.02197414 0.04723544
v 0.00719264 -0.02217726 0.04367173
v -0.01332730 0.01358704 0.13109213
v -0.00834319 0.01642601 0.12462323
v -0.00863180 0.01989090 0.12289826
v -0.01095415 0.01626723 0.12116535
v -0.01210943 0.01467305 0.12377274
v -0.01081699 0.01596639 0.12142544
v -0.01313192 0.01626138 0.12263193
v -0.01018978 0.01614497 0.12162818
v -0.00717864 0.02389797 0.11683194
v -0.00881915 0.02067823 0.12029082
v -0.01027074 0.01943731 0.11827922
v -0.00877996 0.02580711 0.09967976
v -0.00600384 0.02716636 0.09622697
v -0.00021277 0.02833562 0.08888953
v 0.02799544 -0.04864280 -0.10089513
v 0.02057354 -0.04211162 -0.06689364
v 0.02483072 -0.04942611 -0.09690406
v 0.00295224 0.02764095 0.05301964
v -0.00000595 0.02558682 0.03292874
v 0.00925121 0.02317551 0.02095118
v 0.00829961 0.02307678 0.01817928
v 0.00649689 0.02322773 0.01704330
v 0.01010721 0.02055423 -0.02352303
v 0.01384929 0.01967152 -0.01939196
v 0.02017887 0.01627285 -0.03874426
v 0.01594530 0.01838331 -0.03937982
v 0.01353852 0.01934439 -0.04408077
v 0.01216564 0.01976548 -0.05061858
v 0.02817696 0.00663096 -0.12739287
v 0.02969409 0.00815939 -0.09022606
v 0.02608234 0.00903718 -0.12371059
v 0.02988340 0.00517445 -0.12762012
v 0.02779177 0.00425956 -0.13834625
v 0.02284656 0.00936740 -0.13328551
v -0.02084961 -0.02696024 0.18504169
v -0.02116597 -0.02682527 0.18604185
v -0.02271431 -0.02632717 0.18810426
v -0.02282743 -0.02729587 0.18644414
v -0.02341900 -0.02610967 0.18839929
v -0.02199128 -0.02728270 0.18514200
v -0.02100096 -0.02273855 0.18880947
v -0.02290125 -0.02104404 0.18897047
v -0.02050279 -0.02559688 0.18762947
v -0.02018321 -0.02611337 0.18678519
v -0.01946235 -0.02609438 0.18530877
v -0.01982941 -0.02645616 0.18476119
v -0.01978220 -0.02380279 0.18798260
v -0.02119144 -0.02538549 0.18817273
v -0.02154629 -0.02330286 0.18903690
v -0.02279913 -0.02514326 0.18887480
v -0.01884314 -0.02550252 0.18250243
v -0.01806949 -0.02305259 0.17866194
v -0.01956619 -0.02557741 0.18045345
v -0.01929221 -0.02607722 0.18369800
v -0.02138067 -0.02719287 0.18375240
v -0.02159951 -0.02690626 0.18163143
v -0.02134630 -0.02641814 0.18021568
v -0.02209649 -0.02619234 0.17913344
v -0.02254441 -0.02592030 0.17830600
v -0.02331087 -0.02734706 0.18188204
v -0.02074193 -0.02492386 0.17770153
v -0.02244021 -0.02489637 0.17684255
v -0.01765784 -0.02050602 0.17659527
v -0.01860314 -0.02291299 0.17739968
v -0.01945655 -0.02296845 0.17632862
v -0.02105137 -0.02347182 0.17572794
v -0.02151491 -0.02077257 0.17326552
v -0.01698230 -0.01841260 0.17610273
v -0.01939576 -0.01964216 0.17362387
v -0.01898830 -0.00800888 0.18012001
v -0.02068660 -0.01554442 0.18435871
v -0.02021216 -0.01082424 0.16688615
v -0.01871469 -0.01103896 0.16917826
v -0.02495987 -0.00387362 0.18026409
v -0.02187316 -0.00141446 0.17829350
v -0.01932112 -0.00845908 0.15830626
v -0.01948104 -0.00844214 0.15793686
v -0.02347320 -0.01007695 0.16014726
v -0.01885056 0.00022102 0.17515779
v -0.02118067 0.00331496 0.17380387
v -0.02339474 0.00178150 0.17594656
v -0.01666550 -0.00609415 0.15740361
v -0.01715681 -0.00602654 0.15594646
v -0.01804089 -0.00737462 0.15756387
v -0.01855991 -0.00688516 0.15497836
v -0.01949498 -0.00748016 0.15495768
v -0.01884272 -0.00784074 0.15710164
v -0.02303668 0.00476733 0.17203788
v -0.02242755 0.00779688 0.16718261
v -0.02381917 0.00633003 0.16970547
v -0.01752861 -0.00389966 0.14914430
v -0.01780908 -0.00508171 0.15215328
v -0.01757965 -0.00392394 0.14689405
v -0.01587348 -0.00440812 0.14124780
v -0.01657258 -0.00453462 0.14241856
v -0.01744993 -0.00542839 0.13999440
v -0.01783155 -0.00558820 0.13579772
v -0.01559785 -0.00454418 0.13190740
v -0.01597147 -0.00446812 0.13120478
v -0.01710587 0.01213693 0.15462741
v -0.01247560 -0.00108742 0.12356555
v -0.00920380 -0.00028069 0.11921633
v -0.01688117 0.01337924 0.15127051
v -0.01612517 0.01340044 0.14950384
v -0.02183856 0.01510586 0.15143161
v -0.01924786 0.01547416 0.14731989
v -0.00963039 -0.00272251 0.10850245
v -0.00716174 -0.00400773 0.09782117
v -0.00810926 -0.00585960 0.08919341
v -0.00371519 -0.00972674 0.07675519
v -0.00242513 -0.02054678 0.05592364
v -0.01331512 0.01592458 0.12410797
v -0.01700057 0.01859896 0.12475408
v -0.01377118 0.01747877 0.12031325
v -0.01165971 0.01846218 0.11788129
v -0.00072493 -0.02203549 0.03257984
v -0.00871180 0.02564651 0.10267837
v -0.01111608 0.02216425 0.10989699
v -0.01355326 0.02422090 0.09811870
v 0.01230519 -0.03379077 -0.03038648
v 0.00974453 -0.04318691 -0.05841100
v -0.00703279 0.02657952 0.09420139
v -0.00221214 0.02706984 0.07244519
v -0.00558480 0.02624337 0.05317198
v 0.00829062 0.02524680 0.03072614
v 0.01025661 0.02285110 0.01336429
v 0.01763574 0.01704411 -0.08199149
v 0.02116360 0.01496028 -0.08660097
v 0.02182923 0.01282112 -0.11455432
v 0.02307972 0.01129489 -0.12217653
v 0.02168502 0.01116275 -0.12858050
v 0.02967215 -0.00146041 -0.15028381
v -0.02494089 -0.02669142 0.18768740
v -0.02393533 -0.02762624 0.18437978
v -0.02663635 -0.02629938 0.18742767
v -0.02595608 -0.02648057 0.18758928
v -0.02515493 -0.02380849 0.18943787
v -0.02544427 -0.02072636 0.18901851
v -0.02633157 -0.02314137 0.18932599
v -0.02643203 -0.02169786 0.18917471
v -0.02708369 -0.02328114 0.18887064
v -0.02629962 -0.02512652 0.18855939
v -0.02660176 -0.02684851 0.18622581
v -0.02860980 -0.02507284 0.18616880
v -0.02870384 -0.02088444 0.18716446
v -0.02840567 -0.02553267 0.18578134
v -0.02956846 -0.02271044 0.18615284
v -0.02990389 -0.02141568 0.18569496
v -0.02603067 -0.02732006 0.18370560
v -0.02527854 -0.02700245 0.18134805
v -0.02446407 -0.02669136 0.18005465
v -0.02587739 -0.02651736 0.18061607
v -0.02353318 -0.02555549 0.17767956
v -0.02809581 -0.02573720 0.18153498
v -0.02860815 -0.02496570 0.18105519
v -0.02920001 -0.02492623 0.18341487
v -0.02972876 -0.02401961 0.18267871
v -0.02414255 -0.01968912 0.18849516
v -0.02670644 -0.01992501 0.18835653
v -0.02849148 -0.02028429 0.18717910
v -0.02975634 -0.01685278 0.18387425
v -0.02583280 -0.02475079 0.17742934
v -0.02738727 -0.02414026 0.17796849
v -0.02709508 -0.02300971 0.17631908
v -0.02495477 -0.02354315 0.17554162
v -0.03134888 -0.01087677 0.17985622
v -0.02190112 -0.02005602 0.17249195
v -0.02364212 -0.01517159 0.16964136
v -0.02981823 -0.01976582 0.17531560
v -0.02537375 -0.02106604 0.17343242
v -0.02743496 -0.01770731 0.17179200
v -0.02798875 -0.01959874 0.17365469
v -0.02584473 -0.01425247 0.18482081
v -0.02909228 -0.00779625 0.18083195
v -0.03047696 -0.00495757 0.17814270
v -0.02147226 -0.01137289 0.16685769
v -0.02729751 -0.01643030 0.17106894
v -0.02840251 -0.01333290 0.16966109
v -0.02544013 -0.00302930 0.17979217
v -0.02669974 -0.00266284 0.17933733
v -0.02418305 -0.00081969 0.17848202
v -0.02887332 -0.00269750 0.17823591
v -0.02726125 -0.00463018 0.18031270
v -0.03024619 -0.00399639 0.17776728
v -0.02443553 -0.01144733 0.16520418
v -0.02605353 -0.00926873 0.15867220
v -0.02465125 0.00057397 0.17716852
v -0.02824912 -0.00105916 0.17730552
v -0.02756757 0.00109774 0.17540351
v -0.02447897 0.00327545 0.17395098
v -0.02663713 0.00602635 0.16896391
v -0.02200064 -0.00514038 0.14600342
v -0.01891435 -0.00593316 0.13614039
v -0.02238622 -0.00618594 0.13586431
v -0.02747684 0.00666533 0.16722668
v -0.01724146 -0.00461719 0.12962911
v -0.01558624 -0.00489782 0.13375810
v -0.02173741 -0.00550056 0.13110017
v -0.02083895 -0.00566040 0.13186150
v -0.02074569 -0.00499990 0.12900047
v -0.02579828 0.00750595 0.16713898
v -0.02298254 0.01103725 0.16072566
v -0.01668265 -0.00185077 0.11662362
v -0.01549705 -0.00183159 0.11602518
v -0.02166036 -0.00172320 0.11725959
v -0.01874160 -0.00340920 0.11296176
v -0.02565211 0.01339572 0.15466081
v -0.02538304 0.01494650 0.15056255
v -0.02714781 0.01377235 0.15218358
v -0.02128135 0.01599491 0.14765884
v -0.01108545 -0.00875211 0.08320985
v -0.01058605 -0.02398656 0.04534163
v -0.00742946 -0.02351145 0.04640458
v -0.00657606 -0.02346865 0.04272821
v -0.00970648 -0.02390140 0.04421381
v -0.00947037 -0.02386238 0.04179724
v -0.02411469 0.01839208 0.13401222
v -0.02276375 0.02107739 0.12173831
v -0.02376676 0.02120349 0.11857683
v -0.02193334 0.02188603 0.11151722
v -0.01927617 0.02329576 0.10307803
v -0.01968971 0.02355323 0.09932190
v -0.01754451 0.02381028 0.09556228
v -0.00107140 -0.04140676 -0.05121159
v 0.00087245 0.02692698 0.04229018
v -0.01462553 0.02481643 0.04534218
v -0.00971435 0.02200513 0.02186389
v 0.00062948 0.02334184 0.01726164
v -0.00381252 0.02535626 0.00254168
v -0.00363294 0.02531484 0.00018884
v 0.00040633 0.02232295 -0.02275638
v 0.00641075 0.02123648 -0.03807961
v 0.01472611 0.01547719 -0.12076048
v -0.03127968 -0.01904524 0.18177065
v -0.03086255 -0.01878437 0.17600476
v -0.03120257 -0.02029186 0.18148169
v -0.03022843 -0.01954474 0.18450695
v -0.02975709 -0.01899560 0.17470150
v -0.02919065 -0.01828997 0.17353149
v -0.03198879 -0.01414790 0.17389819
v -0.03111987 -0.02080946 0.18104275
v -0.03116616 -0.01915577 0.17726912
v -0.03264306 -0.01290650 0.17721901
v -0.03193979 -0.01035174 0.17865721
v -0.03264432 -0.01012734 0.17678969
v -0.03040177 -0.00195309 0.17593071
v -0.03171749 -0.00508313 0.17638139
v -0.03091962 -0.00023529 0.17277511
v -0.03269560 -0.00613563 0.17101481
v -0.03214349 -0.00240735 0.17187890
v -0.02652356 -0.01005402 0.16129901
v -0.02746654 -0.01103166 0.16594276
v -0.02920965 0.00408039 0.16914762
v -0.03197121 0.00111609 0.16599122
v -0.03243832 -0.00329461 0.16508556
v -0.03006855 -0.00758108 0.15985617
v -0.03213880 -0.00219370 0.15617919
v -0.03051903 -0.00460980 0.15561368
v -0.03206409 0.00118257 0.16426125
v -0.03211826 0.00284449 0.16214453
v -0.03264844 -0.00058904 0.15798912
v -0.02458846 -0.00531945 0.14817812
v -0.02824891 -0.00346158 0.14791937
v -0.03249485 -0.00046972 0.15164178
v -0.02304373 -0.00566035 0.14347321
v -0.02748051 -0.00450761 0.13964703
v -0.02660558 -0.00504301 0.13937359
v -0.03303169 0.00432057 0.15570463
v -0.02855948 -0.00363666 0.14018814
v -0.02912120 -0.00279279 0.13607791
v -0.03034116 -0.00117259 0.13595722
v -0.02441039 -0.00596875 0.13811938
v -0.02350460 -0.00578212 0.13338912
v -0.02830480 -0.00364019 0.13606724
v -0.02825391 -0.00351666 0.13460662
v -0.02865108 -0.00328241 0.13586766
v -0.02428551 -0.00464496 0.12933053
v -0.02935955 0.01217660 0.15354676
v -0.02830900 0.01342403 0.15172755
v -0.03265833 0.00851200 0.15303893
v -0.03139424 0.01152746 0.15065971
v -0.03269505 0.01016916 0.14873878
v -0.02973137 -0.00097800 0.13217319
v -0.02691268 -0.00062826 0.12057450
v -0.01691907 -0.00362281 0.11169868
v -0.01631771 -0.00748932 0.09040780
v -0.02525620 -0.00609104 0.10961754
v -0.02745003 0.01551281 0.14458730
v -0.03195684 0.01137974 0.13821133
v -0.02714318 0.00050969 0.11849235
v -0.02305948 -0.00123658 0.11695531
v -0.02193663 -0.00166857 0.11611941
v -0.02731580 0.00135271 0.11438170
v -0.02271982 -0.00135945 0.11505355
v -0.02702513 0.00108391 0.11407881
v -0.02740991 0.00100191 0.11341572
v -0.01367854 -0.02136683 0.05776975
v -0.02358366 0.01734083 0.13864700
v -0.01650608 -0.02330473 0.05066891
v -0.00503328 -0.02262450 0.03379177
v -0.01153903 -0.02388830 0.04094307
v -0.01302975 -0.02359651 0.03976033
v -0.02507596 0.02048694 0.12136493
v -0.02559922 0.02054807 0.11511356
v -0.02863153 0.01475551 0.11697184
v -0.02794922 0.01738250 0.11318436
v -0.02645928 0.01977793 0.11044639
v -0.00119637 -0.02786207 -0.00582758
v 0.00686254 -0.04734217 -0.06837308
v -0.01751491 0.02303251 0.04305061
v -0.01061543 0.02462848 0.00731739
v -0.01043962 0.02511357 0.00552336
v -0.00683956 0.02571891 0.00264453
v -0.01339533 0.02469934 0.00325362
v -0.01139530 0.02547572 0.00061311
v -0.00550351 0.02271006 -0.02176416
v 0.00211340 0.02095859 -0.06896938
v 0.01272921 0.01729910 -0.10545393
v 0.00975214 0.01673347 -0.12290588
v 0.01547288 0.01456546 -0.12576987
v 0.00869781 0.01641681 -0.12711933
v 0.00939145 0.01545659 -0.13273684
v 0.01306044 0.00948511 -0.15675190
v 0.02199143 0.00113375 -0.16657966
v 0.02572050 -0.00775096 -0.18457367
v -0.03366762 0.00453781 0.15173008
v -0.03471555 -0.00415159 0.13085220
v -0.03367982 0.00628092 0.14955293
v -0.03284888 0.00930161 0.14205297
v -0.03262330 0.00279990 0.14251269
v -0.03223305 0.00252363 0.13831725
v -0.03304355 -0.00082906 0.12833218
v -0.03277873 0.00102504 0.12704607
v -0.03020955 -0.00620995 0.10896114
v -0.03254100 -0.00696081 0.10696614
v -0.02816327 -0.00726631 0.10732699
v -0.02460204 -0.00697634 0.10675616
v -0.02582107 -0.01040769 0.09073750
v -0.02978920 0.00587426 0.12082621
v -0.03035011 0.00268668 0.12005794
v -0.03046254 0.00445627 0.11996672
v -0.03163971 0.00421783 0.12093332
v -0.03228819 0.00632775 0.11922715
v -0.02822091 0.00116402 0.11968942
v -0.02910714 0.00215188 0.12053159
v -0.02859048 0.00139157 0.11840992
v -0.03227342 -0.00154502 0.12487901
v -0.03155245 -0.00071264 0.12174567
v -0.03017384 0.00077295 0.11794233
v -0.02760119 0.00140266 0.11473157
v -0.02827516 0.00143249 0.11468306
v -0.02902280 0.00093982 0.11391402
v -0.03231897 -0.00347223 0.11209893
v -0.03015602 -0.01101944 0.08881472
v -0.03022849 0.00667803 0.11764239
v -0.03413759 0.00654309 0.12368441
v -0.02273440 -0.02130999 0.05589685
v -0.01569046 -0.02362994 0.04517099
v -0.02051634 -0.02193789 0.04540078
v -0.02971831 0.00634440 0.11935378
v -0.02873423 0.01130020 0.11412719
v -0.02843599 0.01584206 0.11281417
v -0.02890354 0.01151516 0.11289621
v -0.03075052 0.00896470 0.11291793
v -0.03034139 0.01061775 0.11127332
v -0.03131937 0.00922871 0.11259604
v -0.01425899 -0.02006128 0.02425606
v -0.02906973 0.01375755 0.11162109
v -0.03144250 0.01506243 0.10804308
v -0.03002061 0.01347993 0.11025739
v -0.03101123 0.01732465 0.10376948
v -0.03226493 0.01863381 0.09230055
v -0.01935062 0.02320700 0.09258773
v -0.01059500 -0.03152690 -0.02530791
v -0.01614001 0.02416931 0.04533358
v -0.01886134 0.02164223 0.04051754
v -0.02382423 0.01913679 0.04494310
v -0.01902443 0.01683539 0.02429247
v -0.01282446 0.02022156 0.01871204
v -0.01788203 0.02228378 0.00329997
v -0.01310932 0.02256542 0.01166243
v -0.01712183 0.02196471 0.00687207
v -0.01198367 0.02208127 -0.02179533
v 0.00524441 0.01925056 -0.09642048
v 0.00678119 0.01779711 -0.11782366
v 0.01108906 0.00533892 -0.18990878
v 0.01526737 0.00264456 -0.18722194
v 0.01150393 0.00292323 -0.19860076
v -0.04534970 -0.01404296 0.16477437
v -0.04333964 -0.00983657 0.15780637
v -0.04403486 -0.00736999 0.15902720
v -0.04593314 -0.01031789 0.16347764
v -0.04253335 -0.00791646 0.15237166
v -0.04224397 -0.00580562 0.15301852
v -0.04123675 -0.00723835 0.14928750
v -0.04385287 -0.01036142 0.15419519
v -0.04354094 -0.00963554 0.15188268
v -0.04127975 -0.00936389 0.14497204
v -0.04072854 -0.00421063 0.14947101
v -0.04110213 -0.00605552 0.14996147
v -0.04216590 -0.00523028 0.15293500
v -0.03846655 -0.00570417 0.14326270
v -0.04036469 -0.00851356 0.14333978
v -0.04168645 -0.00952048 0.14120529
v -0.03956837 -0.00772827 0.13545458
v -0.03886610 -0.00855341 0.12893062
v -0.04446889 0.00170659 0.14873879
v -0.03856755 -0.00482580 0.14501805
v -0.03791552 -0.00247324 0.14274671
v -0.03664382 -0.00029265 0.13752544
v -0.03561085 -0.00490524 0.13189103
v -0.03639019 -0.00369441 0.13578628
v -0.03718811 -0.00701103 0.13153012
v -0.03536125 -0.00591338 0.12888378
v -0.03782054 -0.00772653 0.12598056
v -0.03124830 -0.00145929 0.11390537
v -0.03792988 0.00118324 0.14113209
v -0.04145738 0.00419217 0.14311639
v -0.04218436 0.00694366 0.13866403
v -0.03718483 0.00251090 0.13756993
v -0.03822412 0.00585066 0.13558660
v -0.03507527 0.00509080 0.12901621
v -0.03366092 -0.00357430 0.11525318
v -0.03498411 -0.00439490 0.11097161
v -0.04098700 0.00720787 0.13710565
v -0.03885244 0.00751460 0.13291468
v -0.04063072 0.00852094 0.13291126
v -0.03335581 -0.00846860 0.10325693
v -0.03786651 -0.00528709 0.10556995
v -0.03431023 -0.00883822 0.10022721
v -0.03278558 -0.00969529 0.09894248
v -0.03189865 -0.01033303 0.09037164
v -0.02587831 -0.02019938 0.05794453
v -0.03127168 -0.01607081 0.06733368
v -0.02146337 -0.02199369 0.05132138
v -0.02391646 -0.02015290 0.04599499
v -0.02355305 -0.02072355 0.04841664
v -0.03319406 0.00994844 0.11308299
v -0.03211333 0.00826716 0.11514417
v -0.03961153 0.00952850 0.12740978
v -0.03626245 0.01147159 0.11316680
v -0.03703530 0.01252178 0.11043893
v -0.02767818 -0.01775213 0.04806431
v -0.02709206 -0.01774029 0.04567543
v -0.03132503 0.01609222 0.10662412
v -0.03393850 0.01330616 0.10894071
v -0.02113038 -0.01597509 0.02221879
v -0.03377767 0.01784241 0.09404331
v -0.02752125 0.02014613 0.08787941
v -0.02422763 0.02031251 0.07814605
v -0.03033754 0.01800026 0.08250116
v -0.02432539 -0.01314929 0.02607033
v -0.02356883 -0.01335661 0.01969407
v -0.01439649 -0.02402972 -0.00343405
v -0.01253475 -0.03036682 -0.02416907
v -0.00522004 -0.04812102 -0.06879041
v -0.01557172 0.02358319 0.05935034
v -0.02954675 0.01586451 0.05600752
v -0.02394019 0.01472044 0.03043006
v -0.02855866 0.01325838 0.04012985
v -0.02776616 0.01218721 0.03536720
v -0.02028709 0.01511826 0.02099186
v -0.02303578 0.01258783 0.02346216
v -0.02058160 0.01497695 0.01693441
v -0.02431007 0.00993188 0.01560405
v -0.02427044 0.00956316 0.01789849
v -0.02258479 0.01225937 0.01741106
v -0.01848222 0.01740964 0.01582577
v -0.02057697 0.01961635 0.00511603
v -0.02350492 0.01622788 0.00391235
v -0.02234601 0.01828062 -0.00320789
v -0.02030344 0.02056850 0.00142674
v -0.01766430 0.02289031 0.00016709
v -0.02154422 0.01911992 -0.00528986
v -0.01491539 0.02447066 -0.00006333
v -0.00452317 0.02030870 -0.07799263
v -0.00873696 0.01978048 -0.07483112
v 0.00076070 0.01714449 -0.13022824
v 0.01111224 0.00604081 -0.18574465
v -0.04812267 -0.01767197 0.16673066
v -0.04827473 -0.01842834 0.16577585
v -0.04791408 -0.01728898 0.16697372
v -0.04778793 -0.01823093 0.16480811
v -0.04891702 -0.01788830 0.16723395
v -0.04919331 -0.01715707 0.16783038
v -0.05047455 -0.01874871 0.16684714
v -0.04961975 -0.01953791 0.16312823
v -0.04887594 -0.01908330 0.16338208
v -0.04854050 -0.01874978 0.16222024
v -0.04961033 -0.01396339 0.16813823
v -0.04984419 -0.01340971 0.16783930
v -0.05002252 -0.01405013 0.16820333
v -0.04614497 -0.01574508 0.16579668
v -0.04623288 -0.01383231 0.16612668
v -0.04596729 -0.01376716 0.16573314
v -0.04709085 -0.01651284 0.16668284
v -0.04670405 -0.01652895 0.16617956
v -0.04613533 -0.01649606 0.16476979
v -0.04706987 -0.01748077 0.16487844
v -0.04666671 -0.01539097 0.16675383
v -0.04819842 -0.01448005 0.16801226
v -0.04568435 -0.01232189 0.16458568
v -0.04727050 -0.01365617 0.16702239
v -0.04878645 -0.01414996 0.16808060
v -0.04853435 -0.01640160 0.16785200
v -0.04770039 -0.01270685 0.16674138
v -0.04926195 -0.01249286 0.16712438
v -0.04988213 -0.01473787 0.16842889
v -0.05091318 -0.01512113 0.16835037
v -0.05100152 -0.01642289 0.16826160
v -0.04893937 -0.01038090 0.16496637
v -0.04458854 -0.01392646 0.16129148
v -0.04540631 -0.01527476 0.15962003
v -0.04611692 -0.01543688 0.15797795
v -0.04704796 -0.01738887 0.16076840
v -0.04828028 -0.01704546 0.15719176
v -0.04890077 -0.01872024 0.16052423
v -0.04398604 -0.01018214 0.15292560
v -0.04544652 -0.01148025 0.15184806
v -0.04546719 -0.00441608 0.15825159
v -0.04302884 -0.00946229 0.14921833
v -0.04231999 -0.00960944 0.14747485
v -0.04296410 -0.01034434 0.14503922
v -0.04373148 -0.01079283 0.14327399
v -0.04656547 -0.01156121 0.14871912
v -0.04728076 -0.01125798 0.14499930
v -0.04631331 -0.00961129 0.13399187
v -0.04812069 -0.00265741 0.15781507
v -0.04729665 -0.00010453 0.15303928
v -0.04006452 -0.00916181 0.12984671
v -0.04346580 -0.00963892 0.13554885
v -0.04426492 -0.00961037 0.13491847
v -0.04367909 -0.00976342 0.12922552
v -0.04359711 -0.00971347 0.12874191
v -0.04479445 -0.00922441 0.12680608
v -0.04278056 -0.00973586 0.12848181
v -0.04768438 0.00581808 0.13804231
v -0.04377482 0.00633427 0.14030076
v -0.04302253 0.00787363 0.13669865
v -0.04637736 0.00758769 0.13318720
v -0.04408659 0.00921717 0.12897604
v -0.04347869 -0.00264186 0.10942552
v -0.03979873 -0.00399389 0.10760285
v -0.03616108 -0.00754133 0.10211224
v -0.04018861 -0.00456319 0.10265385
v -0.03752424 -0.00730205 0.09943136
v -0.03816439 -0.00742710 0.09468086
v -0.03427856 -0.00975522 0.08849619
v -0.04178881 0.00901790 0.13230920
v -0.04160431 0.01014414 0.12573234
v -0.03968323 0.01154335 0.11385742
v -0.04127406 -0.00396642 0.09932751
v -0.03389990 -0.01336884 0.06242313
v -0.02895186 -0.01860131 0.06094813
v -0.03914587 -0.00606805 0.08547894
v -0.03448560 -0.01224502 0.05973389
v -0.02804173 -0.01796215 0.05045437
v -0.03632450 -0.00869407 0.05982634
v -0.02899999 -0.01591298 0.04581897
v -0.03437592 -0.00920615 0.04888852
v -0.03121069 -0.01249392 0.04392296
v -0.03498633 0.01707081 0.09201507
v -0.03509543 0.01708446 0.09269607
v -0.04185455 0.01061264 0.10228438
v -0.03351110 -0.00952962 0.04530348
v -0.03823305 0.00555206 0.06410952
v -0.03679637 0.00485491 0.05485913
v -0.03462349 -0.00428793 0.04383376
v -0.02215064 -0.02612482 -0.03193192
v -0.00805730 -0.04803262 -0.06891455
v -0.03514540 0.00708467 0.05049673
v -0.03349638 0.00611454 0.04239235
v -0.03311213 0.00767727 0.04349318
v -0.02859475 0.00031969 0.02435363
v -0.02830975 -0.00548910 0.02453395
v -0.02735074 -0.00340517 0.01571860
v -0.02735650 -0.00296343 0.01620028
v -0.02700379 -0.00661284 0.01523246
v -0.02254990 -0.01636210 -0.00030587
v -0.02250775 -0.01844233 -0.00981059
v -0.01843837 -0.02826903 -0.02855924
v -0.02983124 0.01253659 0.04247321
v -0.03203189 0.00321581 0.03523423
v -0.02926891 0.00391159 0.02823879
v -0.02547440 0.00734711 0.02131730
v -0.02678354 0.00338982 0.01960575
v -0.02719690 -0.00521402 0.01118229
v -0.02573330 0.01093734 0.00710788
v -0.02754261 0.00594472 0.00043191
v -0.02695249 0.00883294 0.00045615
v -0.02336908 0.01705019 0.00159931
v -0.02588696 0.01245383 -0.00292704
v -0.02657615 0.00989968 -0.02404497
v -0.02226639 0.01516573 -0.04443957
v -0.01887824 0.01761889 -0.04697483
v -0.00966270 0.01964756 -0.07515523
v -0.00057285 0.01600929 -0.14116809
v -0.00441279 0.01618655 -0.14000213
v -0.00165542 0.01284801 -0.16374894
v -0.00244150 0.01050485 -0.18890562
v 0.00044833 0.00938919 -0.19490485
v 0.00517959 0.00689466 -0.19948200
v 0.00159850 0.00708552 -0.20572858
v -0.05055937 -0.01826806 0.16737895
v -0.05179498 -0.01797920 0.16732006
v -0.05073130 -0.01918167 0.16634190
v -0.05238416 -0.01856217 0.16651236
v -0.05380413 -0.01640011 0.16669116
v -0.05292732 -0.01936277 0.16432903
v -0.05396101 -0.01742396 0.16603775
v -0.05442031 -0.01794872 0.16492167
v -0.05456093 -0.01817872 0.16395627
v -0.05040185 -0.01943335 0.16130073
v -0.05203319 -0.01980989 0.16350454
v -0.05176128 -0.01960917 0.16115970
v -0.05331823 -0.01900351 0.16068067
v -0.05350327 -0.01916695 0.16333972
v -0.05170268 -0.01403894 0.16781688
v -0.05225097 -0.01392394 0.16741668
v -0.05481751 -0.01620166 0.16565061
v -0.05463236 -0.01469601 0.16537001
v -0.05529361 -0.01714171 0.16402505
v -0.05541828 -0.01688197 0.16405393
v -0.05560790 -0.01391895 0.16231345
v -0.05566242 -0.01649146 0.16387580
v -0.04992484 -0.01884414 0.15953487
v -0.05028880 -0.01922414 0.16051582
v -0.04904805 -0.01281513 0.15040373
v -0.05173371 -0.01827243 0.15777690
v -0.05588349 -0.01648489 0.16055244
v -0.05427430 -0.01697847 0.15763776
v -0.05583780 -0.01391083 0.15561215
v -0.04996525 -0.01792574 0.15757945
v -0.04744157 -0.01389394 0.15348829
v -0.05072214 -0.00371810 0.15828149
v -0.04924089 -0.00378905 0.15907922
v -0.05253027 -0.00677558 0.16017654
v -0.05430228 -0.00740756 0.15837084
v -0.05431056 -0.00426928 0.15367355
v -0.05141067 -0.01206971 0.14960888
v -0.04923490 -0.00211804 0.15678362
v -0.04874818 0.00022157 0.15221834
v -0.05202841 -0.00313733 0.15630759
v -0.05282150 -0.00173469 0.15136505
v -0.05271453 -0.00125403 0.14960489
v -0.05361425 -0.00566077 0.14311023
v -0.05474656 -0.00399491 0.14964960
v -0.05090739 -0.00923716 0.14201198
v -0.04617020 -0.00891237 0.12804146
v -0.04885008 -0.00718532 0.12806334
v -0.05258176 -0.00434380 0.13691259
v -0.04717006 -0.00667871 0.12347026
v -0.04854091 0.00644715 0.13022020
v -0.05140124 0.00259786 0.13257864
v -0.05180786 0.00075505 0.13115517
v -0.04936217 -0.00403651 0.12330696
v -0.05146155 -0.00071684 0.12790722
v -0.04989593 0.00230686 0.12099199
v -0.04936829 0.00370789 0.12041469
v -0.04766056 0.00315817 0.11178441
v -0.04294780 -0.00181973 0.10522980
v -0.04810045 0.00436602 0.11499902
v -0.04360650 0.00777895 0.10178781
v -0.04117915 -0.00460802 0.09327008
v -0.04416566 0.00124495 0.09720220
v -0.04352721 0.00965187 0.10621190
v -0.04379315 0.00094513 0.09229111
v -0.04323931 0.00463727 0.08974503
v -0.04183444 0.00890548 0.09072093
v -0.04051942 0.01140632 0.09078701
v -0.04038324 -0.00180104 0.07481120
v -0.03661745 -0.00452401 0.05088344
v -0.03934281 0.00673953 0.07391828
v -0.03587152 0.00186619 0.04807369
v -0.03501164 -0.00604173 0.04642853
v -0.03746437 0.00212673 0.05488478
v -0.02495402 -0.01560136 -0.01274754
v -0.02458974 -0.02000568 -0.02384679
v -0.02742428 -0.00851683 -0.00830674
v -0.02587524 0.01147184 -0.04722033
v -0.01413248 0.01410643 -0.13273292
v -0.00819687 0.01012086 -0.19425556
v -0.00645547 0.00895263 -0.20363587
v -0.05634500 -0.01010721 0.15596558
v -0.05529886 -0.00576811 0.15393300
v -0.05528995 -0.00572593 0.14931909
v -0.05485324 -0.00745898 0.14785977
v -0.02085196 -0.04989790 -0.08347502
v -0.03036089 -0.00312589 -0.03003037
v -0.02926870 0.00377021 -0.03255395
v -0.00974205 0.01232947 -0.16611571
v -0.01082697 0.00906772 -0.20046878
v -0.00638493 0.00833414 -0.20645040
v -0.03251608 -0.01051033 -0.04604369
v -0.02625907 -0.02922342 -0.04955899
v -0.02806271 -0.01965321 -0.03737571
v -0.03418559 0.00020039 -0.08764421
v -0.02285006 0.01038771 -0.10013672
v -0.02062518 0.01032025 -0.13725051
v -0.01514973 0.01084813 -0.16294191
v -0.01326662 0.00819347 -0.20272425
v -0.01037582 0.00771832 -0.20765455
v -0.03554607 -0.04300853 -0.10350542
v -0.03703848 -0.01614704 -0.07187076
v -0.03111044 0.00258735 -0.13619361
v -0.01615867 0.00776853 -0.19742281
v -0.01520814 0.00722282 -0.20353469
v -0.04084327 -0.02856127 -0.09867518
v -0.04016931 -0.01690291 -0.08783511
v -0.03527417 -0.00521682 -0.06354819
v -0.04226745 -0.00995564 -0.14056697
v -0.03380571 0.00038059 -0.12775729
v -0.03030333 -0.00295223 -0.19596720
v -0.02459808 0.00115237 -0.20226014
v -0.02850925 -0.00259983 -0.20245152
v -0.02133692 0.00201144 -0.20796818
v -0.04274662 -0.02461312 -0.10445809
v -0.03854116 -0.00511422 -0.14349907
v -0.04010621 -0.04612482 -0.12840704
v -0.04244466 -0.03853259 -0.12445165
v -0.04619960 -0.01822878 -0.14474741
v -0.04251843 -0.01122937 -0.15149215
v -0.04002598 -0.00859816 -0.15718479
v -0.03579670 -0.00755224 -0.18655324
v -0.03888479 -0.01317195 -0.19730393
v -0.03405057 -0.00854994 -0.20291290
v -0.04436247 -0.04656466 -0.14868453
v -0.04671000 -0.04514884 -0.16314422
v -0.04723464 -0.03076449 -0.14036196
v -0.04801646 -0.04429314 -0.17761110
v -0.04855665 -0.02919053 -0.16351567
v -0.04823986 -0.02935658 -0.17112954
v -0.04734579 -0.02547454 -0.17566058
v -0.04328139 -0.01753314 -0.18751855
v -0.04507300 -0.01827419 -0.17275345
v -0.04364802 -0.02202261 -0.19942384
v -0.04447036 -0.02455626 -0.20020931
v -0.04671573 -0.04032317 -0.15091983
v -0.04738904 -0.04759195 -0.18691087
v -0.04782496 -0.04469647 -0.18311286
v -0.04840589 -0.03206322 -0.17159951
v -0.04827031 -0.03782216 -0.17870919
v -0.04770044 -0.04197124 -0.19030810
v -0.04597729 -0.03394961 -0.20465817
v 0.01406531 0.01409139 0.12583897
v 0.01347467 0.01297050 0.12575257
v 0.01334766 0.01447007 0.12599220
v 0.01335796 0.01501022 0.12588145
v 0.01333325 0.01791758 0.12446118
v -0.00846554 0.00590530 0.12639640
v -0.00865724 0.00604719 0.12650321
v -0.00951240 0.00674454 0.12719168
v -0.00959149 0.00953691 0.12618409
v -0.03019871 0.00437654 0.12024204
v -0.03032522 0.00556284 0.11934165
v -0.03012130 0.00406786 0.12043777
v -0.03109083 0.00386490 0.12044088
v -0.03073694 0.00511938 0.11951660
v -0.03055009 0.00489660 0.11966500
v -0.03011687 0.00156562 0.11936320
v -0.02974822 0.00270448 0.11995851
v -0.03023030 0.00238772 0.11998280
v -0.02982565 0.00392173 0.12054735
v -0.02995782 0.00345985 0.12032360
v -0.03084050 0.00086679 0.12004452
v -0.03049617 0.00365859 0.11998890
v -0.03107589 0.00247815 0.12072975
v 0.04981057 -0.04894104 -0.19728737
v 0.04015025 -0.04152255 -0.11235585
v 0.04334956 -0.04937953 -0.13838504
v 0.04407727 -0.04885589 -0.13985575
v 0.04564342 -0.04794543 -0.14390510
v 0.05056475 -0.04574494 -0.19549829
v 0.02636344 -0.04974399 -0.10073904
v 0.03110998 -0.04754819 -0.10403851
v 0.01252673 -0.04807565 -0.07444640
v -0.00048245 -0.04770078 -0.06778342
v -0.02088984 -0.04999485 -0.08397150
v -0.01778395 -0.04949020 -0.07855124
v -0.01885410 -0.04997698 -0.08120913
v -0.02957391 -0.03820215 -0.07736811
v -0.03346926 -0.04549083 -0.10270693
v -0.03844148 -0.05008480 -0.13099143
v -0.04108584 -0.04994555 -0.14132500
v -0.03590069 -0.05015581 -0.12090884
v -0.03711828 -0.05002978 -0.12555330
v -0.04563715 -0.04723109 -0.15994585
v -0.04686860 -0.04961816 -0.17852619
v -0.04665828 -0.04987483 -0.17697543
v 0.04984420 -0.04506313 -0.20789721
v 0.04980142 -0.04320995 -0.20695522
v 0.04728984 -0.03480616 -0.20202298
v 0.04031044 -0.02727421 -0.20393931
v 0.03645683 -0.02301205 -0.20212615
v 0.03581792 -0.02230274 -0.20097399
v 0.01933048 -0.00802012 -0.20732338
v 0.01989629 -0.00795972 -0.20321568
v 0.01013445 0.00246588 -0.20375109
v 0.00696290 0.00380796 -0.20781897
v 0.00405000 0.00571229 -0.20693953
v -0.00383430 0.00850893 -0.20508484
v -0.00650198 0.00785107 -0.20803494
v -0.01231286 0.00667111 -0.20903548
v -0.01633118 0.00499248 -0.20880613
v -0.01550069 0.00667843 -0.20570611
v -0.04028301 -0.01562940 -0.19916018
v 0.05013298 -0.04606439 -0.20431249
vn 0.448890 -0.347682 0.823174
vn 0.176834 -0.350948 0.919546
vn 0.794680 -0.536615 0.283775
vn 0.769175 -0.407558 0.492205
vn 0.599122 -0.786962 -0.147458
vn 0.586882 -0.082049 0.805504
vn 0.318582 -0.123832 0.939772
vn 0.780070 -0.193352 0.595068
vn 0.821878 0.217862 0.526358
vn 0.903213 0.428604 0.022485
vn 0.616380 -0.264426 0.741724
vn 0.979116 -0.075677 -0.188695
vn 0.805827 0.590280 -0.047033
vn -0.375405 -0.700269 0.607202
vn 0.362179 -0.931144 0.042381
vn -0.235494 -0.969166 0.072530
vn -0.166332 0.259757 0.951241
vn 0.324160 -0.917413 -0.230812
vn -0.028721 -0.992503 -0.118795
vn 0.931031 0.344244 0.121151
vn 0.927169 0.313973 -0.204398
vn 0.354768 0.931112 -0.084673
vn 0.895997 -0.228108 0.380993
vn 0.949398 0.179790 0.257526
vn 0.785871 0.452257 0.421747
vn 0.941571 0.329080 0.071758
vn -0.586065 -0.670054 0.455582
vn -0.787495 -0.077288 0.611456
vn -0.425027 0.811759 0.400499
vn 0.170512 0.966688 0.190891
vn 0.446130 0.889828 0.095783
vn 0.953140 -0.230372 -0.196092
vn 0.329333 -0.304199 0.893870
vn 0.598953 -0.800736 0.008769
vn 0.375609 -0.924122 0.070125
vn 0.151535 -0.981208 0.119446
vn 0.508462 -0.346006 0.788509
vn 0.593473 0.033442 0.804159
vn 0.119781 -0.105042 0.987228
vn 0.385537 -0.749589 -0.538031
vn 0.717159 -0.564152 -0.409164
vn 0.520607 -0.636456 -0.569115
vn 0.153829 0.635233 0.756846
vn 0.371149 0.751547 0.545367
vn -0.376142 -0.923874 0.070531
vn -0.542824 -0.796414 0.266583
vn 0.270313 0.848588 0.454785
vn 0.561116 0.750498 0.349145
vn 0.390774 -0.896739 -0.207739
vn -0.405678 0.857428 0.316611
vn 0.598641 -0.800571 0.026754
vn 0.971835 0.230956 -0.046874
vn -0.110874 0.993164 0.036501
vn -0.187009 0.975122 0.119013
vn 0.856406 -0.347786 -0.381592
vn 0.714350 0.666841 0.212197
vn 0.910023 0.157584 -0.383440
vn -0.704579 -0.223919 0.673372
vn -0.569062 -0.821333 0.039764
vn -0.885313 -0.142901 0.442494
vn -0.496067 -0.113428 0.860844
vn -0.282334 0.453513 0.845348
vn -0.583945 0.093402 0.806402
vn -0.006012 -0.896389 -0.443228
vn -0.250991 -0.842034 -0.477475
vn -0.284925 0.570038 0.770632
vn -0.032447 -0.754747 -0.655213
vn -0.120416 0.769309 0.627426
vn -0.261942 0.654806 0.708954
vn 0.166675 -0.895772 -0.412082
vn -0.863269 -0.330159 0.381786
vn -0.917757 -0.113416 0.380604
vn -0.769984 -0.629850 0.102041
vn -0.971130 -0.166462 0.170873
vn -0.925063 0.276937 0.259930
vn -0.664263 -0.696289 0.271914
vn 0.518304 -0.852206 0.071463
vn 0.274353 0.852597 0.444756
vn -0.684928 0.665672 0.296234
vn 0.767993 -0.636409 -0.071897
vn 0.593877 -0.797634 -0.105308
vn 0.333942 0.905873 0.260533
vn 0.874803 0.484479 0.000002
vn 0.992440 -0.064348 -0.104508
vn 0.895176 -0.204894 -0.395827
vn 0.830383 0.557177 0.004313
vn 0.393614 0.839994 0.373466
vn 0.763700 0.622525 0.170954
vn 0.659753 0.745566 -0.094109
vn -0.846313 -0.520558 0.113024
vn -0.504679 -0.813489 -0.289023
vn -0.627508 -0.720293 -0.295654
vn -0.543299 -0.673051 -0.501825
vn -0.795077 -0.584073 -0.163434
vn -0.928619 -0.370224 -0.024513
vn -0.715225 0.376834 0.588600
vn -0.981176 -0.173106 0.085600
vn -0.925286 -0.366376 -0.098052
vn -0.573896 -0.765629 -0.290612
vn -0.951771 -0.305424 0.029140
vn -0.328864 0.777976 0.535353
vn -0.560021 0.638073 0.528431
vn -0.133225 -0.949964 -0.282524
vn -0.548192 0.685321 0.479395
vn 0.104747 -0.994411 -0.013253
vn -0.171097 -0.981855 0.081765
vn 0.647107 -0.761174 -0.043202
vn 0.468119 -0.881124 -0.066965
vn -0.914250 0.295211 0.277485
vn -0.913380 0.059716 0.402704
vn 0.268408 -0.963281 0.006908
vn 0.566596 -0.786086 -0.247058
vn -0.142892 0.957034 0.252324
vn 0.388520 0.913293 0.122263
vn 0.902554 -0.429794 0.025939
vn 0.492744 0.155056 0.856248
vn 0.244871 0.962534 0.116475
vn 0.394555 0.914886 0.085498
vn 0.798326 0.039164 0.600950
vn 0.821472 0.205968 0.531752
vn 0.659074 0.746990 0.087334
vn 0.814053 0.569975 0.111558
vn 0.949264 0.313584 0.023745
vn 0.924465 0.150646 0.350244
vn 0.785055 0.612690 -0.091102
vn 0.739860 0.652745 -0.162882
vn 0.694390 0.709698 0.118959
vn 0.634840 0.770828 0.052944
vn 0.560943 0.763601 -0.319776
vn 0.549558 0.785738 -0.283905
vn -0.340970 -0.908928 -0.239975
vn -0.674940 -0.725524 -0.134431
vn -0.178742 -0.933459 -0.310976
vn -0.279568 -0.958390 -0.057709
vn 0.093997 -0.995520 0.010225
vn -0.888231 -0.116805 0.444301
vn 0.115176 -0.991551 0.059682
vn 0.068078 -0.997674 0.003429
vn -0.720733 0.146482 0.677559
vn -0.570625 -0.395005 0.719971
vn -0.448492 0.855671 0.258230
vn -0.765484 0.489358 0.417807
vn 0.426710 -0.581711 0.692482
vn 0.504805 -0.802561 -0.317911
vn 0.825693 -0.303277 0.475662
vn 0.874878 -0.117066 -0.469983
vn 0.514220 0.834686 0.197176
vn 0.661555 0.748929 -0.038099
vn 0.592122 0.767550 -0.245476
vn 0.442481 0.867080 -0.228873
vn 0.569325 0.821607 -0.028826
vn -0.677711 -0.725452 -0.120110
vn -0.406029 -0.896459 -0.177488
vn -0.925946 -0.355040 0.128727
vn -0.512837 -0.854509 0.082536
vn -0.229760 -0.507775 0.830286
vn -0.232505 -0.665041 0.709692
vn -0.065787 -0.863682 0.499726
vn -0.092700 -0.836671 0.539804
vn -0.096738 -0.966547 0.237547
vn -0.048047 -0.991133 -0.123882
vn -0.773907 0.475410 0.418393
vn -0.764772 0.545536 0.342805
vn -0.920154 0.247624 0.303314
vn -0.548830 -0.732595 0.402605
vn 0.485255 -0.870854 0.078365
vn -0.227269 -0.858818 0.459109
vn 0.308118 -0.943173 0.124446
vn -0.187295 -0.276575 0.942564
vn 0.043238 -0.990197 -0.132816
vn 0.586244 -0.333125 0.738475
vn -0.114032 0.978312 0.172921
vn 0.665438 -0.631696 -0.397684
vn 0.742118 -0.499263 -0.447210
vn 0.452931 -0.820541 -0.348664
vn 0.644050 -0.540732 -0.541118
vn 0.642801 -0.472523 -0.602933
vn -0.275531 0.918663 0.283090
vn 0.658362 -0.460515 -0.595387
vn -0.022491 0.962598 0.270000
vn -0.238321 0.936572 0.256975
vn 0.873181 0.001066 -0.487395
vn 0.755186 -0.036234 -0.654508
vn 0.749772 -0.157007 -0.642799
vn 0.335434 0.941354 -0.036548
vn 0.016626 0.979099 -0.202703
vn 0.779634 0.014135 -0.626076
vn 0.395397 0.912712 -0.103046
vn 0.773746 0.449648 -0.446245
vn 0.384462 0.896204 -0.221374
vn 0.958296 -0.209392 0.194482
vn 0.842374 -0.528418 0.105735
vn 0.810076 -0.566625 0.150710
vn 0.473052 -0.881000 0.007815
vn 0.411345 0.672609 0.615136
vn 0.948458 0.013816 0.316603
vn 0.762816 0.385963 0.518791
vn 0.887497 0.279576 0.366314
vn 0.909004 -0.412632 -0.058704
vn 0.953524 -0.261365 -0.149935
vn 0.811463 0.500272 0.302085
vn 0.826787 0.502340 0.253136
vn 0.978722 0.185741 0.087200
vn 0.906301 0.393612 0.153909
vn 0.955588 -0.290645 -0.048756
vn 0.878319 0.453084 0.152544
vn -0.262101 -0.757215 0.598271
vn -0.308411 -0.807368 0.503031
vn -0.485449 -0.701899 0.521227
vn -0.519144 -0.677884 0.520542
vn -0.568013 -0.539993 0.621103
vn -0.663383 -0.743685 0.082803
vn -0.058935 -0.850158 0.523219
vn -0.043765 -0.703469 0.709377
vn -0.000278 -0.988730 0.149711
vn -0.858211 0.486362 0.164090
vn -0.927053 -0.166584 0.335889
vn -0.880528 0.231178 0.413796
vn -0.968068 0.218558 0.122791
vn 0.526888 -0.702765 -0.478027
vn 0.387299 -0.831901 -0.397417
vn 0.458281 -0.681225 -0.570886
vn 0.231868 -0.765039 -0.600794
vn -0.385573 0.791352 0.474442
vn 0.520306 -0.382125 -0.763716
vn -0.117456 0.976503 0.180681
vn 0.936582 -0.234466 -0.260459
vn 0.963981 0.264346 -0.029371
vn 0.842289 0.481666 -0.241964
vn 0.616322 -0.179623 0.766735
vn 0.387062 -0.239842 0.890314
vn 0.116292 -0.365033 0.923703
vn -0.067127 -0.085085 0.994110
vn 0.374487 -0.467402 0.800809
vn 0.112856 -0.947640 0.298733
vn -0.055779 -0.989255 0.135141
vn 0.270971 0.364340 0.890972
vn 0.123259 0.656641 0.744063
vn -0.169972 0.264429 0.949309
vn 0.108834 -0.851271 -0.513316
vn 0.028322 0.707258 0.706388
vn 0.408402 0.635492 0.655254
vn 0.089686 -0.874561 -0.476549
vn 0.487977 0.787063 0.377374
vn 0.370287 0.854681 0.363879
vn 0.805145 -0.561303 -0.191522
vn 0.796959 -0.603351 -0.028715
vn 0.608682 -0.793399 -0.004918
vn 0.307687 0.886834 0.344751
vn 0.970678 0.224079 0.087018
vn 0.850809 -0.462431 0.249562
vn 0.297915 -0.252514 0.920589
vn 0.121632 -0.687806 0.715631
vn 0.365333 -0.649312 0.667028
vn -0.030580 -0.916182 0.399595
vn 0.072137 -0.511095 0.856492
vn -0.008155 -0.994124 0.107943
vn 0.771811 0.602205 0.204098
vn 0.646320 -0.233746 0.726384
vn -0.367939 -0.785545 0.497534
vn 0.766815 0.603104 0.219683
vn -0.727215 -0.120327 0.675781
vn -0.224083 0.641146 0.733975
vn 0.336810 0.272971 0.901136
vn -0.281970 0.651711 0.704106
vn -0.000690 -0.990786 -0.135436
vn 0.594934 0.759304 0.263651
vn 0.796225 0.514715 0.317952
vn 0.135334 -0.867599 -0.478494
vn 0.086092 -0.929394 -0.358907
vn 0.421252 -0.507026 -0.751978
vn 0.932092 -0.359487 -0.044424
vn 0.828108 -0.559445 -0.035474
vn 0.926580 -0.364585 0.092342
vn 0.996651 -0.079812 0.017796
vn 0.879526 0.472795 -0.053835
vn 0.989023 0.078328 0.125292
vn -0.585354 0.280054 0.760875
vn -0.756905 -0.211998 0.618184
vn -0.050661 -0.954154 0.294999
vn -0.615126 -0.466684 0.635473
vn -0.721720 -0.677490 0.141874
vn -0.624528 -0.780821 -0.016842
vn -0.157335 -0.987094 -0.029840
vn -0.425576 -0.901069 -0.083427
vn -0.342060 -0.846244 -0.408491
vn -0.579876 -0.805681 -0.120923
vn -0.442282 0.606327 0.660874
vn -0.721556 0.405034 0.561520
vn 0.003496 -0.905869 -0.423543
vn -0.529333 -0.693660 -0.488511
vn -0.510710 0.537645 0.670905
vn -0.059858 -0.720612 -0.690749
vn -0.123860 -0.860337 -0.494448
vn -0.225916 0.758964 0.610685
vn -0.739115 0.490733 0.461400
vn 0.146607 -0.936394 -0.318860
vn -0.007889 -0.963810 -0.266472
vn 0.368720 -0.928712 0.039239
vn 0.431375 -0.895337 -0.110848
vn 0.256638 -0.966144 -0.026519
vn 0.343619 -0.871045 0.351008
vn 0.026092 0.935364 0.352722
vn 0.137053 0.940678 0.310388
vn -0.065016 0.946637 0.315676
vn 0.489959 0.808795 0.325254
vn 0.247505 0.945568 0.211287
vn 0.406360 -0.892021 -0.197913
vn 0.720638 -0.689592 -0.071719
vn 0.546933 -0.832993 -0.083590
vn 0.948977 -0.283588 0.137917
vn 0.870965 -0.436254 0.226058
vn 0.978847 -0.090096 0.183689
vn 0.591387 0.803234 -0.071252
vn 0.982028 -0.049567 0.182111
vn 0.929541 -0.348055 0.121705
vn 0.995944 -0.062419 0.064802
vn 0.916206 0.400706 -0.001098
vn 0.996727 0.079955 0.011953
vn 0.996708 -0.081071 -0.000349
vn 0.918944 0.390896 0.052360
vn 0.934997 0.354378 0.014027
vn -0.976031 -0.205207 0.072487
vn -0.786257 -0.563713 -0.253037
vn -0.943981 -0.317164 -0.091145
vn -0.596503 -0.772493 -0.217804
vn -0.921151 0.370152 0.120285
vn -0.003367 -0.997407 -0.071895
vn -0.106526 -0.913300 0.393111
vn -0.707025 0.668624 0.230342
vn -0.197735 -0.979729 0.032111
vn -0.153962 -0.988070 -0.003571
vn -0.435631 0.876101 0.206571
vn 0.026205 -0.975932 -0.216493
vn -0.291593 0.941065 0.171376
vn 0.467628 -0.883005 0.040340
vn 0.111290 0.987046 0.115561
vn -0.226355 0.964981 0.132570
vn 0.697037 -0.691181 0.190808
vn -0.076491 0.994889 -0.065919
vn 0.657013 -0.715234 0.238274
vn 0.739562 -0.626760 0.245397
vn 0.030563 0.996951 -0.071794
vn 0.277189 0.946064 -0.167716
vn 0.639103 0.769082 -0.007719
vn 0.898961 0.437555 0.020368
vn 0.788552 0.614410 -0.026198
vn 0.795779 0.600754 -0.076355
vn 0.741861 0.640703 -0.197846
vn 0.742627 0.631214 -0.223771
vn -0.992434 0.079212 0.093811
vn -0.802833 -0.594618 -0.043464
vn -0.997962 0.029104 0.056792
vn -0.619963 -0.781755 -0.067127
vn -0.190877 -0.978894 -0.073022
vn -0.999145 0.007850 -0.040595
vn -0.343083 -0.938715 0.033276
vn -0.118625 -0.933790 0.337587
vn -0.012678 -0.968223 0.249767
vn -0.017307 -0.870261 0.492286
vn -0.810841 0.563715 0.157362
vn -0.603591 0.783624 0.147011
vn -0.215194 0.964621 -0.152311
vn 0.468160 -0.847525 0.250056
vn -0.288741 0.956970 -0.028945
vn -0.102145 0.993832 -0.043178
vn -0.086854 0.989367 -0.116657
vn 0.251094 0.961301 -0.113367
vn 0.836586 -0.485788 0.253247
vn 0.449510 -0.316607 0.835285
vn 0.630084 -0.392225 0.670189
vn 0.570237 -0.071238 0.818386
vn 0.459045 0.416229 0.784876
vn 0.982494 -0.176113 0.060743
vn 0.919468 -0.378197 0.107449
vn 0.798581 -0.591185 -0.112999
vn 0.857183 0.208928 0.470730
vn 0.603155 0.376394 0.703230
vn 0.702050 -0.438373 -0.561208
vn 0.987323 -0.057565 0.147914
vn 0.910363 -0.413655 -0.011305
vn 0.549573 -0.808511 -0.210425
vn 0.866964 0.387057 0.313945
vn 0.693405 0.478321 0.538886
vn 0.622257 0.669679 0.405372
vn 0.782723 -0.592730 -0.189779
vn 0.492806 0.750836 0.439759
vn 0.989843 -0.059615 0.129065
vn 0.983703 0.046855 0.173589
vn 0.809870 0.477123 0.341270
vn 0.456661 0.781537 0.425041
vn 0.752233 0.654548 0.075575
vn 0.979692 -0.042844 0.195875
vn 0.724901 0.680483 0.107060
vn 0.429866 -0.607578 0.667881
vn 0.718786 -0.400692 0.568148
vn 0.447147 -0.747463 0.491282
vn 0.754722 -0.080103 0.651137
vn -0.629009 -0.411458 0.659584
vn 0.600842 0.484495 0.635810
vn 0.403117 0.584130 0.704478
vn 0.870734 0.418972 0.257457
vn 0.247934 -0.880687 0.403633
vn -0.196121 -0.892739 0.405651
vn 0.005692 -0.995170 0.098000
vn -0.949483 0.279817 0.142072
vn -0.951627 0.027880 0.305988
vn -0.938783 0.105142 0.328072
vn 0.143791 0.488825 0.860450
vn 0.496337 0.712569 0.495878
vn 0.037293 -0.998346 0.043763
vn 0.099926 -0.969161 0.225261
vn 0.348251 0.937211 -0.018898
vn 0.593248 0.780851 -0.195777
vn 0.309938 -0.832150 0.459853
vn -0.011778 -0.887236 0.461165
vn 0.298937 -0.587290 0.752149
vn 0.214920 -0.093328 0.972162
vn 0.247866 0.572966 0.781199
vn 0.035394 -0.357214 0.933352
vn 0.620763 0.305560 0.722002
vn 0.664821 -0.709493 -0.233738
vn 0.478925 -0.857600 -0.187490
vn 0.512503 -0.762193 -0.395477
vn 0.487159 -0.551536 -0.677115
vn 0.027375 -0.616993 -0.786493
vn 0.503571 0.446508 0.739626
vn 0.374228 0.397470 0.837837
vn 0.113582 0.387472 0.914858
vn 0.262476 0.666494 0.697777
vn 0.190552 0.454175 0.870296
vn 0.157666 -0.949003 -0.273010
vn 0.442664 -0.873931 -0.200731
vn 0.158146 -0.910907 -0.381101
vn 0.226986 0.867334 0.442956
vn 0.301440 -0.908816 -0.288422
vn 0.181836 -0.968956 0.167509
vn 0.658731 -0.742669 0.120485
vn 0.540176 -0.813472 0.215574
vn 0.084940 -0.959521 -0.268522
vn 0.081817 -0.982736 -0.165939
vn 0.377118 0.847666 0.373155
vn 0.202796 0.960646 0.189823
vn 0.211800 -0.960063 0.182808
vn 0.182018 -0.960208 0.211826
vn 0.152614 -0.963522 0.219852
vn 0.101681 -0.968756 0.226216
vn 0.364558 0.911570 0.190100
vn 0.061342 -0.998070 0.009681
vn -0.054224 0.901799 0.428741
vn 0.006931 -0.986899 0.161188
vn 0.344001 -0.892949 0.290355
vn -0.023278 0.985645 -0.167220
vn 0.140508 0.987189 -0.075599
vn 0.671431 0.716100 -0.190738
vn 0.603176 0.768401 -0.213867
vn -0.181473 -0.600179 0.779007
vn -0.213521 -0.910085 0.355183
vn -0.316341 -0.413701 0.853686
vn -0.138271 -0.974882 0.174604
vn 0.047945 0.146668 0.988023
vn -0.386506 0.056816 0.920535
vn -0.640690 -0.027714 0.767299
vn -0.448349 0.297250 0.842986
vn -0.725643 0.105562 0.679926
vn -0.557762 -0.300476 0.773702
vn -0.698250 -0.353627 0.622411
vn -0.812798 -0.390602 0.432192
vn -0.788240 -0.060348 0.612402
vn -0.896204 -0.331686 0.294624
vn -0.939790 -0.320598 0.118376
vn -0.306731 -0.830321 -0.465278
vn -0.813614 -0.522783 -0.254419
vn -0.476579 0.404743 0.780420
vn -0.657417 0.369467 0.656732
vn -0.131746 -0.551566 -0.823661
vn -0.072368 -0.760725 -0.645027
vn -0.522504 -0.639686 -0.563730
vn -0.279514 0.644307 0.711857
vn -0.586166 0.632120 0.506788
vn -0.023716 -0.931261 -0.363580
vn 0.102428 -0.990240 0.094521
vn -0.003136 -0.999992 -0.002519
vn -0.068793 0.948792 0.308319
vn 0.001757 -0.916131 0.400876
vn 0.197420 -0.895221 0.399506
vn 0.523493 0.831532 0.185767
vn -0.651541 0.754613 0.077805
vn 0.250436 0.957091 0.145802
vn 0.121159 0.969120 0.214773
vn 0.148996 0.980269 0.129896
vn 0.084914 0.968132 0.235607
vn -0.395184 0.913562 0.096095
vn -0.280578 0.948742 0.145482
vn -0.129971 0.986718 0.097447
vn 0.204128 0.978093 -0.040816
vn -0.641117 -0.424984 -0.639029
vn -0.761868 -0.350876 -0.544466
vn -0.978872 -0.160913 -0.126159
vn -0.978639 0.142463 0.148225
vn -0.813761 -0.376867 -0.442454
vn -0.836159 -0.501758 -0.221535
vn -0.841005 0.405148 0.358562
vn -0.479483 -0.857427 -0.186854
vn -0.969629 0.229250 0.085232
vn -0.907288 -0.412640 -0.080979
vn -0.800479 -0.596310 -0.060401
vn -0.539684 -0.837896 -0.081677
vn -0.638049 -0.769123 -0.036665
vn -0.247139 -0.929386 -0.274161
vn -0.254252 -0.586909 0.768696
vn -0.726461 0.684187 0.064370
vn -0.755508 -0.628306 -0.185576
vn -0.490569 -0.857461 -0.155249
vn -0.128625 -0.949134 0.287402
vn 0.126365 -0.958102 0.257045
vn 0.030719 -0.990344 0.135184
vn -0.089347 -0.995827 0.018602
vn -0.272413 -0.948822 -0.159774
vn -0.182657 -0.980818 0.068060
vn -0.744627 0.642401 0.181249
vn -0.326236 -0.902462 0.281306
vn -0.441318 0.894091 0.076413
vn -0.523688 0.850971 -0.039995
vn -0.206977 0.965358 -0.158888
vn -0.552014 0.823746 -0.129318
vn -0.015955 0.991042 -0.132591
vn -0.125192 0.981423 -0.145380
vn 0.117556 0.987450 -0.105464
vn -0.954898 -0.295548 -0.028661
vn -0.974483 -0.208515 -0.083086
vn -0.989475 0.010205 -0.144341
vn 0.932221 -0.009572 0.361762
vn 0.891245 -0.399462 0.214738
vn 0.790863 -0.610940 0.035873
vn 0.913631 -0.364304 0.180446
vn 0.810320 -0.583824 0.050313
vn 0.480012 -0.869386 -0.117285
vn -0.100643 -0.531287 0.841193
vn 0.022880 -0.963308 0.267420
vn 0.229112 -0.949892 0.212633
vn 0.082493 -0.983190 0.162887
vn 0.020000 -0.981866 0.188516
vn 0.448081 0.614773 0.649059
vn 0.322631 -0.908984 0.263926
vn -0.563232 -0.780513 0.271235
vn 0.806976 -0.295861 0.511133
vn 0.171303 -0.808933 0.562390
vn 0.283288 -0.510274 0.812015
vn 0.036568 -0.933695 0.356198
vn -0.207103 -0.955565 0.209771
vn 0.128981 0.869938 0.475996
vn -0.019561 -0.963283 0.267774
vn -0.244417 -0.969643 0.007265
vn -0.385274 -0.905910 -0.175757
vn -0.900628 0.370038 0.227907
vn -0.842090 0.257777 0.473745
vn -0.597599 0.673443 0.435144
vn -0.190870 0.586535 0.787112
vn -0.590375 -0.805611 -0.049484
vn -0.219312 -0.926165 0.306791
vn -0.409564 0.909319 -0.073460
vn -0.035011 0.998631 -0.038876
vn 0.177327 0.973297 -0.145767
vn 0.514068 0.835542 -0.193915
vn 0.957086 -0.272287 0.099227
vn 0.970642 0.068283 0.230631
vn 0.715362 0.503680 0.484317
vn 0.967689 0.005104 0.252094
vn 0.882304 -0.443349 -0.158052
vn 0.959396 0.063926 0.274724
vn 0.764824 -0.580927 0.278511
vn 0.874307 0.220734 0.432277
vn 0.602057 0.631035 0.489206
vn 0.861315 -0.468245 0.197190
vn 0.801169 -0.597370 0.035741
vn 0.765935 -0.640071 0.060435
vn 0.764345 0.439625 0.471705
vn 0.299497 -0.926946 -0.225994
vn 0.401039 0.750607 0.525126
vn 0.068678 -0.974385 -0.214142
vn 0.354319 0.883415 0.306653
vn -0.346003 -0.868296 0.355450
vn -0.516773 -0.836007 0.184496
vn 0.013545 0.882499 0.470120
vn -0.469759 0.873018 0.131017
vn -0.773023 -0.574485 -0.269076
vn -0.644850 0.764140 -0.016049
vn -0.865154 -0.501485 -0.004647
vn -0.683237 -0.725193 0.085338
vn -0.532471 -0.782720 0.322215
vn -0.264116 -0.892986 0.364442
vn -0.504919 0.861738 -0.049641
vn -0.826270 0.471784 -0.307729
vn -0.781963 0.578766 0.231440
vn -0.787601 0.614942 -0.039131
vn -0.700946 0.711295 -0.052289
vn -0.067802 0.995567 -0.065189
vn 0.377582 0.915690 -0.137639
vn 0.192300 -0.208746 0.958877
vn 0.246427 -0.695257 0.675198
vn 0.339732 -0.914694 0.218900
vn 0.683107 -0.730177 -0.014392
vn 0.820578 -0.571208 -0.019302
vn 0.910279 -0.389893 0.139198
vn 0.872270 -0.112851 0.475825
vn 0.841962 0.228771 0.488634
vn 0.747840 -0.038689 0.662751
vn 0.640181 0.382953 0.665970
vn 0.501288 -0.165561 0.849294
vn -0.491784 0.609773 0.621550
vn 0.548793 -0.783466 -0.291562
vn 0.251990 0.672526 0.695852
vn -0.276619 0.783964 0.555772
vn -0.309531 -0.918615 -0.245638
vn 0.333825 0.788169 0.517060
vn 0.050637 -0.961404 -0.270439
vn -0.049377 -0.959104 -0.278715
vn -0.510235 0.859725 0.023071
vn -0.623372 -0.781605 -0.022377
vn -0.924744 -0.327928 -0.193164
vn -0.724300 -0.689199 -0.019863
vn -0.883143 -0.465198 -0.060414
vn -0.782528 -0.619327 -0.063904
vn -0.799361 -0.583433 -0.143623
vn -0.784884 0.601720 -0.147951
vn -0.872830 -0.339330 -0.350746
vn -0.918211 -0.236273 -0.317906
vn -0.645409 0.751402 -0.137269
vn -0.869713 0.469214 -0.153092
vn -0.955027 0.007121 -0.296434
vn -0.923109 -0.299108 -0.241669
vn -0.904434 -0.419738 -0.076276
vn -0.949533 0.207254 -0.235442
vn -0.938711 0.203830 -0.277983
vn -0.993901 0.102505 -0.040657
vn -0.891690 -0.449616 0.052296
vn -0.738017 0.655878 -0.158602
vn -0.858187 0.475436 -0.193586
vn -0.845284 0.456692 -0.277358
vn -0.994719 0.079401 0.065031
vn -0.997434 0.050615 0.050622
vn -0.963859 0.251428 0.088085
vn -0.852640 0.522095 -0.020524
vn 0.055239 -0.985728 0.159025
vn -0.212104 -0.722714 0.657797
vn -0.316352 -0.866702 0.385681
vn -0.566346 -0.631135 0.530020
vn -0.498102 -0.350815 0.792984
vn -0.592598 -0.801690 0.078231
vn -0.764496 -0.644052 -0.027246
vn -0.315764 0.109301 0.942521
vn -0.235656 0.649051 0.723325
vn -0.505215 0.535548 0.676717
vn -0.624605 0.166534 0.762978
vn 0.286638 -0.835672 -0.468498
vn -0.031700 -0.923139 -0.383157
vn -0.621071 -0.722660 -0.303369
vn -0.427081 -0.705408 -0.565687
vn -0.622705 0.608710 0.491641
vn -0.776412 0.504304 0.377970
vn -0.820501 0.554820 0.137671
vn -0.640652 0.747212 0.176745
vn -0.781126 0.619051 0.081346
vn -0.921948 -0.302078 -0.242405
vn -0.607056 0.769537 0.198230
vn -0.992712 0.027643 -0.117298
vn -0.622968 -0.717334 -0.311997
vn -0.846730 0.515353 -0.132136
vn -0.973302 0.208158 -0.096713
vn -0.907751 -0.407064 -0.101421
vn -0.929452 -0.336810 -0.150594
vn -0.983958 0.051208 -0.170893
vn -0.914421 0.354965 -0.194510
vn -0.240286 0.967967 -0.072817
vn -0.979308 -0.101411 -0.175132
vn -0.975627 0.218483 -0.020445
vn -0.507881 0.859533 -0.057090
vn -0.048478 0.985849 -0.160473
vn -0.913386 0.403050 0.057246
vn -0.580980 0.812384 -0.049939
vn -0.835033 -0.502947 0.223078
vn -0.912298 -0.331649 0.240252
vn -0.981374 0.161777 0.103598
vn -0.960404 -0.228560 0.159328
vn -0.990776 0.109657 0.079613
vn -0.993380 -0.099705 0.057062
vn -0.970245 0.228213 -0.080887
vn -0.423489 0.175001 0.888837
vn 0.812752 0.411719 0.412215
vn 0.419726 -0.448568 0.789061
vn 0.561143 0.164286 0.811252
vn 0.124190 0.478874 0.869055
vn -0.706058 0.429374 0.563135
vn -0.976477 -0.170198 -0.132383
vn -0.926106 0.269608 0.263892
vn -0.223798 0.771657 0.595365
vn 0.921835 -0.381025 0.070989
vn 0.921509 -0.385032 0.050717
vn 0.734696 -0.621669 0.271570
vn 0.757381 -0.591369 0.276868
vn 0.856034 -0.496830 0.142708
vn 0.976284 -0.210111 -0.052179
vn 0.490679 -0.828396 0.270176
vn 0.564994 -0.767952 0.301714
vn 0.487628 -0.829001 0.273818
vn 0.380936 -0.881616 0.278643
vn 0.145252 -0.945383 0.291808
vn -0.194899 -0.922137 0.334183
vn -0.597581 -0.733894 0.322948
vn -0.692272 -0.656273 0.300109
vn -0.749763 -0.592875 0.293861
vn 0.959123 0.149170 -0.240482
vn 0.867005 0.449483 -0.215097
vn -0.884939 -0.430201 0.178355
vn -0.963798 -0.252250 0.086388
vn -0.977507 -0.210469 0.013557
vn -0.979147 -0.203142 -0.002293
vn -0.990631 -0.103091 -0.089565
vn 0.931497 0.336226 -0.138801
vn 0.986725 0.014071 -0.161791
vn 0.738970 0.643685 -0.198979
vn 0.726574 0.677049 -0.117025
vn 0.222911 0.932997 -0.282536
vn 0.549663 0.785304 -0.284902
vn 0.366982 0.879422 -0.303219
vn 0.119067 0.951947 -0.282171
vn -0.166271 0.939622 -0.299106
vn -0.336743 0.877749 -0.340825
vn -0.580333 0.755301 -0.304524
vn -0.671831 0.700997 -0.239263
vn -0.734377 0.634060 -0.242196
vn -0.817231 0.533963 -0.216833
vn -0.901448 0.386873 -0.194218
vn -0.938406 0.251665 -0.236766
vn -0.994000 -0.028310 -0.105652
vn -0.974484 0.093805 -0.203918
vn 0.985362 -0.119819 -0.121269
vn 0.968926 0.026629 0.245913
vn 0.713384 -0.575356 0.400061
vn 0.495176 -0.784862 0.372547
vn 0.262922 -0.460609 0.847768
vn 0.367725 -0.637347 0.677176
vn 0.859957 -0.510366 0.000648
vn 0.579882 -0.811299 0.074366
vn 0.600068 0.159910 0.783803
vn 0.745326 0.405195 0.529439
vn 0.537970 0.359069 0.762665
vn 0.284063 0.271110 0.919678
vn 0.205232 -0.032378 0.978178
vn -0.090073 -0.258486 0.961807
vn 0.118945 -0.233310 0.965100
vn -0.025409 -0.029054 0.999255
vn 0.733413 -0.549412 0.400315
vn 0.900405 -0.398205 0.175222
vn 0.932247 0.054857 0.357639
vn 0.748788 -0.010579 0.662725
vn 0.618966 -0.492176 0.612082
vn 0.920302 -0.249082 0.301665
vn 0.992751 -0.034332 -0.115177
vn 0.931046 -0.350833 -0.100346
vn 0.724737 -0.688684 -0.021694
vn 0.890521 -0.384336 -0.243431
vn 0.525982 0.634513 0.566335
vn 0.390615 0.552363 0.736421
vn 0.557404 0.828074 0.059958
vn 0.836549 0.425815 0.344770
vn 0.565781 0.719042 0.403571
vn 0.699632 0.713312 0.041251
vn 0.944019 0.295475 -0.146705
vn 0.010401 -0.451063 0.892432
vn -0.374359 -0.473426 0.797322
vn 0.136474 -0.823271 0.550999
vn -0.019045 -0.697095 0.716725
vn -0.270583 -0.618440 0.737778
vn 0.002514 -0.910109 0.414361
vn -0.509334 -0.499948 0.700450
vn -0.036290 -0.992709 0.114943
vn 0.275930 -0.957538 -0.083563
vn -0.224843 -0.106330 0.968576
vn -0.344374 -0.208019 0.915497
vn -0.514292 -0.009357 0.857564
vn -0.559362 -0.329062 0.760810
vn -0.565459 -0.244750 0.787625
vn 0.556673 -0.786883 -0.266326
vn 0.206038 0.838477 0.504485
vn 0.474667 0.748626 0.462872
vn 0.149710 0.710331 0.687762
vn 0.151862 0.519612 0.840798
vn -0.143099 0.734799 0.663018
vn 0.148064 0.958587 0.243285
vn -0.450335 0.675567 0.583786
vn -0.244783 0.443306 0.862300
vn 0.991880 0.050260 -0.116821
vn 0.863007 -0.465882 -0.195378
vn 0.644411 0.753318 0.131323
vn 0.576532 0.750921 0.322070
vn 0.997041 -0.076861 0.001486
vn 0.910005 -0.351846 -0.219308
vn 0.943829 -0.102855 -0.314019
vn 0.899128 0.413145 0.144499
vn 0.936341 0.146158 -0.319222
vn 0.682650 0.700137 0.209279
vn 0.721361 0.685509 -0.098570
vn 0.524371 0.827280 0.201600
vn 0.868877 0.436358 -0.233763
vn 0.710079 0.666111 -0.228217
vn 0.709477 -0.641763 0.291172
vn 0.762763 0.041137 0.645369
vn 0.712427 0.454269 0.534872
vn 0.930306 -0.342391 0.131525
vn 0.723145 -0.687507 -0.066296
vn 0.815515 -0.549660 -0.181132
vn 0.958521 -0.211550 -0.191005
vn 0.993355 0.113507 0.019014
vn 0.922954 -0.289379 -0.253804
vn 0.984441 0.175417 0.010243
vn -0.629660 -0.489978 0.602868
vn -0.257223 -0.884518 0.389185
vn -0.404294 -0.877357 0.258442
vn -0.647748 -0.065540 0.759030
vn -0.567231 0.349756 0.745600
vn -0.618777 -0.249227 0.744984
vn -0.675655 -0.314896 0.666582
vn -0.699717 0.234062 0.674990
vn -0.726246 -0.116353 0.677516
vn -0.811686 -0.241008 0.532053
vn -0.841663 0.046928 0.537961
vn -0.644416 -0.621229 0.445874
vn -0.625232 0.417908 0.659119
vn 0.666146 -0.695935 -0.268187
vn -0.159710 0.899790 0.406043
vn -0.657212 0.544433 0.521215
vn -0.239403 0.937103 0.254014
vn 0.689655 -0.708812 -0.148193
vn 0.472330 -0.881410 -0.004554
vn 0.502047 0.811279 0.299625
vn 0.855566 -0.506753 -0.105873
vn 0.123359 0.944574 0.304242
vn 0.421228 0.848141 0.321285
vn 0.206980 0.955157 0.211741
vn 0.935391 0.342482 -0.088037
vn 0.988307 -0.125196 -0.087031
vn 0.600325 0.798926 0.036434
vn 0.880615 0.402957 -0.249285
vn 0.609958 -0.613939 0.501029
vn 0.420643 -0.068564 0.904632
vn 0.224202 -0.504764 0.833635
vn 0.301017 -0.699300 0.648358
vn -0.253159 -0.496976 0.830015
vn -0.038555 -0.303037 0.952198
vn 0.216198 -0.910261 0.353105
vn 0.550793 -0.745684 0.374943
vn -0.117916 -0.860540 0.495547
vn 0.480015 -0.868308 -0.125010
vn 0.236345 -0.971664 -0.003341
vn 0.500479 0.363032 0.785957
vn 0.265530 0.177764 0.947573
vn 0.044171 0.333792 0.941611
vn 0.278901 0.698394 0.659136
vn 0.618371 -0.774700 -0.132128
vn 0.581850 -0.761960 -0.284372
vn 0.164883 -0.968340 -0.187436
vn 0.229649 -0.904235 -0.360027
vn 0.309645 0.662121 0.682434
vn 0.424322 0.656169 0.624014
vn 0.623728 0.647011 0.438566
vn 0.793102 -0.433263 -0.428103
vn 0.742179 -0.490878 -0.456300
vn 0.226172 0.746499 0.625768
vn 0.232284 0.774296 0.588651
vn -0.564833 -0.740506 0.364163
vn -0.625872 -0.763895 0.157318
vn 0.579003 0.729176 0.364771
vn 0.791099 0.558866 0.248659
vn 0.753647 0.617380 0.225519
vn 0.861960 -0.451445 -0.230698
vn -0.873491 0.095631 0.477356
vn -0.867681 -0.172063 0.466394
vn -0.799746 0.362246 0.478731
vn -0.101474 -0.990383 -0.094044
vn -0.489582 -0.870453 -0.051197
vn 0.990171 -0.075483 -0.117743
vn 0.972703 0.227319 0.046630
vn 0.976726 -0.190913 -0.097765
vn -0.696481 0.597710 0.397061
vn 0.602072 -0.798340 0.012789
vn 0.925519 0.362011 0.111191
vn -0.235279 0.921673 0.308486
vn 0.676846 -0.736118 0.003099
vn -0.109616 0.934028 0.339964
vn -0.207520 0.959306 0.191487
vn 0.940486 -0.330116 -0.080682
vn 0.930056 -0.352389 -0.104012
vn 0.855232 -0.513391 -0.070770
vn 0.926828 -0.324687 -0.188594
vn 0.850059 -0.479953 -0.216899
vn 0.107842 0.987320 0.116489
vn 0.996365 0.071300 -0.046613
vn 0.993523 -0.085511 -0.074833
vn 0.910849 -0.261695 -0.319170
vn 0.985053 0.166741 -0.043213
vn 0.997596 0.060836 -0.033189
vn 0.904978 -0.066375 -0.420248
vn 0.898165 -0.158653 -0.410035
vn 0.959108 -0.071680 -0.273812
vn 0.936143 0.315118 -0.156003
vn 0.872424 0.425483 -0.240501
vn 0.914982 0.403138 0.016936
vn 0.961828 0.088110 -0.259082
vn 0.882387 0.167303 -0.439776
vn 0.813676 0.572236 0.102361
vn -0.552621 -0.617804 0.559400
vn -0.684767 -0.462274 0.563380
vn -0.465091 -0.813997 0.347995
vn -0.263800 -0.947532 0.180534
vn -0.653493 -0.697234 0.294640
vn -0.118553 -0.991453 0.054469
vn -0.255857 -0.961249 -0.102651
vn -0.225625 0.032823 0.973661
vn -0.055150 0.702532 0.709512
vn -0.762475 0.247879 0.597652
vn -0.657225 0.396394 0.641036
vn -0.819296 -0.081946 0.567484
vn -0.135262 -0.956293 -0.259244
vn -0.228404 -0.922791 -0.310305
vn 0.064311 -0.764918 -0.640909
vn -0.031037 0.654663 0.755284
vn -0.492899 0.485272 0.722192
vn 0.468813 -0.748814 -0.468499
vn -0.353265 -0.747151 -0.563000
vn 0.069571 0.744262 0.664255
vn -0.463689 0.563025 0.684102
vn 0.038875 -0.837173 -0.545555
vn 0.068002 0.796786 0.600423
vn 0.085334 -0.948837 -0.304016
vn 0.148363 0.903878 0.401240
vn 0.376555 -0.857235 -0.351218
vn -0.824837 -0.304623 0.476286
vn -0.720579 -0.634539 0.279510
vn -0.873792 -0.435595 0.216206
vn -0.926642 0.099424 0.362560
vn -0.359189 -0.933099 -0.017604
vn -0.757613 -0.631699 0.164251
vn -0.587333 -0.805087 -0.082916
vn -0.654073 -0.755106 -0.044768
vn -0.906490 -0.417677 0.061813
vn -0.960793 -0.182864 0.208418
vn -0.503831 -0.855854 0.116910
vn -0.713037 -0.700527 0.029005
vn -0.465689 -0.855523 0.226306
vn -0.313622 -0.949458 -0.013068
vn 0.681956 -0.652458 -0.330505
vn 0.527584 -0.816952 -0.232903
vn -0.883442 0.285586 0.371444
vn -0.858572 0.393769 0.328329
vn -0.952835 -0.040694 0.300748
vn -0.970443 0.027195 0.239795
vn -0.837690 -0.546015 -0.011956
vn -0.636777 -0.770960 0.011634
vn -0.139416 -0.981466 0.131483
vn -0.084552 -0.988721 0.123618
vn 0.216900 -0.975217 -0.043650
vn 0.224766 -0.968640 0.105905
vn 0.685001 -0.706213 -0.178990
vn -0.777917 0.541085 0.319486
vn -0.848445 0.430798 0.307497
vn 0.303028 -0.943415 0.134695
vn 0.789962 0.563834 0.240937
vn 0.598574 0.735667 0.317022
vn 0.568099 0.765801 0.301350
vn 0.256664 0.870988 0.418931
vn 0.707983 0.680886 0.187496
vn 0.830129 -0.550730 -0.087079
vn 0.950169 -0.290566 -0.112920
vn -0.616345 0.724506 0.308562
vn -0.496365 0.820021 0.284935
vn 0.805847 -0.567522 -0.168905
vn 0.705863 -0.702498 -0.090852
vn 0.727324 0.685141 0.039775
vn 0.423937 0.894235 0.143602
vn -0.408925 0.892210 0.191683
vn -0.539242 0.800099 0.262794
vn 0.736595 -0.628046 -0.250972
vn 0.790933 -0.501656 -0.350381
vn 0.735050 -0.592191 -0.330168
vn 0.504547 0.859387 0.082986
vn -0.219205 0.967431 0.126592
vn 0.872971 -0.313876 -0.373368
vn 0.942876 0.330428 -0.042462
vn 0.670521 0.526947 0.522234
vn 0.797762 0.465904 0.382766
vn 0.761946 0.646816 0.032668
vn 0.692098 0.721654 0.014720
vn 0.808288 0.372394 -0.456062
vn 0.810606 0.546367 -0.210716
vn 0.816125 0.414939 -0.402202
vn 0.695273 0.591209 -0.408738
vn -0.896564 -0.382491 0.223324
vn -0.769919 -0.622084 0.142255
vn -0.731334 -0.681940 0.010416
vn -0.593593 -0.732670 -0.332930
vn -0.806956 -0.585574 0.076973
vn -0.510487 -0.850081 -0.129480
vn -0.946795 -0.242117 0.212036
vn -0.557207 -0.744213 -0.368331
vn -0.451897 -0.748965 -0.484604
vn -0.689701 -0.632890 -0.351800
vn -0.861652 -0.505186 -0.048404
vn -0.906594 -0.416629 0.067134
vn -0.413009 -0.702792 -0.579229
vn -0.695878 -0.606933 -0.383910
vn -0.512611 0.494931 0.701622
vn -0.738483 0.238749 0.630588
vn -0.834369 0.102792 0.541536
vn -0.902794 0.107848 0.416330
vn -0.931025 -0.059279 0.360108
vn -0.938550 0.093120 0.332345
vn -0.922367 -0.379161 -0.073998
vn -0.477681 0.582205 0.657919
vn -0.699748 0.453174 0.552256
vn -0.799351 0.387178 0.459490
vn -0.681453 0.589079 0.434290
vn -0.840507 0.270178 0.469629
vn -0.245476 -0.913598 -0.324162
vn -0.155400 0.849444 0.504277
vn -0.677814 0.596622 0.429662
vn -0.804628 0.463265 0.371428
vn 0.138954 -0.906631 -0.398388
vn 0.006078 -0.944845 -0.327460
vn 0.386937 -0.847436 -0.363499
vn 0.120332 -0.958592 -0.258112
vn 0.324307 -0.945711 0.021342
vn -0.897452 -0.281111 0.339936
vn -0.451036 -0.830785 0.326134
vn -0.549250 -0.803854 0.228348
vn -0.396175 -0.905685 0.150928
vn -0.581963 -0.737170 0.343365
vn -0.589920 -0.781676 0.202426
vn -0.669206 -0.709739 0.220078
vn -0.129921 -0.981728 0.139036
vn -0.235641 -0.963939 0.123672
vn -0.248133 -0.901470 0.354656
vn 0.532454 -0.846319 -0.015376
vn 0.720723 -0.687810 -0.086463
vn 0.541561 -0.840571 -0.012301
vn -0.961140 0.141823 0.236844
vn -0.808352 0.486507 0.331478
vn -0.932778 0.006926 0.360386
vn 0.241357 -0.957720 0.156588
vn 0.392727 -0.916545 0.075569
vn 0.509165 -0.860509 -0.016605
vn 0.117937 0.866014 0.485912
vn 0.819100 -0.552395 -0.154708
vn 0.744680 -0.667133 -0.019640
vn -0.806213 0.504582 0.308897
vn -0.883592 0.330012 0.332199
vn 0.614006 -0.762152 -0.205234
vn 0.411843 -0.884672 -0.218498
vn 0.139247 0.924634 0.354488
vn 0.874039 -0.479622 -0.077582
vn 0.971269 -0.215246 -0.101518
vn -0.433022 0.857449 0.277979
vn 0.687206 -0.638803 -0.345945
vn 0.993046 -0.031413 -0.113456
vn 0.997399 -0.051868 -0.050057
vn 0.988406 -0.149173 0.028283
vn 0.909538 -0.401509 0.107386
vn 0.161734 0.561096 0.811797
vn -0.083652 0.887108 0.453918
vn -0.246451 0.750388 0.613334
vn 0.305989 0.689744 0.656219
vn 0.598459 0.800719 0.026368
vn 0.996366 0.080521 -0.027771
vn 0.977037 0.207454 0.048590
vn 0.993206 0.104085 0.052040
vn 0.771455 -0.191614 0.606746
vn 0.917668 -0.075250 0.390159
vn 0.461188 0.467394 0.754220
vn 0.555769 0.311792 0.770654
vn 0.891879 -0.209500 -0.400827
vn 0.804741 0.593547 0.009710
vn 0.943683 0.326828 0.051441
vn 0.995916 -0.050580 0.074781
vn 0.927049 -0.273246 0.256742
vn 0.906469 0.419114 0.051557
vn 0.975845 0.072064 0.206237
vn 0.881781 -0.008233 0.471587
vn 0.867412 -0.266363 -0.420293
vn 0.721724 0.676549 0.146272
vn 0.867944 0.494517 -0.046119
vn 0.739049 0.665687 -0.103286
vn 0.865698 0.430653 0.255155
vn 0.881056 0.112965 -0.459325
vn 0.765897 0.630727 0.124841
vn 0.577230 0.762477 -0.292290
vn -0.927168 -0.355640 -0.117807
vn -0.960682 0.101219 0.258542
vn -0.816545 -0.575879 -0.040218
vn -0.532743 -0.821905 -0.201636
vn -0.721018 0.500984 0.478693
vn -0.969842 0.044843 0.239573
vn -0.903412 0.250198 0.348207
vn -0.250807 -0.912987 -0.321793
vn -0.363512 -0.879989 -0.305743
vn -0.062259 -0.949546 -0.307387
vn -0.018084 -0.996310 0.083905
vn -0.262385 -0.961742 0.078782
vn 0.281614 -0.959418 0.014521
vn 0.119097 -0.992027 0.041206
vn -0.878542 -0.340432 0.335068
vn -0.762695 -0.570591 0.304504
vn -0.869368 -0.337581 0.360886
vn -0.421830 -0.881339 0.212841
vn -0.728574 -0.607859 0.315734
vn -0.407495 -0.749821 0.521263
vn -0.569559 -0.606400 0.554870
vn -0.005353 -0.946268 0.323338
vn -0.177858 -0.790414 0.586185
vn 0.123451 -0.961052 0.247262
vn 0.125740 -0.969601 0.209912
vn 0.137580 -0.990324 -0.018154
vn -0.286172 0.826163 0.485346
vn -0.350798 0.778453 0.520531
vn -0.542827 0.733209 0.409566
vn 0.215358 -0.959812 0.179951
vn 0.480861 -0.876709 -0.012422
vn 0.577429 -0.812778 0.077246
vn 0.267365 -0.956758 -0.114591
vn 0.189855 -0.970040 -0.151584
vn 0.642366 -0.763223 0.069690
vn 0.804053 -0.588703 0.083233
vn -0.621019 0.715105 0.320875
vn -0.137867 0.382947 0.913425
vn -0.462168 0.331983 0.822307
vn 0.672397 -0.533893 0.512680
vn -0.206468 -0.095726 0.973759
vn -0.255593 0.121159 0.959163
vn 0.068911 0.983511 0.167202
vn 0.799580 -0.551242 0.238337
vn 0.780899 -0.576160 0.241322
vn 0.249537 0.097899 0.963404
vn 0.458609 -0.248609 0.853154
vn 0.500804 -0.062313 0.863315
vn 0.756987 -0.387647 0.526022
vn 0.816518 -0.492977 0.300452
vn 0.583986 -0.248743 0.772714
vn 0.750099 0.661235 -0.010953
vn 0.782265 -0.472660 -0.405776
vn 0.720163 0.677486 0.149589
vn 0.051644 0.983073 0.175786
vn 0.407631 0.891447 0.197887
vn 0.773162 0.633571 0.028447
vn 0.729992 0.677698 -0.088529
vn 0.845764 0.184899 -0.500495
vn 0.483999 0.874572 0.029485
vn 0.601570 0.781909 -0.163499
vn 0.522770 0.847873 -0.088446
vn 0.528025 0.840669 -0.120270
vn 0.614734 0.743684 -0.262747
vn 0.515056 0.855344 -0.055704
vn 0.422461 0.853500 -0.305064
vn 0.414652 0.879458 -0.233704
vn 0.506802 0.848118 -0.154425
vn 0.475130 0.835863 -0.274928
vn 0.546019 0.763944 -0.343880
vn -0.928008 -0.370646 0.037717
vn -0.896505 -0.439521 0.055685
vn -0.343424 -0.899344 -0.270629
vn -0.964498 -0.055295 0.258236
vn -0.645340 -0.763721 0.016333
vn -0.665995 -0.741966 0.077050
vn -0.506324 -0.859010 0.075752
vn -0.268403 -0.962139 0.047422
vn -0.261643 -0.518320 0.814179
vn -0.325288 -0.523755 0.787317
vn -0.133728 -0.659561 0.739659
vn -0.078156 -0.769232 0.634172
vn -0.007838 -0.949034 0.315075
vn -0.076845 -0.920223 0.383777
vn -0.155065 -0.925945 0.344356
vn 0.058463 -0.966996 0.247993
vn 0.017359 -0.992077 0.124427
vn -0.035153 -0.995851 0.083934
vn 0.007016 -0.999975 -0.000940
vn -0.080103 -0.994358 -0.069533
vn -0.120370 -0.992469 -0.022737
vn -0.956536 -0.209139 0.203225
vn -0.366260 -0.911988 0.184744
vn -0.173876 -0.960128 0.218909
vn -0.164253 -0.910619 0.379202
vn 0.345937 -0.936214 0.061885
vn 0.431717 -0.378272 0.818859
vn 0.099008 -0.571444 0.814646
vn 0.094218 -0.418281 0.903418
vn -0.182800 -0.492706 0.850779
vn -0.700168 0.658011 0.277103
vn -0.846346 0.474136 0.242679
vn 0.455044 -0.889155 0.048363
vn 0.583998 -0.750108 0.310297
vn 0.268687 -0.808168 0.524092
vn -0.124064 -0.283525 0.950906
vn 0.398982 -0.653059 0.643683
vn -0.556244 0.795577 0.240103
vn -0.416467 0.898926 0.135967
vn -0.333321 0.913614 0.232824
vn 0.696007 -0.608686 -0.380886
vn -0.287529 0.949377 0.126531
vn 0.673199 -0.603806 -0.426874
vn 0.597158 -0.649161 -0.471159
vn -0.351022 0.925212 0.144107
vn 0.755258 -0.350649 -0.553742
vn 0.605409 -0.356920 -0.711399
vn -0.168278 0.939893 0.297127
vn 0.322927 0.923933 0.205100
vn 0.074725 0.985265 0.153847
vn 0.073102 0.984392 0.160087
vn 0.246729 0.966928 -0.064612
vn -0.112335 0.990155 -0.083513
vn 0.202030 0.944932 -0.257462
vn 0.312230 0.943146 -0.113967
vn 0.553412 0.831239 0.052694
vn 0.382045 0.924085 0.010466
vn 0.426174 0.904634 -0.003630
vn 0.802900 0.309395 -0.509536
vn 0.319999 0.926498 -0.197993
vn 0.272293 0.955581 -0.112794
vn 0.717400 -0.361852 0.595315
vn 0.646769 -0.554683 0.523466
vn 0.812836 -0.475226 0.336834
vn 0.585257 -0.728265 0.356517
vn 0.681198 -0.717518 0.145386
vn 0.649081 -0.746754 0.145096
vn 0.679946 -0.726332 -0.100573
vn 0.549351 0.515827 0.657371
vn 0.419706 0.384419 0.822235
vn 0.605480 0.575077 0.550164
vn 0.913389 -0.153060 0.377217
vn 0.828744 -0.029856 0.558831
vn 0.976200 -0.202866 0.076677
vn 0.740606 -0.619522 -0.260184
vn 0.851723 -0.485523 -0.197067
vn 0.681359 -0.698304 -0.219363
vn 0.990166 -0.018546 0.138659
vn 0.850305 -0.424755 -0.310748
vn 0.999557 -0.017967 -0.023725
vn 0.978621 -0.153129 -0.137302
vn 0.917231 -0.304547 -0.256785
vn 0.627605 -0.640870 -0.442039
vn 0.782752 -0.513711 -0.351284
vn 0.566821 0.550098 0.613275
vn 0.978849 0.131129 0.157035
vn 0.892610 0.280388 0.353029
vn 0.991658 0.109077 0.068681
vn 0.817202 0.384811 0.429071
vn 0.556374 0.578171 0.596797
vn 0.887928 0.384651 0.252245
vn 0.989306 -0.128717 -0.068598
vn 0.998465 -0.054793 0.008104
vn 0.980347 0.178068 0.084926
vn 0.847958 0.481218 0.222253
vn 0.982284 0.127608 0.137238
vn 0.926992 0.320029 0.195621
vn 0.990741 0.057799 0.122847
vn 0.975418 -0.216088 0.043194
vn 0.994340 -0.105553 0.012132
vn 0.975786 0.184786 -0.117028
vn -0.841928 -0.530352 0.099418
vn -0.508546 -0.537134 0.672955
vn -0.496590 -0.587859 0.638608
vn -0.242592 -0.873311 0.422465
vn -0.421576 -0.843693 0.332350
vn -0.238287 -0.935828 0.259701
vn -0.988494 0.056203 0.140431
vn -0.981070 -0.162546 0.105261
vn -0.991721 0.021539 0.126594
vn -0.917267 -0.387598 0.091594
vn -0.893547 -0.441429 0.081942
vn -0.465206 -0.734304 0.494349
vn -0.452817 -0.488518 0.745860
vn -0.181510 -0.567889 0.802842
vn -0.037556 -0.972241 0.230947
vn 0.051119 -0.934853 0.351336
vn 0.244678 -0.949325 0.197267
vn 0.089093 -0.992233 0.086811
vn 0.109069 -0.961842 0.250925
vn 0.259851 -0.694955 0.670459
vn 0.032839 -0.729777 0.682897
vn -0.278218 -0.745026 0.606243
vn -0.175991 -0.468854 0.865565
vn -0.520156 -0.521351 0.676485
vn -0.964488 0.217556 0.149775
vn -0.864333 0.499596 0.057735
vn -0.799218 -0.561360 0.214771
vn -0.970382 -0.216465 0.107243
vn -0.892357 -0.435948 0.116821
vn -0.013989 -0.776719 0.629692
vn -0.626881 0.742375 0.236429
vn -0.989056 -0.121228 0.084089
vn 0.097235 -0.979694 -0.175343
vn 0.317595 -0.907143 -0.276090
vn -0.742854 0.661932 0.100075
vn -0.596025 0.779945 0.190891
vn -0.817054 0.564757 0.116072
vn 0.572168 -0.557557 -0.601460
vn 0.558557 -0.533538 -0.635099
vn 0.362824 -0.801423 -0.475478
vn 0.289156 -0.841971 -0.455493
vn -0.527864 0.683118 0.504688
vn 0.497675 -0.420598 -0.758562
vn 0.500579 -0.503376 -0.704296
vn -0.426443 0.835526 0.346473
vn 0.719731 -0.126482 -0.682634
vn -0.305943 0.940184 0.149845
vn -0.209173 0.976916 -0.043372
vn 0.210460 0.932390 -0.293863
vn 0.812849 0.127018 -0.568456
vn 0.619178 -0.318861 -0.717598
vn 0.737521 0.530443 -0.417964
vn 0.806858 0.336025 -0.485868
vn 0.968677 0.166157 -0.184547
vn 0.904595 0.024009 -0.425595
vn 0.967771 -0.244547 -0.060131
vn 0.866778 0.287827 -0.407249
vn 0.977185 -0.211590 0.018430
vn 0.734589 0.607206 -0.302788
vn 0.545645 0.071539 0.834957
vn 0.246403 -0.038332 0.968409
vn 0.186289 -0.308041 0.932956
vn 0.015328 0.486123 0.873756
vn 0.008289 0.042585 0.999058
vn 0.053750 -0.270198 0.961303
vn 0.069074 -0.593542 0.801833
vn 0.556230 -0.573348 0.601565
vn 0.336242 -0.763172 0.551824
vn 0.569842 -0.436834 0.696029
vn 0.287971 -0.616690 0.732643
vn 0.302632 -0.905336 0.297961
vn 0.205006 -0.878450 0.431624
vn 0.069609 -0.841182 0.536253
vn 0.203821 -0.719656 0.663741
vn 0.000261 -0.902219 0.431277
vn -0.119933 -0.831471 0.542468
vn 0.250476 -0.962165 0.107237
vn 0.438614 -0.882119 0.171708
vn 0.380118 -0.913681 -0.143863
vn 0.318307 -0.947378 -0.033985
vn 0.136841 -0.989564 -0.045137
vn 0.035473 -0.974286 -0.222504
vn 0.569381 -0.794531 -0.211010
vn 0.471214 -0.813320 -0.341274
vn 0.352824 -0.847201 -0.397197
vn 0.402124 -0.881009 -0.249236
vn -0.229963 0.675762 0.700331
vn 0.059675 0.676614 0.733916
vn -0.259991 0.426482 0.866324
vn 0.448433 0.660845 0.601824
vn 0.657686 0.523421 0.541737
vn 0.626034 -0.712089 -0.317820
vn 0.466842 -0.762768 -0.447485
vn 0.353520 -0.722671 -0.593944
vn 0.238451 -0.861433 -0.448413
vn 0.178179 -0.711360 -0.679867
vn 0.245422 0.649203 0.719933
vn 0.628941 -0.577311 -0.520717
vn 0.452997 -0.677928 -0.578971
vn 0.374944 0.670084 0.640628
vn 0.048110 0.772593 0.633076
vn 0.365013 0.718257 0.592344
vn 0.514348 0.642007 0.568571
vn 0.578175 -0.756421 -0.305843
vn 0.813530 -0.568312 -0.123252
vn 0.932021 -0.333604 -0.141584
vn 0.697359 0.643667 0.315251
vn 0.564620 0.757405 0.327936
vn 0.266671 0.792940 0.547843
vn 0.136655 0.915302 0.378876
vn 0.909076 -0.416553 -0.007962
vn 0.457268 -0.889277 0.009612
vn 0.931040 -0.361295 -0.051285
vn 0.813530 -0.573916 -0.093752
vn 0.648084 -0.747072 -0.147885
vn 0.764830 0.592932 0.251927
vn 0.541695 0.784246 0.302531
vn 0.895719 -0.433600 -0.098380
vn 0.805233 -0.592913 0.007260
vn -0.233257 -0.959084 0.160466
vn -0.131575 -0.991298 -0.004055
vn -0.160585 -0.985138 0.060949
vn 0.906849 0.395485 0.145661
vn 0.991294 -0.129146 0.025660
vn 0.911714 -0.394182 -0.115753
vn 0.928933 -0.352797 0.112330
vn 0.966900 -0.162825 0.196450
vn -0.422697 -0.392570 0.816833
vn -0.063486 -0.286773 0.955893
vn -0.171866 -0.283906 0.943323
vn -0.685499 -0.419769 0.594883
vn 0.329168 -0.291349 0.898201
vn -0.071090 -0.946504 0.314764
vn 0.992599 0.101951 0.065984
vn -0.020061 0.009509 0.999754
vn 0.960377 0.100425 0.259983
vn 0.016166 -0.939179 -0.343048
vn -0.752604 0.548987 0.363594
vn 0.286518 0.627036 0.724385
vn 0.244889 -0.914191 -0.322931
vn 0.193211 -0.881692 -0.430452
vn 0.270866 -0.673356 -0.687912
vn 0.452432 0.610783 0.649807
vn -0.121666 0.868280 0.480924
vn 0.328976 0.798891 0.503535
vn 0.383915 -0.599174 -0.702567
vn 0.310615 -0.747896 -0.586660
vn 0.312988 -0.637597 -0.703923
vn 0.176804 0.915865 0.360461
vn -0.068799 0.992952 0.096504
vn -0.244449 0.924966 0.291002
vn 0.549264 -0.602074 -0.579496
vn 0.748520 -0.515397 -0.417234
vn 0.795352 -0.600754 0.080675
vn -0.135615 0.989974 -0.039510
vn 0.088488 0.991313 -0.097306
vn 0.084179 0.939917 -0.330864
vn 0.266884 0.962041 -0.057010
vn 0.998114 0.051214 -0.033833
vn 0.784858 0.547779 -0.289718
vn 0.597056 0.790331 -0.137479
vn 0.831949 0.550820 -0.066768
vn 0.992574 -0.022902 0.119469
vn 0.736832 0.673120 -0.063156
vn 0.923730 0.378199 -0.060728
vn 0.982984 0.183511 0.008135
vn 0.985752 0.100677 0.134749
vn -0.423593 -0.249299 0.870872
vn -0.622371 -0.137310 0.770584
vn -0.215363 -0.337736 0.916272
vn -0.378452 0.034375 0.924982
vn -0.379597 -0.502907 0.776525
vn -0.515366 0.089619 0.852271
vn -0.660937 0.103004 0.743339
vn -0.744219 0.083777 0.662660
vn -0.772557 -0.092409 0.628184
vn -0.267607 -0.917428 0.294470
vn -0.410667 -0.712701 0.568692
vn -0.265799 -0.752140 0.603022
vn -0.503748 -0.644688 0.574992
vn -0.277171 -0.952415 0.126812
vn -0.591598 -0.599690 0.538872
vn -0.494065 -0.814166 0.305014
vn -0.444397 -0.872230 0.204269
vn -0.731059 -0.601227 0.322613
vn -0.625132 -0.751875 0.209511
vn -0.772165 -0.336244 0.539167
vn -0.529485 -0.846352 0.057729
vn -0.855597 -0.364747 0.367307
vn -0.932546 -0.224892 0.282456
vn -0.820541 -0.565483 0.083312
vn -0.346808 -0.937809 0.015439
vn -0.301096 -0.943341 -0.139460
vn -0.237600 -0.936060 -0.259496
vn -0.429400 -0.869416 -0.244398
vn -0.657187 -0.735707 -0.163834
vn -0.388967 0.385805 0.836576
vn -0.486424 0.510341 0.709185
vn -0.649250 0.470470 0.597605
vn -0.348267 0.637620 0.687133
vn -0.736852 0.109323 0.667156
vn -0.736317 0.382352 0.558251
vn -0.518870 -0.790181 -0.326170
vn -0.545633 -0.751500 -0.370854
vn -0.698308 -0.712119 -0.072475
vn -0.039205 -0.730517 -0.681768
vn -0.110130 -0.868186 -0.483864
vn -0.201562 -0.834986 -0.512026
vn -0.234633 -0.711285 -0.662587
vn -0.369279 -0.755190 -0.541592
vn -0.222920 0.643835 0.731972
vn -0.498898 -0.717318 -0.486370
vn 0.019669 0.675096 0.737468
vn 0.120602 -0.707887 -0.695954
vn -0.062925 -0.685173 -0.725657
vn -0.348246 0.616273 0.706352
vn -0.431215 0.810294 0.396833
vn -0.106080 0.898762 0.425411
vn 0.231571 -0.932748 -0.276326
vn 0.205618 -0.953315 -0.221161
vn -0.045582 0.918223 0.393431
vn 0.508682 -0.832270 -0.220385
vn 0.205438 -0.978667 -0.002291
vn -0.102877 -0.988157 -0.113852
vn 0.392040 -0.919938 0.004281
vn 0.245156 -0.960488 -0.131759
vn 0.124397 -0.992139 0.013657
vn -0.294786 0.886937 0.355590
vn 0.131340 0.904784 0.405112
vn -0.015016 0.924362 0.381221
vn 0.701148 -0.707508 -0.088453
vn 0.679419 -0.731461 0.057916
vn 0.160966 -0.981423 -0.104400
vn 0.104296 0.945247 0.309241
vn -0.140440 0.938657 0.314959
vn 0.469821 0.830509 0.299203
vn 0.359490 -0.933069 -0.012192
vn 0.085200 -0.980665 0.176176
vn 0.069671 -0.945290 0.318705
vn -0.042668 -0.992276 0.116477
vn -0.078688 -0.985628 0.149487
vn 0.038939 -0.991561 0.123651
vn -0.022252 -0.948292 -0.316619
vn -0.287242 -0.914843 0.283822
vn 0.546581 0.782957 0.297031
vn 0.371547 0.872469 0.317412
vn 0.250722 0.937362 0.241851
vn 0.405654 0.873294 0.269819
vn 0.252030 -0.783355 -0.568186
vn 0.276728 -0.816301 -0.507025
vn 0.371751 -0.909999 -0.183585
vn 0.141876 0.971011 0.192379
vn 0.843223 -0.503815 0.187470
vn 0.214296 0.972312 -0.093202
vn 0.277155 0.949202 -0.148998
vn 0.865593 -0.484940 0.124827
vn 0.947512 -0.266556 0.176546
vn 0.984014 -0.084733 0.156645
vn 0.754257 0.652223 -0.075505
vn 0.729131 0.681790 -0.059422
vn 0.885160 0.461299 -0.060796
vn 0.911099 0.412187 0.000288
vn 0.969596 0.235237 0.067433
vn 0.949105 -0.218459 0.226879
vn 0.918217 -0.321547 0.231269
vn 0.850054 -0.457716 0.260584
vn 0.903167 -0.369941 0.217792
vn 0.892770 -0.403610 0.200150
vn 0.977832 0.124243 0.168550
vn 0.976952 -0.111883 0.181788
vn 0.940675 -0.289510 0.176957
vn 0.955004 -0.219909 0.199015
vn 0.980833 -0.140100 0.135422
vn 0.912139 -0.388465 0.130758
vn 0.957038 -0.281634 0.068996
vn 0.921318 0.384020 0.060834
vn 0.970917 0.219101 0.096514
vn 0.986459 0.114523 0.117402
vn 0.960519 0.263606 0.088972
vn 0.986948 -0.155639 0.041345
vn 0.978345 -0.204046 0.034719
vn 0.937301 -0.345191 0.048061
vn 0.959621 0.270789 0.076160
vn 0.964926 0.262234 -0.012325
vn 0.969521 -0.243383 0.028157
vn 0.908806 0.398218 -0.124478
vn 0.994965 0.094145 -0.034376
vn 0.976305 0.191588 -0.100615
vn 0.883527 0.463690 -0.066119
vn 0.753089 0.638123 -0.160172
vn 0.921325 0.387328 -0.033710
vn 0.893181 0.436867 -0.106655
vn -0.818148 -0.573851 -0.036444
vn -0.705331 -0.690847 -0.158867
vn -0.912351 -0.403303 0.070440
vn -0.966602 -0.193341 0.168224
vn -0.917729 -0.395097 -0.040874
vn -0.886267 -0.435757 -0.156994
vn -0.893607 0.120249 0.432442
vn -0.907728 0.126380 0.400072
vn -0.916961 0.088360 0.389069
vn -0.777838 0.310243 0.546551
vn -0.718994 0.433543 0.543220
vn -0.843330 0.173024 0.508781
vn -0.880034 0.168486 0.444019
vn -0.987286 -0.019197 0.157793
vn -0.996017 -0.028300 0.084555
vn -0.992889 0.108553 0.048858
vn -0.801103 -0.531859 -0.274519
vn -0.827172 0.508679 0.238816
vn -0.643934 0.632452 0.430527
vn -0.793315 0.503175 0.342733
vn -0.910789 0.311383 0.271117
vn -0.972364 -0.206673 -0.108599
vn -0.921162 -0.352370 -0.165216
vn -0.988956 0.135540 0.059966
vn -0.456684 -0.816247 -0.353809
vn -0.060676 -0.946398 -0.317253
vn -0.502565 -0.798976 -0.330252
vn -0.609173 0.720263 0.331857
vn -0.958662 0.229856 0.167731
vn -0.344224 -0.888040 -0.304786
vn -0.944283 0.264650 0.195678
vn 0.022235 -0.996185 -0.084389
vn -0.090836 -0.981671 -0.167544
vn -0.169930 -0.982415 -0.077359
vn -0.418182 -0.904694 -0.081565
vn -0.573844 -0.815808 -0.071839
vn -0.558678 0.777063 0.289916
vn -0.693959 0.661210 0.284994
vn -0.674774 0.679787 0.287351
vn 0.063135 -0.989576 0.129435
vn 0.075840 -0.976947 0.199556
vn -0.342748 0.885533 0.313617
vn -0.476836 0.831446 0.285175
vn -0.375294 -0.781928 0.497737
vn -0.266547 -0.808079 0.525320
vn -0.533379 -0.520071 0.667108
vn -0.466185 -0.706117 0.532982
vn -0.284389 -0.944039 0.167074
vn -0.036236 -0.995124 -0.091736
vn -0.085098 -0.995583 -0.039651
vn -0.366559 0.872278 0.323676
vn -0.004337 -0.964181 -0.265211
vn -0.285677 0.919708 0.269306
vn 0.033371 0.984709 0.170983
vn 0.204957 -0.978703 -0.011512
vn 0.588138 -0.798699 0.127174
vn -0.336873 0.930888 0.141294
vn 0.004650 0.984652 0.174465
vn -0.064327 0.986228 0.152370
vn -0.176460 0.967369 0.181822
vn 0.032407 0.991197 0.128368
vn 0.057839 0.998323 -0.002378
vn 0.134170 0.989225 0.058580
vn -0.147397 0.988946 0.016122
vn -0.013090 0.995694 -0.091776
vn 0.772323 -0.595852 0.220174
vn 0.774816 -0.571391 0.270504
vn 0.414621 0.901112 -0.126833
vn 0.455318 0.887873 -0.066084
vn 0.662699 0.746018 -0.065476
vn 0.775713 0.630744 0.020754
vn 0.998731 0.005453 -0.050071
vn 0.983384 -0.176203 -0.043676
vn 0.833824 0.551746 0.017731
vn 0.837475 0.546318 -0.013117
vn 0.842922 0.529745 -0.094089
vn 0.815220 0.562703 -0.137050
vn 0.715510 0.673064 -0.187165
vn 0.730729 0.647453 -0.216425
vn 0.814576 0.570765 -0.103413
vn -0.814766 -0.574674 -0.076852
vn -0.959158 -0.276770 -0.058438
vn -0.955559 -0.283910 0.079393
vn -0.951125 -0.295267 0.090434
vn -0.968272 -0.236820 0.079785
vn -0.967153 -0.254010 -0.009720
vn -0.250716 -0.961330 -0.113953
vn -0.871582 -0.487116 -0.055337
vn -0.974566 -0.221612 -0.033308
vn 0.045988 -0.962131 0.268679
vn -0.873844 0.446690 0.192001
vn -0.950430 0.289783 0.112731
vn -0.998560 0.045945 0.027687
vn -0.998035 -0.061481 -0.012123
vn -0.910711 -0.410011 -0.049960
vn -0.819171 -0.555667 0.142104
vn -0.014245 -0.939766 0.341521
vn -0.431367 -0.901824 0.025218
vn -0.094448 -0.761462 0.641291
vn -0.560950 -0.820056 0.113323
vn -0.084036 -0.961204 0.262724
vn -0.073746 -0.860374 0.504300
vn -0.256607 -0.815054 0.519462
vn -0.494514 -0.741326 0.453754
vn -0.392593 -0.873057 0.289210
vn -0.949217 0.302566 0.086263
vn 0.024883 -0.998526 -0.048232
vn -0.610896 0.758336 0.227447
vn -0.644602 0.755687 0.115866
vn -0.841398 0.522921 0.136393
vn 0.381470 -0.921591 0.071773
vn 0.154402 -0.979729 0.127633
vn 0.423258 -0.877190 0.226696
vn 0.296010 -0.929656 0.219357
vn -0.502334 0.857147 0.113840
vn 0.333204 -0.900367 0.279847
vn -0.230198 0.972910 -0.021317
vn -0.378602 0.925475 0.012528
vn -0.084695 0.988331 -0.126602
vn -0.148831 0.969508 -0.194687
vn -0.448870 0.890778 -0.070925
vn 0.492028 -0.829049 0.265680
vn 0.667588 -0.694239 0.268995
vn 0.597373 -0.758117 0.261542
vn 0.216480 0.963853 -0.155319
vn 0.114864 0.988039 -0.102883
vn 0.289592 0.954953 -0.064809
vn 0.494982 0.868797 -0.013613
vn 0.690073 0.721714 -0.054116
vn 0.710603 0.673941 -0.202107
vn 0.682658 0.702113 -0.202520
vn 0.708060 0.685966 -0.167636
vn 0.910582 -0.178277 0.372905
vn 0.811344 0.138373 0.567955
vn 0.968086 0.037291 0.247829
vn 0.804631 -0.375300 0.460129
vn 0.691375 -0.606122 0.393214
vn 0.735721 -0.041205 0.676030
vn 0.951669 -0.297348 -0.076880
vn 0.781870 -0.623432 0.003469
vn 0.727793 -0.616239 -0.300943
vn 0.705767 -0.700097 0.108428
vn 0.877678 0.179558 0.444342
vn 0.670949 0.365283 0.645287
vn 0.995485 -0.093106 -0.018448
vn 0.927038 -0.301785 -0.222547
vn 0.872349 -0.411723 -0.263610
vn 0.971276 -0.159237 -0.176823
vn 0.687486 0.283391 0.668620
vn 0.813311 -0.285175 -0.507150
vn 0.841521 -0.251351 -0.478190
vn 0.666027 0.360353 0.653111
vn 0.997935 -0.061878 0.017227
vn 0.984492 0.015313 0.174759
vn 0.876471 0.210377 0.433060
vn 0.822200 0.317880 0.472164
vn 0.908314 -0.400702 -0.120018
vn 0.932287 0.179357 0.314120
vn 0.591833 0.600180 0.538069
vn 0.700937 0.414974 0.580072
vn 0.981953 -0.187583 0.024118
vn 0.969600 0.142598 0.198850
vn 0.918562 -0.389734 -0.065969
vn 0.810017 -0.574426 -0.117930
vn 0.675330 -0.704642 -0.217736
vn 0.761356 0.545537 0.350324
vn 0.916773 0.286372 0.278420
vn 0.883641 -0.465269 0.051989
vn 0.719567 0.583878 0.375913
vn 0.995745 0.082645 0.040753
vn 0.970768 -0.211751 0.113012
vn 0.988425 -0.108251 0.106291
vn 0.798892 -0.588408 0.124688
vn 0.910187 -0.392817 0.131361
vn 0.744724 -0.650189 0.150467
vn 0.722996 -0.690852 0.000586
vn 0.639929 0.686743 0.344783
vn 0.928700 0.322626 0.182835
vn 0.938147 0.345274 0.025825
vn 0.997257 0.070732 0.021790
vn 0.959841 0.251262 0.124791
vn 0.909891 -0.412267 0.046186
vn 0.891792 0.449541 0.051195
vn 0.890831 0.454270 -0.007740
vn -0.719416 -0.665203 0.199863
vn -0.878909 -0.372610 0.297794
vn -0.958068 -0.274477 0.082271
vn -0.956091 -0.245400 0.160216
vn -0.601089 -0.593181 0.535564
vn -0.700415 -0.433215 0.567225
vn -0.921970 -0.008294 0.387173
vn -0.975663 0.078879 0.204595
vn 0.749869 -0.577042 0.323605
vn 0.776990 -0.120716 0.617830
vn -0.768764 -0.153123 0.620931
vn 0.950780 0.213016 0.225036
vn -0.099812 -0.738576 0.666741
vn -0.210759 -0.785943 0.581270
vn 0.843794 -0.533509 0.058142
vn 0.723163 -0.684123 -0.094931
vn 0.340926 -0.888714 0.306524
vn 0.085918 -0.919995 0.382397
vn 0.090715 -0.982223 0.164346
vn -0.813611 0.076671 0.576332
vn -0.739941 0.193034 0.644379
vn -0.220237 0.639370 0.736683
vn 0.591591 0.619763 0.515668
vn 0.088780 -0.985737 0.142972
vn 0.088033 -0.985125 0.147578
vn 0.034311 -0.906605 0.420583
vn -0.020742 -0.874990 0.483696
vn 0.113182 -0.879378 0.462476
vn 0.137655 -0.931086 0.337832
vn 0.173126 -0.869605 0.462400
vn -0.042691 -0.999036 0.010190
vn -0.131474 -0.987477 -0.087194
vn 0.811971 0.554144 0.183376
vn -0.995343 0.060459 0.075086
vn -0.908601 0.249738 0.334777
vn -0.160156 0.733239 0.660841
vn 0.728703 0.639858 0.244075
vn 0.103185 0.592942 0.798607
vn 0.624643 0.746114 0.230512
vn -0.754438 0.302883 0.582310
vn -0.760976 0.644625 0.073308
vn -0.853623 0.498406 0.151392
vn -0.701924 0.655869 0.277740
vn -0.442334 0.896845 0.003138
vn -0.520095 0.852889 -0.045618
vn -0.179464 0.983050 -0.037478
vn 0.554084 -0.786094 0.273946
vn 0.443526 -0.852283 0.277307
vn 0.523562 -0.806864 0.273592
vn -0.160176 0.987069 0.006207
vn -0.144288 0.976466 -0.160296
vn 0.105502 0.989701 -0.096756
vn 0.043819 0.998886 -0.017535
vn 0.038256 0.998779 -0.031264
vn 0.248483 0.967511 -0.046676
vn 0.316768 0.945480 -0.075671
vn 0.581247 0.813640 -0.011964
vn 0.413421 0.910489 0.009622
vn 0.343969 0.938981 -0.000201
vn 0.245806 0.969223 -0.013631
vn 0.618453 0.769558 -0.159052
vn 0.729601 0.683654 -0.017309
vn 0.628992 0.773449 -0.078390
vn 0.676484 0.730053 -0.096907
vn 0.650790 0.724798 -0.226142
vn 0.511620 0.831323 -0.217134
vn 0.382347 -0.910469 0.157660
vn 0.358470 -0.886221 0.293448
vn 0.145446 -0.733756 0.663662
vn 0.156263 -0.968908 0.191830
vn 0.022011 -0.636707 0.770791
vn 0.223701 -0.971111 0.083074
vn 0.474430 0.013342 0.880192
vn 0.127896 0.353729 0.926563
vn 0.492410 -0.570668 0.657168
vn 0.496113 -0.751304 0.435217
vn 0.688866 -0.682155 0.245209
vn 0.559195 -0.824246 0.088992
vn 0.573535 -0.206989 0.792599
vn 0.434206 -0.527255 0.730389
vn 0.421394 -0.154258 0.893662
vn 0.247460 -0.367862 0.896349
vn 0.698879 -0.707259 -0.106550
vn 0.834304 -0.422021 -0.354732
vn 0.560531 -0.783548 -0.268061
vn 0.597229 -0.797960 -0.081102
vn 0.273668 -0.959826 -0.061964
vn 0.279580 -0.938448 -0.202853
vn 0.295336 -0.899107 -0.323085
vn 0.152583 -0.928751 -0.337846
vn 0.120481 -0.887313 -0.445151
vn 0.068107 -0.980378 -0.184988
vn 0.425644 -0.743802 -0.515350
vn 0.086621 -0.743514 -0.663087
vn 0.778158 -0.430285 -0.457520
vn 0.715288 -0.559491 -0.418728
vn 0.598848 -0.559493 -0.573017
vn 0.344367 -0.668193 -0.659492
vn 0.357853 -0.573215 -0.737133
vn 0.881735 -0.265960 -0.389627
vn 0.621748 -0.398709 -0.674137
vn 0.531527 0.352148 0.770370
vn 0.350204 0.425711 0.834342
vn 0.384206 -0.861248 -0.332622
vn 0.646202 -0.518170 -0.560288
vn -0.043981 0.389880 0.919815
vn 0.342794 0.488787 0.802234
vn 0.396418 -0.887148 -0.236266
vn 0.400001 -0.870154 -0.287804
vn 0.096728 -0.959524 -0.264494
vn 0.608505 0.491973 0.622643
vn 0.328760 0.773123 0.542400
vn 0.054532 0.742557 0.667559
vn 0.722074 -0.661175 -0.203611
vn 0.650875 -0.706455 -0.277997
vn 0.629265 -0.747830 -0.211603
vn 0.580735 -0.762673 -0.284740
vn 0.474282 -0.800287 -0.366875
vn 0.513010 -0.813563 -0.273744
vn 0.017743 0.791814 0.610504
vn 0.097643 0.870627 0.482156
vn -0.076353 0.839288 0.538299
vn 0.427757 -0.903479 0.027370
vn 0.553644 -0.759052 -0.342518
vn 0.399022 -0.912779 0.087267
vn 0.511751 -0.853965 0.094097
vn 0.508534 -0.836706 0.203266
vn 0.348015 -0.929986 0.118368
vn 0.303270 -0.952857 0.009565
vn 0.503444 -0.853170 -0.136547
vn 0.366693 -0.899991 -0.235696
vn 0.457957 0.794452 0.398899
vn 0.409867 -0.899679 -0.150287
vn 0.041173 -0.946408 0.320339
vn 0.445037 0.869603 0.213851
vn 0.558849 0.822975 0.101982
vn 0.099927 0.925567 0.365158
vn 0.408018 0.902016 0.141030
vn 0.195115 -0.967370 0.161632
vn 0.182660 -0.969885 0.161118
vn 0.222851 -0.951084 0.213955
vn 0.162167 -0.858527 0.486449
vn 0.105762 -0.929911 0.352251
vn 0.703817 0.653366 0.278845
vn 0.489494 0.853978 0.176399
vn 0.492405 0.842103 0.220000
vn -0.312214 0.877230 0.364678
vn 0.069427 -0.995820 0.059351
vn -0.556648 0.818262 0.143493
vn -0.495399 0.829415 0.258169
vn -0.231419 0.966697 0.109277
vn 0.207096 -0.940005 0.271110
vn 0.154004 -0.934801 0.320048
vn -0.383133 0.915572 -0.122221
vn -0.168838 0.983128 -0.070383
vn -0.166056 0.985850 0.022937
vn 0.082102 0.971222 -0.223579
vn 0.192311 0.980940 -0.027817
vn 0.383813 0.922481 -0.041425
vn 0.530239 0.846830 -0.041538
vn 0.503763 0.861541 -0.063000
vn 0.552702 0.830212 -0.072580
vn 0.484258 0.855010 -0.185611
vn 0.699525 0.681787 -0.214080
vn -0.167711 -0.791509 0.587696
vn 0.022594 -0.999590 -0.017599
vn -0.537982 -0.626003 0.564531
vn -0.298740 -0.795713 0.526873
vn -0.133390 -0.204922 0.969646
vn -0.086751 0.400707 0.912090
vn -0.284186 -0.155103 0.946140
vn -0.285923 0.234416 0.929138
vn -0.533181 -0.206091 0.820515
vn -0.480391 -0.521072 0.705484
vn -0.546595 -0.832029 0.094665
vn -0.785327 -0.492018 0.375740
vn -0.782906 0.208409 0.586194
vn -0.691706 -0.705728 0.153270
vn -0.907011 -0.120556 0.403482
vn -0.912544 -0.007889 0.408903
vn -0.342938 -0.933809 -0.101956
vn -0.276585 -0.928593 -0.247418
vn -0.078434 -0.921255 -0.380969
vn -0.371103 -0.856703 -0.358249
vn -0.133856 -0.806206 -0.576294
vn -0.542682 -0.810413 -0.220743
vn -0.697108 -0.616987 -0.365196
vn -0.774075 -0.627604 -0.083196
vn -0.870419 -0.480180 -0.108617
vn -0.048975 0.529352 0.846988
vn -0.361054 0.508263 0.781862
vn -0.661594 0.309686 0.682926
vn -0.637963 0.340993 0.690454
vn -0.377330 -0.763511 -0.524092
vn -0.584397 -0.665951 -0.463669
vn -0.463185 -0.633232 -0.620062
vn -0.265430 -0.682392 -0.681094
vn -0.751616 0.238448 0.614993
vn 0.174824 -0.488396 -0.854931
vn 0.107636 -0.466166 -0.878125
vn -0.596999 -0.605153 -0.526671
vn -0.211389 -0.590346 -0.778978
vn -0.272651 -0.526934 -0.804986
vn -0.453705 -0.610147 -0.649517
vn -0.019300 0.452100 0.891759
vn -0.515081 0.336694 0.788244
vn -0.663369 0.341818 0.665659
vn 0.333222 -0.904578 -0.265898
vn -0.245035 -0.498570 -0.831496
vn -0.507323 -0.456179 -0.731111
vn -0.087565 0.523078 0.847775
vn -0.230785 0.540195 0.809276
vn 0.026859 0.622046 0.782520
vn -0.524388 0.477218 0.705181
vn -0.232515 0.408912 0.882456
vn -0.716850 0.424918 0.552784
vn 0.075927 -0.946984 -0.312179
vn -0.287687 -0.888644 -0.357139
vn -0.192125 0.728081 0.658017
vn -0.525518 0.597504 0.605657
vn -0.442090 0.721669 0.532683
vn -0.171697 0.791598 0.586424
vn -0.359808 0.770814 0.525723
vn 0.173506 -0.981900 0.075942
vn 0.174106 -0.983846 -0.041643
vn -0.083321 -0.991847 -0.096425
vn -0.525544 0.754205 0.393672
vn 0.294414 -0.916825 -0.269725
vn 0.430489 -0.901087 -0.052159
vn -0.109365 -0.966772 -0.231064
vn 0.121244 -0.981329 -0.149311
vn -0.003599 -0.979504 -0.201393
vn -0.272089 0.864353 0.422921
vn -0.052086 0.905069 0.422063
vn 0.117815 -0.982340 0.145354
vn 0.168197 -0.973225 0.156662
vn -0.127547 -0.991750 0.012778
vn 0.157337 -0.890830 0.426224
vn -0.266884 0.880091 0.392700
vn -0.307645 0.920033 0.242682
vn -0.336959 0.887694 0.313781
vn 0.000678 0.985913 0.167260
vn 0.320544 -0.863343 0.389731
vn 0.059582 -0.997762 0.030338
vn 0.166099 -0.981028 0.099979
vn 0.150803 -0.987721 -0.040808
vn 0.145193 -0.989342 0.011041
vn 0.111334 -0.992158 -0.056804
vn -0.288455 0.934185 0.209982
vn -0.051892 0.991292 0.121027
vn -0.297666 0.953294 0.051236
vn -0.086649 0.992721 0.083652
vn -0.036764 0.978772 0.201630
vn -0.257082 0.966229 -0.017595
vn -0.119020 0.991257 -0.056957
vn 0.017211 -0.952864 0.302909
vn -0.133180 0.990730 -0.026779
vn -0.248135 0.968606 -0.015226
vn -0.293946 0.942245 -0.160533
vn -0.020029 0.993043 0.116040
vn 0.147269 0.988653 0.029622
vn 0.177923 0.980535 -0.083035
vn 0.106545 0.994236 -0.011994
vn 0.121071 0.992372 -0.023228
vn 0.331050 0.940539 -0.076105
vn -0.939378 0.022499 0.342145
vn -0.781503 -0.445204 -0.437089
vn -0.979895 -0.145212 0.136820
vn -0.863158 0.157686 0.479680
vn -0.690976 -0.458621 -0.558765
vn -0.553982 -0.501775 -0.664323
vn -0.861580 -0.327333 -0.387987
vn -0.958784 -0.277961 -0.058922
vn -0.927174 -0.325643 -0.185214
vn -0.988141 -0.049918 0.145210
vn -0.910532 0.129184 0.392738
vn -0.954556 0.105950 0.278563
vn -0.651100 0.583721 0.485117
vn -0.864863 0.295327 0.405949
vn -0.833306 0.469546 0.291766
vn -0.994689 -0.051629 -0.089042
vn -0.959065 0.247758 0.137152
vn -0.299922 -0.910431 -0.284890
vn -0.473372 -0.843004 -0.255467
vn -0.666761 0.641208 0.379844
vn -0.981588 0.172941 0.081097
vn -0.992638 -0.113526 -0.042221
vn -0.624192 -0.718427 -0.306997
vn -0.885524 -0.433280 -0.167675
vn -0.641432 -0.689772 -0.335826
vn -0.995152 0.069714 0.069366
vn -0.980821 0.125451 0.149174
vn -0.996678 -0.042640 0.069384
vn -0.304783 -0.893776 -0.329047
vn -0.549633 -0.832634 -0.068010
vn -0.809677 -0.577499 -0.104493
vn -0.155798 -0.983518 0.091754
vn -0.608762 -0.793217 0.014667
vn -0.422035 -0.905873 0.035796
vn -0.981414 0.091765 0.168542
vn -0.675177 -0.737026 0.030481
vn -0.779401 -0.620739 -0.084955
vn -0.890906 -0.435639 -0.128472
vn -0.267904 -0.961774 0.056725
vn -0.206677 -0.966300 -0.153457
vn -0.712067 -0.700567 -0.046549
vn -0.693680 -0.692728 -0.197319
vn -0.719552 -0.692592 -0.050610
vn -0.319577 -0.911063 -0.260450
vn -0.531542 0.763371 0.367053
vn -0.474016 0.851142 0.225535
vn -0.902164 0.364381 0.230924
vn -0.713355 0.645633 0.272549
vn -0.920969 0.387187 0.043613
vn -0.799389 -0.572544 -0.182125
vn -0.594002 -0.769947 -0.233118
vn 0.230834 -0.948149 0.218469
vn 0.270942 -0.926372 0.261581
vn 0.049619 -0.872561 0.485979
vn -0.398477 0.903066 0.160277
vn -0.882779 0.468755 -0.031134
vn -0.532904 -0.799668 -0.276666
vn -0.172543 -0.982478 -0.070469
vn -0.321787 -0.946805 0.003699
vn -0.471076 -0.878005 -0.084821
vn -0.492914 -0.868468 0.052898
vn -0.514583 -0.788637 0.336534
vn -0.355615 -0.463708 0.811488
vn 0.095096 -0.933759 0.345038
vn -0.053316 0.980019 0.191626
vn -0.139279 -0.984907 0.102761
vn 0.028100 -0.995960 -0.085285
vn -0.006371 -0.990605 -0.136603
vn -0.177219 -0.965169 -0.192466
vn -0.315934 0.946909 0.059565
vn -0.577281 0.814586 0.056543
vn -0.988023 0.074038 -0.135381
vn -0.874902 0.484118 0.013272
vn -0.677319 0.735604 -0.011184
vn -0.113299 -0.964618 0.238065
vn 0.143526 -0.932059 0.332666
vn -0.474858 0.860754 -0.183336
vn -0.179011 0.933814 0.309752
vn -0.119703 0.975812 0.182925
vn 0.053985 0.992664 0.108184
vn -0.361679 0.913846 0.184594
vn -0.225740 0.972456 -0.058055
vn 0.030431 0.995327 -0.091641
vn 0.031693 0.998695 -0.040043
vn 0.296393 0.953138 -0.060652
vn 0.247820 0.962493 -0.110422
vn 0.380515 0.911719 -0.154841
vn 0.190710 0.972552 -0.133316
vn 0.267404 0.948858 -0.167822
vn 0.407909 0.900432 -0.151107
vn 0.643915 0.746144 -0.169241
vn 0.710050 0.673488 -0.205530
vn -0.994662 -0.025814 0.099910
vn 0.895067 -0.311698 0.318903
vn -0.996090 0.074384 -0.047658
vn -0.987999 0.100548 -0.117248
vn -0.934550 -0.334750 -0.120656
vn -0.946017 -0.292511 -0.139600
vn 0.952142 -0.060602 0.299587
vn 0.915616 0.225302 0.332995
vn -0.079596 -0.797432 0.598135
vn -0.222502 -0.876522 0.426851
vn -0.039094 -0.889078 0.456084
vn 0.275885 -0.940137 0.200072
vn 0.201562 -0.938812 0.279292
vn -0.990335 0.024775 -0.136464
vn -0.083401 -0.462732 0.882566
vn -0.708568 0.396695 0.583579
vn 0.867528 0.367899 0.334732
vn 0.734987 0.585913 0.341320
vn -0.648632 -0.738043 -0.185927
vn -0.911659 -0.383987 -0.146396
vn -0.412063 -0.910056 -0.044743
vn 0.959369 -0.209973 0.188476
vn 0.929251 -0.326968 0.172004
vn 0.796762 -0.581472 0.164502
vn -0.092568 -0.993110 0.071855
vn 0.304141 -0.948611 0.087379
vn 0.630675 -0.701434 0.332022
vn 0.188419 -0.610528 0.769255
vn -0.173974 -0.935296 0.308146
vn -0.548372 0.731305 0.405562
vn 0.626998 0.733277 0.263018
vn -0.232215 -0.967022 0.104617
vn -0.215972 -0.975539 -0.040991
vn -0.458980 -0.873507 -0.162240
vn -0.871898 0.452220 0.187861
vn -0.993463 0.107754 -0.037684
vn -0.981699 0.118498 0.149081
vn -0.949705 0.143168 0.278502
vn -0.168729 0.827082 0.536158
vn -0.472265 0.444010 0.761460
vn 0.323520 0.796661 0.510555
vn -0.351804 -0.935344 -0.036944
vn -0.878485 0.079369 0.471131
vn -0.429259 0.563931 0.705492
vn -0.777184 0.334537 0.532982
vn -0.383658 0.867410 0.316871
vn -0.443535 0.890995 -0.096980
vn -0.294252 0.954972 -0.038007
vn -0.311291 -0.910439 0.272394
vn -0.433044 0.885062 -0.170700
vn -0.531914 0.820629 -0.208889
vn -0.614491 0.775587 -0.144448
vn -0.647920 0.732559 -0.208702
vn -0.487722 0.846429 0.213741
vn -0.555691 0.816306 0.157646
vn -0.293250 0.922079 0.252537
vn -0.523317 0.809549 0.266026
vn -0.185626 0.978472 -0.090199
vn 0.074114 0.995600 -0.057346
vn 0.163085 0.984490 -0.064674
vn 0.549925 0.818058 -0.168418
vn 0.653970 0.737985 -0.166438
vn 0.687231 0.691248 -0.223358
vn 0.943188 -0.054042 0.327837
vn 0.926232 -0.376754 -0.012266
vn 0.809697 0.311489 0.497358
vn 0.544206 0.522960 0.656013
vn 0.913617 -0.368265 0.172292
vn 0.963840 -0.174150 0.201703
vn 0.827799 -0.468274 0.308978
vn 0.864600 -0.476603 -0.159108
vn 0.820678 -0.571391 -0.000613
vn 0.668012 -0.737643 0.098193
vn 0.910580 -0.022651 0.412712
vn 0.900045 -0.200959 0.386696
vn 0.903672 0.121066 0.410755
vn 0.960999 -0.243827 0.130494
vn 0.709172 -0.704872 -0.015189
vn 0.590677 -0.805133 -0.053490
vn 0.565935 -0.812586 0.139360
vn 0.540674 -0.841169 0.010282
vn 0.312884 0.810976 0.494390
vn 0.944993 -0.093345 0.313489
vn 0.970773 0.048927 0.234958
vn 0.934112 0.017127 0.356570
vn 0.732176 -0.609043 0.304934
vn 0.908683 -0.323224 0.264237
vn 0.665286 -0.708535 0.235313
vn 0.679244 -0.728548 0.088571
vn 0.544166 -0.835232 -0.079190
vn 0.692545 -0.705441 0.150782
vn 0.843337 0.353702 0.404570
vn 0.609533 0.634573 0.475170
vn 0.233143 0.866968 0.440467
vn 0.884413 0.323015 0.336860
vn 0.715306 0.600906 0.356721
vn 0.821528 0.474105 0.316727
vn 0.651582 -0.754930 -0.074310
vn 0.102618 -0.970065 0.220098
vn 0.497536 0.776387 0.386887
vn 0.585094 0.771854 0.248809
vn 0.353210 0.897675 0.263482
vn -0.356481 -0.881697 0.309081
vn -0.453044 -0.864345 0.218310
vn -0.367708 -0.911258 0.185473
vn -0.265389 -0.961099 0.076529
vn -0.103482 -0.989337 0.102483
vn -0.421122 -0.906853 -0.016553
vn -0.617377 -0.776482 0.126176
vn -0.321107 -0.946627 0.028080
vn -0.584734 -0.784180 -0.207722
vn -0.498239 -0.862848 -0.085156
vn 0.378835 0.788997 0.483702
vn 0.501944 0.790054 0.351946
vn 0.328575 0.921486 0.207129
vn 0.414593 0.871842 0.260776
vn -0.200309 0.960588 0.192738
vn -0.716413 -0.680732 -0.152828
vn -0.659414 -0.710031 -0.247041
vn -0.524083 0.816412 0.242506
vn -0.131118 0.553115 0.822722
vn -0.645122 -0.755857 -0.111793
vn -0.475996 0.873816 0.099360
vn -0.331311 0.940407 -0.076597
vn -0.337690 0.940341 -0.041514
vn -0.440371 0.893403 -0.088904
vn -0.832821 -0.542722 -0.108911
vn -0.720512 -0.692421 0.037633
vn -0.458933 -0.871810 0.171255
vn -0.274027 -0.924742 0.264123
vn 0.019209 -0.986791 0.160857
vn -0.283937 0.958831 -0.004809
vn -0.668253 0.736521 -0.104761
vn -0.715094 0.657773 -0.236591
vn -0.729271 0.642759 -0.234573
vn -0.766131 0.579734 -0.277403
vn -0.684564 0.718407 -0.123544
vn -0.701220 0.683659 -0.202240
vn -0.756180 0.641734 0.127940
vn -0.819025 0.544661 0.180396
vn -0.887542 0.460707 -0.004347
vn -0.795833 0.592978 0.122581
vn -0.644480 0.721954 0.251850
vn -0.692729 0.687195 0.218837
vn -0.871657 0.468077 0.145320
vn -0.826240 0.561069 -0.050299
vn -0.710962 0.702475 0.032572
vn -0.603754 0.797080 -0.011989
vn -0.596719 0.798642 -0.078090
vn -0.432719 0.898806 -0.070010
vn -0.145683 0.987511 -0.059994
vn -0.154352 0.986767 -0.049658
vn 0.027131 0.994291 -0.103192
vn 0.516510 0.845344 -0.136418
vn 0.537240 -0.685978 0.490721
vn 0.538207 -0.782610 0.312818
vn 0.586725 -0.493375 0.642133
vn 0.601491 -0.794072 0.087513
vn 0.490138 -0.612821 0.619851
vn 0.393351 -0.401244 0.827211
vn 0.127273 -0.754620 0.643701
vn 0.323808 -0.946076 -0.009411
vn 0.610563 -0.790115 -0.054137
vn 0.577356 -0.809340 -0.107834
vn 0.072955 0.430775 0.899506
vn 0.054954 0.557902 0.828085
vn -0.040576 0.363532 0.930698
vn 0.902831 -0.301958 0.306135
vn 0.712475 0.207344 0.670364
vn 0.776945 0.260882 0.572972
vn 0.643616 -0.476429 0.598978
vn 0.743917 -0.510358 0.431420
vn 0.775095 -0.621486 0.113941
vn 0.708780 -0.670312 0.219801
vn 0.683187 -0.142371 0.716230
vn 0.487778 0.302877 0.818742
vn 0.777110 0.355548 0.519313
vn 0.619915 0.238903 0.747416
vn 0.294101 0.174052 0.939793
vn 0.481259 -0.324670 0.814235
vn 0.355420 0.609313 0.708812
vn 0.106632 0.646637 0.755308
vn 0.021466 0.082237 0.996382
vn -0.139740 0.083535 0.986658
vn -0.170960 -0.256933 0.951188
vn 0.046090 0.674026 0.737268
vn 0.873769 -0.486167 0.012999
vn 0.799332 -0.579201 -0.159986
vn 0.679612 -0.657808 -0.324678
vn 0.695482 -0.707062 -0.127937
vn 0.541351 -0.730050 -0.417092
vn 0.469714 -0.853078 -0.227216
vn 0.690848 -0.711207 -0.130054
vn 0.652780 -0.713541 -0.254437
vn 0.491425 0.586893 0.643474
vn 0.743489 -0.637457 0.202168
vn 0.577168 -0.807302 0.123051
vn 0.448772 -0.888102 0.099393
vn 0.217637 -0.970104 -0.107388
vn 0.461166 -0.882362 0.093612
vn 0.052156 -0.988966 -0.138659
vn -0.231570 -0.961006 -0.151141
vn 0.063969 0.881782 0.467299
vn 0.065843 0.885948 0.459087
vn 0.385916 -0.917249 0.098610
vn 0.301891 -0.952988 -0.025976
vn -0.016333 -0.999793 0.012131
vn -0.185028 -0.979739 -0.076661
vn -0.109017 -0.979739 -0.168011
vn -0.340492 -0.891024 -0.300235
vn 0.094691 -0.994165 -0.051664
vn -0.410285 0.866419 0.284579
vn -0.077025 0.903896 0.420761
vn -0.179340 0.946755 0.267381
vn -0.464878 0.873035 0.147303
vn -0.312128 0.943995 0.106998
vn -0.380397 -0.849397 -0.365817
vn -0.428783 -0.903265 -0.016029
vn -0.487111 -0.827798 0.278342
vn -0.639169 -0.757298 0.134025
vn -0.591719 -0.799239 0.105288
vn -0.532900 -0.845131 0.042086
vn -0.395253 -0.914244 0.089071
vn 0.006925 0.979747 0.200118
vn 0.004530 0.990399 0.138163
vn -0.135934 0.979106 0.151239
vn -0.738472 -0.669384 0.081150
vn -0.842215 -0.538863 -0.017318
vn -0.552081 -0.833517 0.021381
vn -0.783776 -0.620987 0.008414
vn -0.876947 -0.459787 -0.139854
vn -0.643919 -0.756247 -0.116010
vn -0.926135 -0.362424 -0.104513
vn -0.768722 -0.613117 -0.182079
vn -0.903324 -0.405895 -0.138763
vn -0.756084 -0.602662 -0.255215
vn -0.498702 0.846992 -0.184121
vn -0.491982 0.869788 -0.037714
vn -0.821405 0.559069 -0.112853
vn -0.854488 -0.452620 -0.254924
vn -0.944334 0.288229 -0.158613
vn -0.942664 0.279528 -0.182344
vn -0.923044 -0.224895 -0.312110
vn -0.728290 -0.639531 0.246158
vn -0.085707 -0.924750 0.370799
vn -0.901166 0.388851 -0.191558
vn -0.908243 0.315685 -0.274660
vn -0.881393 0.417338 -0.221305
vn -0.955051 0.096129 -0.280424
vn -0.958713 -0.258728 -0.118021
vn -0.995276 -0.097033 0.003167
vn -0.993474 -0.036810 0.107953
vn -0.946636 -0.321917 0.015819
vn -0.853015 -0.519318 0.051723
vn -0.767683 -0.618240 0.168647
vn -0.544353 -0.794429 0.269373
vn -0.772273 0.598227 -0.213820
vn -0.935166 0.113090 -0.335670
vn -0.898776 0.293481 -0.325685
vn -0.878523 0.399051 -0.262593
vn -0.949424 0.313367 0.019900
vn -0.995907 -0.060366 0.067266
vn -0.926652 0.354936 0.123838
vn -0.989718 0.142640 -0.010630
vn -0.971605 0.235537 -0.022480
vn -0.840759 0.541221 0.014276
vn -0.956252 0.291786 0.021021
vn -0.879657 0.474844 0.026953
vn -0.666246 0.744520 -0.042501
vn -0.536008 0.841860 -0.062987
vn -0.323377 0.944186 -0.062773
vn 0.110263 0.984548 -0.136040
vn -0.147837 0.983070 -0.108252
vn 0.169251 0.975927 -0.137556
vn 0.132250 0.986634 -0.095198
vn 0.244964 0.963819 -0.105093
vn 0.469957 0.849582 -0.239482
vn 0.324851 0.919423 -0.221659
vn -0.029342 -0.510347 0.859468
vn -0.349995 -0.502327 0.790678
vn 0.180754 -0.868612 0.461347
vn -0.386325 -0.672189 0.631597
vn -0.642214 -0.223763 0.733138
vn -0.368063 -0.906490 0.206893
vn -0.651552 -0.404515 0.641753
vn -0.741417 -0.544651 0.391990
vn -0.733620 -0.647786 0.205366
vn 0.182160 -0.969654 -0.163063
vn -0.129567 -0.991460 -0.014810
vn -0.025773 -0.981969 -0.187278
vn -0.360501 -0.900624 -0.242723
vn -0.383447 -0.919357 -0.088038
vn -0.408590 0.317943 0.855550
vn -0.443261 0.312177 0.840277
vn -0.818185 -0.070490 0.570618
vn -0.791288 0.369278 0.487336
vn -0.811511 -0.476094 0.338799
vn -0.897845 -0.414310 0.149068
vn -0.864819 0.366993 0.342644
vn -0.968649 0.083776 0.233881
vn 0.279419 -0.915423 -0.289698
vn 0.262316 -0.952906 -0.152188
vn 0.217354 -0.884633 -0.412531
vn -0.098625 -0.828468 -0.551283
vn -0.978369 -0.201354 -0.047449
vn -0.543184 -0.678712 -0.494268
vn -0.674622 -0.589611 -0.444121
vn 0.156950 -0.820297 -0.549981
vn 0.470608 -0.723954 -0.504400
vn -0.384379 0.696888 0.605475
vn -0.236535 0.664490 0.708876
vn -0.680302 0.523283 0.513191
vn -0.808820 0.258503 0.528191
vn -0.721244 0.622632 0.303538
vn -0.215659 -0.873175 -0.437101
vn -0.287586 0.827625 0.482008
vn -0.325369 0.878347 0.350202
vn -0.531617 0.758781 0.376344
vn -0.549157 0.790272 0.271839
vn -0.780115 0.619154 0.089828
vn -0.915338 -0.252995 -0.313288
vn -0.865983 0.499174 0.029989
vn -0.662464 -0.691291 -0.288545
vn -0.480513 -0.864392 -0.148105
vn -0.647524 -0.728315 -0.224208
vn -0.958989 -0.229515 -0.166322
vn -0.504600 -0.790107 -0.348009
vn -0.735151 0.677841 -0.009196
vn -0.943109 0.315754 -0.104134
vn -0.968020 0.213874 -0.131134
vn -0.744025 -0.585485 -0.321924
vn -0.970297 -0.057117 -0.235076
vn -0.972951 0.117335 -0.198995
vn -0.912218 0.389104 -0.128285
vn -0.960602 0.040897 -0.274902
vn -0.676673 -0.729250 -0.101526
vn -0.938355 0.280609 -0.201865
vn -0.918935 0.350103 -0.181622
vn -0.764992 -0.643287 -0.031124
vn -0.993476 -0.056927 -0.098821
vn -0.653972 0.756181 -0.022620
vn -0.992070 -0.064359 -0.107956
vn -0.975702 0.177992 -0.127769
vn -0.927237 0.357417 -0.111733
vn -0.808709 0.574250 -0.127386
vn -0.939155 -0.325780 -0.108886
vn -0.965035 -0.188903 -0.181721
vn -0.925253 0.342327 -0.163460
vn -0.967682 0.041219 -0.248784
vn -0.922242 -0.298696 -0.245459
vn -0.980600 0.066941 -0.184233
vn -0.858821 -0.474162 0.193900
vn -0.808885 -0.557273 0.187488
vn -0.951318 -0.284947 0.117471
vn -0.789813 0.613221 -0.012420
vn -0.368246 0.927498 -0.064359
vn -0.089566 0.991839 -0.090739
vn 0.036963 0.990709 -0.130882
vn -0.956516 0.202378 0.210046
vn -0.897721 0.389117 0.206603
vn -0.978741 0.097188 -0.180611
vn -0.909100 -0.213965 -0.357431
vn -0.501252 -0.797238 0.336391
vn -0.992593 0.037073 0.115691
vn -0.968498 0.236300 0.078572
vn -0.214194 0.972746 -0.088810
vn -0.186956 0.976163 -0.110244
vn 0.017346 0.969860 -0.243045
vn -0.972310 -0.146807 0.181827
vn -0.754274 -0.592185 0.283528
vn -0.890317 -0.398064 0.221091
vn -0.789957 0.613162 0.000176
vn -0.557808 0.827819 -0.059718
vn -0.547642 0.833841 -0.069260
vn -0.562100 0.823134 -0.080582
vn -0.259122 0.960069 -0.105467
vn -0.253877 0.933356 -0.253758
vn -0.857143 -0.450920 0.248951
vn -0.965952 -0.162054 0.201683
vn -0.647952 0.758982 -0.064076
vn -0.425156 0.903053 -0.061136
vn -0.469061 0.870030 -0.151757
vn -0.925635 -0.324411 0.194825
vn -0.984198 -0.014182 0.176501
vn -0.979988 0.145719 0.135609
vn -0.865748 0.500386 0.009729
vn -0.714440 0.699612 -0.010856
vn -0.701800 0.704903 -0.102902
vn -0.622025 0.759489 -0.190425
vn -0.696052 0.691202 -0.194296
vn -0.578302 0.778172 -0.244980
vn -0.985585 -0.064121 0.156557
vn -0.756350 0.653694 -0.024872
vn -0.884816 -0.416886 0.208103
vn -0.924195 -0.333974 0.185267
vn -0.940598 0.338980 0.019188
vn -0.833446 0.548091 -0.070457
vn -0.679319 0.727640 -0.095214
vn -0.684865 0.726467 -0.056621
vn -0.783276 0.611330 -0.112937
vn -0.750644 0.637845 -0.172302
vn -0.920729 -0.349536 0.173445
vn -0.965052 -0.246487 0.088988
vn -0.995349 0.002342 0.096304
vn -0.991202 -0.127898 0.034082
vn -0.998683 0.045871 0.022960
vn -0.983280 0.173897 -0.054041
vn -0.985294 0.162663 -0.052309
vn -0.838601 0.536165 -0.096314
vn -0.905921 0.420233 -0.052079
vn -0.900107 0.411154 -0.144082
vn -0.959330 0.249428 -0.132178
vn -0.960879 -0.241581 0.135464
vn -0.991373 -0.120607 -0.051318
vn -0.996111 -0.078891 -0.039219
vn -0.998892 0.021174 -0.042022
vn -0.999583 -0.010706 -0.026836
vn -0.996403 0.030769 -0.078961
vn -0.988928 0.104989 -0.104871
vn 0.166945 -0.010593 0.985909
vn -0.031840 -0.245320 0.968919
vn 0.735521 -0.021431 0.677163
vn 0.660000 0.055556 0.749209
vn 0.532571 0.564094 0.631004
vn 0.194813 -0.414397 0.889001
vn 0.395470 -0.389724 0.831696
vn 0.679516 0.083280 0.728919
vn 0.220769 0.573372 0.788991
vn -0.418588 0.499173 0.758690
vn -0.642715 0.558057 0.524871
vn -0.234208 0.478052 0.846530
vn 0.691491 0.321550 0.646874
vn 0.210962 0.658523 0.722387
vn -0.051171 0.370546 0.927403
vn 0.700997 -0.535913 0.470532
vn 0.596747 -0.582009 0.552413
vn 0.158115 -0.457051 0.875273
vn 0.157575 -0.466673 0.870280
vn 0.161768 -0.378123 0.911512
vn 0.953914 -0.083765 0.288153
vn 0.720629 0.077984 0.688921
vn 0.941750 0.103399 0.320025
vn 0.955846 -0.293161 0.020352
vn 0.823591 -0.502988 0.262111
vn 0.796662 -0.543970 0.263489
vn 0.851375 -0.474877 0.222828
vn 0.842540 -0.505471 0.186080
vn 0.988109 -0.153634 -0.006119
vn 0.538983 -0.796403 0.274299
vn 0.591566 -0.758842 0.272413
vn 0.256181 -0.916419 0.307486
vn 0.052819 -0.936602 0.346391
vn -0.262157 -0.943178 0.204180
vn -0.345953 -0.870480 0.350115
vn -0.366325 -0.883430 0.292161
vn -0.826525 -0.496229 0.265731
vn -0.779510 -0.565552 0.269284
vn -0.844463 -0.492803 0.209828
vn -0.856076 -0.474449 0.205017
vn -0.841861 -0.497693 0.208739
vn 0.872197 0.438638 -0.216492
vn -0.934645 -0.333911 0.122238
vn -0.970782 -0.227537 0.076224
vn -0.943359 -0.323319 0.074427
vn 0.995232 0.026678 -0.093819
vn 0.975957 0.190124 -0.106584
vn 0.850903 0.499726 -0.161983
vn 0.706382 0.683362 -0.184503
vn 0.697668 0.710622 -0.090969
vn 0.661843 0.736430 -0.140124
vn 0.685593 0.722631 -0.088129
vn 0.722875 0.655368 -0.218961
vn 0.710676 0.675594 -0.196246
vn 0.543436 0.809306 -0.222940
vn 0.446015 0.868342 -0.216915
vn 0.157220 0.971676 -0.176429
vn -0.004102 0.956892 -0.290416
vn -0.338955 0.881070 -0.329887
vn -0.466853 0.822682 -0.324411
vn -0.496288 0.835581 -0.235590
vn -0.834312 0.522508 -0.175809
vn 0.992498 -0.110945 -0.051365
f 2525//2525 691//691 2526//2526
f 395//395 691//691 396//396
f 691//691 2525//2525 396//396
f 396//396 2526//2526 398//398
f 2525//2525 2526//2526 396//396
f 397//397 395//395 396//396
f 739//739 10//10 756//756
f 742//742 743//743 1//1
f 774//774 742//742 1//1
f 743//743 742//742 774//774
f 775//775 774//774 772//772
f 741//741 773//773 776//776
f 743//743 773//773 741//741
f 745//745 744//744 741//741
f 745//745 5//5 762//762
f 762//762 744//744 745//745
f 729//729 2579//2579 2578//2578
f 727//727 2577//2577 2576//2576
f 741//741 15//15 745//745
f 5//5 745//745 15//15
f 15//15 779//779 5//5
f 747//747 748//748 746//746
f 6//6 746//746 7//7
f 6//6 1//1 11//11
f 747//747 764//764 765//765
f 747//747 765//765 748//748
f 746//746 748//748 749//749
f 7//7 746//746 749//749
f 1//1 6//6 7//7
f 2571//2571 2573//2573 2572//2572
f 7//7 749//749 750//750
f 765//765 749//749 748//748
f 723//723 2569//2569 2568//2568
f 721//721 2566//2566 2565//2565
f 753//753 750//750 749//749
f 7//7 750//750 753//753
f 7//7 753//753 752//752
f 752//752 751//751 7//7
f 789//789 749//749 765//765
f 1632//1632 703//703 738//738
f 2519//2519 735//735 737//737
f 2519//2519 737//737 736//736
f 17//17 753//753 749//749
f 17//17 749//749 789//789
f 2569//2569 2571//2571 2570//2570
f 746//746 6//6 757//757
f 11//11 8//8 756//756
f 759//759 756//756 4//4
f 8//8 4//4 756//756
f 789//789 765//765 786//786
f 747//747 10//10 767//767
f 10//10 747//747 756//756
f 756//756 747//747 9//9
f 746//746 9//9 747//747
f 9//9 757//757 756//756
f 757//757 9//9 746//746
f 2491//2491 730//730 731//731
f 2491//2491 2579//2579 730//730
f 11//11 756//756 757//757
f 11//11 757//757 6//6
f 11//11 4//4 8//8
f 758//758 4//4 11//11
f 2578//2578 728//728 729//729
f 679//679 2577//2577 728//728
f 2576//2576 724//724 727//727
f 2512//2512 734//734 735//735
f 2511//2511 733//733 734//734
f 2501//2501 732//732 733//733
f 2501//2501 731//731 732//732
f 2564//2564 716//716 2563//2563
f 2568//2568 722//722 723//723
f 2567//2567 720//720 722//722
f 2565//2565 738//738 721//721
f 1555//1555 2566//2566 720//720
f 2574//2574 725//725 726//726
f 2574//2574 2573//2573 725//725
f 2378//2378 726//726 724//724
f 705//705 2550//2550 1790//1790
f 2553//2553 2555//2555 2463//2463
f 2555//2555 2554//2554 2463//2463
f 713//713 2561//2561 2558//2558
f 2561//2561 714//714 2560//2560
f 2558//2558 2560//2560 682//682
f 2561//2561 2560//2560 2558//2558
f 704//704 2549//2549 1792//1792
f 2545//2545 2547//2547 2546//2546
f 709//709 2552//2552 2231//2231
f 701//701 2545//2545 2544//2544
f 699//699 2543//2543 1549//1549
f 739//739 760//760 10//10
f 759//759 760//760 739//739
f 5//5 763//763 762//762
f 763//763 744//744 762//762
f 744//744 12//12 761//761
f 761//761 12//12 760//760
f 744//744 761//761 760//760
f 3//3 744//744 760//760
f 3//3 760//760 755//755
f 10//10 760//760 770//770
f 2505//2505 718//718 717//717
f 2563//2563 717//717 2564//2564
f 2503//2503 716//716 2562//2562
f 2502//2502 2562//2562 715//715
f 2518//2518 736//736 719//719
f 2514//2514 719//719 718//718
f 12//12 744//744 763//763
f 682//682 2494//2494 2558//2558
f 2494//2494 715//715 2559//2559
f 2558//2558 2559//2559 713//713
f 2494//2494 2559//2559 2558//2558
f 2478//2478 682//682 2557//2557
f 2478//2478 2557//2557 712//712
f 2556//2556 712//712 711//711
f 2463//2463 711//711 710//710
f 2463//2463 710//710 2553//2553
f 5//5 831//831 763//763
f 765//765 787//787 786//786
f 764//764 787//787 765//765
f 766//766 787//787 768//768
f 747//747 768//768 764//764
f 764//764 768//768 787//787
f 769//769 768//768 747//747
f 2084//2084 2552//2552 708//708
f 2551//2551 708//708 707//707
f 787//787 766//766 786//786
f 767//767 769//769 747//747
f 592//592 2554//2554 709//709
f 769//769 10//10 13//13
f 767//767 10//10 769//769
f 768//768 769//769 766//766
f 13//13 10//10 770//770
f 794//794 12//12 763//763
f 760//760 12//12 770//770
f 796//796 766//766 13//13
f 766//766 769//769 13//13
f 1535//1535 2547//2547 702//702
f 2544//2544 700//700 701//701
f 1682//1682 2550//2550 700//700
f 1549//1549 698//698 699//699
f 1791//1791 707//707 706//706
f 1790//1790 2549//2549 705//705
f 1792//1792 706//706 704//704
f 1632//1632 2543//2543 703//703
f 770//770 794//794 13//13
f 794//794 770//770 12//12
f 763//763 795//795 794//794
f 763//763 831//831 795//795
f 774//774 776//776 773//773
f 774//774 773//773 743//743
f 14//14 776//776 774//774
f 775//775 14//14 774//774
f 2518//2518 688//688 2519//2519
f 1541//1541 702//702 698//698
f 772//772 14//14 775//775
f 772//772 777//777 14//14
f 2518//2518 2519//2519 736//736
f 2514//2514 2518//2518 719//719
f 15//15 776//776 778//778
f 741//741 776//776 15//15
f 14//14 819//819 776//776
f 819//819 778//778 776//776
f 15//15 778//778 779//779
f 2517//2517 2506//2506 2518//2518
f 2507//2507 2518//2518 2516//2516
f 2506//2506 2516//2516 2518//2518
f 2505//2505 2514//2514 718//718
f 2563//2563 2505//2505 717//717
f 733//733 2511//2511 2581//2581
f 14//14 820//820 819//819
f 820//820 778//778 819//819
f 778//778 16//16 779//779
f 2505//2505 2515//2515 2514//2514
f 2515//2515 2518//2518 2514//2514
f 2518//2518 2515//2515 2505//2505
f 2517//2517 2505//2505 2506//2506
f 2518//2518 2505//2505 2517//2517
f 751//751 781//781 772//772
f 751//751 780//780 782//782
f 780//780 753//753 17//17
f 753//753 780//780 751//751
f 752//752 753//753 751//751
f 16//16 778//778 820//820
f 2519//2519 2512//2512 735//735
f 17//17 790//790 793//793
f 822//822 17//17 793//793
f 751//751 782//782 781//781
f 782//782 17//17 822//822
f 17//17 782//782 780//780
f 783//783 772//772 781//781
f 2509//2509 2581//2581 2511//2511
f 2512//2512 2511//2511 734//734
f 688//688 2509//2509 2511//2511
f 783//783 823//823 772//772
f 783//783 781//781 782//782
f 772//772 784//784 777//777
f 825//825 782//782 822//822
f 821//821 782//782 825//825
f 821//821 823//823 782//782
f 782//782 823//823 783//783
f 2510//2510 2497//2497 2509//2509
f 688//688 2511//2511 2512//2512
f 688//688 2512//2512 2519//2519
f 2510//2510 2509//2509 688//688
f 5//5 785//785 831//831
f 785//785 5//5 779//779
f 785//785 779//779 18//18
f 2496//2496 688//688 2508//2508
f 2508//2508 688//688 2518//2518
f 2508//2508 2518//2518 2507//2507
f 16//16 19//19 779//779
f 779//779 19//19 18//18
f 2507//2507 2496//2496 2508//2508
f 789//789 786//786 788//788
f 49//49 18//18 19//19
f 49//49 785//785 18//18
f 831//831 785//785 49//49
f 2507//2507 2506//2506 2496//2496
f 791//791 790//790 786//786
f 790//790 788//788 786//786
f 790//790 789//789 788//788
f 790//790 17//17 789//789
f 792//792 790//790 791//791
f 791//791 786//786 766//766
f 2506//2506 2507//2507 2516//2516
f 790//790 822//822 793//793
f 792//792 822//822 790//790
f 832//832 792//792 791//791
f 2513//2513 2503//2503 2562//2562
f 2513//2513 2562//2562 2502//2502
f 2581//2581 2501//2501 733//733
f 716//716 2505//2505 2563//2563
f 2505//2505 2513//2513 687//687
f 2503//2503 2513//2513 2505//2505
f 2503//2503 2505//2505 716//716
f 2504//2504 687//687 2513//2513
f 2506//2506 2505//2505 687//687
f 2500//2500 2581//2581 2509//2509
f 30//30 791//791 31//31
f 791//791 766//766 31//31
f 2504//2504 2506//2506 687//687
f 2500//2500 2509//2509 2499//2499
f 2497//2497 2498//2498 2509//2509
f 13//13 20//20 796//796
f 794//794 20//20 13//13
f 2500//2500 2501//2501 2581//2581
f 680//680 2486//2486 2496//2496
f 2496//2496 2510//2510 688//688
f 2486//2486 2497//2497 2510//2510
f 795//795 798//798 794//794
f 796//796 31//31 766//766
f 831//831 835//835 795//795
f 2496//2496 2486//2486 2510//2510
f 686//686 2496//2496 2506//2506
f 686//686 2506//2506 2504//2504
f 686//686 684//684 2496//2496
f 794//794 798//798 20//20
f 20//20 797//797 796//796
f 2501//2501 2499//2499 2488//2488
f 2499//2499 2501//2501 2500//2500
f 2513//2513 685//685 2504//2504
f 2504//2504 685//685 2492//2492
f 2504//2504 684//684 686//686
f 31//31 796//796 837//837
f 796//796 797//797 837//837
f 731//731 2501//2501 2490//2490
f 2498//2498 2499//2499 2509//2509
f 20//20 798//798 801//801
f 20//20 801//801 797//797
f 803//803 797//797 801//801
f 21//21 798//798 800//800
f 795//795 799//799 798//798
f 798//798 21//21 801//801
f 799//799 800//800 798//798
f 2486//2486 2498//2498 2497//2497
f 2486//2486 2493//2493 2498//2498
f 799//799 802//802 800//800
f 800//800 802//802 21//21
f 2513//2513 2483//2483 685//685
f 2492//2492 684//684 2504//2504
f 2496//2496 684//684 680//680
f 32//32 802//802 799//799
f 803//803 804//804 805//805
f 797//797 803//803 805//805
f 2483//2483 2492//2492 685//685
f 21//21 806//806 804//804
f 804//804 806//806 807//807
f 802//802 806//806 21//21
f 807//807 806//806 802//802
f 803//803 801//801 804//804
f 801//801 21//21 804//804
f 805//805 804//804 22//22
f 840//840 797//797 805//805
f 804//804 807//807 22//22
f 23//23 808//808 811//811
f 846//846 23//23 37//37
f 23//23 846//846 808//808
f 849//849 808//808 846//846
f 35//35 808//808 853//853
f 853//853 808//808 849//849
f 811//811 808//808 812//812
f 810//810 809//809 23//23
f 38//38 809//809 810//810
f 23//23 809//809 38//38
f 810//810 23//23 24//24
f 810//810 857//857 38//38
f 37//37 23//23 38//38
f 814//814 24//24 23//23
f 23//23 811//811 814//814
f 812//812 813//813 811//811
f 2502//2502 2495//2495 2513//2513
f 2494//2494 2495//2495 2502//2502
f 2494//2494 2483//2483 2495//2495
f 2495//2495 2483//2483 2513//2513
f 2494//2494 2478//2478 2483//2483
f 2494//2494 2502//2502 715//715
f 2488//2488 2489//2489 2490//2490
f 2488//2488 2490//2490 2501//2501
f 2490//2490 2489//2489 731//731
f 681//681 2489//2489 2488//2488
f 814//814 811//811 813//813
f 2499//2499 681//681 2488//2488
f 2475//2475 2499//2499 2498//2498
f 812//812 862//862 813//813
f 813//813 41//41 814//814
f 810//810 25//25 865//865
f 24//24 814//814 815//815
f 810//810 24//24 25//25
f 24//24 815//815 25//25
f 816//816 814//814 868//868
f 875//875 25//25 815//815
f 814//814 816//816 815//815
f 865//865 25//25 866//866
f 2486//2486 2472//2472 2493//2493
f 2487//2487 2493//2493 2472//2472
f 14//14 818//818 27//27
f 817//817 875//875 815//815
f 815//815 816//816 817//817
f 817//817 26//26 875//875
f 27//27 820//820 14//14
f 830//830 825//825 792//792
f 792//792 825//825 822//822
f 784//784 772//772 823//823
f 825//825 823//823 821//821
f 824//824 777//777 784//784
f 824//824 784//784 823//823
f 14//14 777//777 818//818
f 825//825 828//828 28//28
f 825//825 28//28 826//826
f 825//825 826//826 823//823
f 28//28 824//824 826//826
f 824//824 823//823 826//826
f 824//824 818//818 777//777
f 818//818 829//829 27//27
f 939//939 829//829 818//818
f 28//28 827//827 824//824
f 824//824 827//827 818//818
f 827//827 939//939 818//818
f 684//684 2484//2484 2485//2485
f 2484//2484 684//684 2492//2492
f 939//939 827//827 828//828
f 827//827 28//28 828//828
f 683//683 2492//2492 2483//2483
f 820//820 46//46 16//16
f 46//46 45//45 16//16
f 683//683 2483//2483 2478//2478
f 49//49 19//19 881//881
f 682//682 2478//2478 2494//2494
f 792//792 833//833 830//830
f 2579//2579 2491//2491 2580//2580
f 2491//2491 2489//2489 2580//2580
f 681//681 2580//2580 2489//2489
f 833//833 825//825 830//830
f 828//828 825//825 833//833
f 792//792 29//29 833//833
f 29//29 791//791 834//834
f 29//29 832//832 791//791
f 29//29 792//792 832//832
f 731//731 2489//2489 2491//2491
f 834//834 791//791 30//30
f 834//834 50//50 29//29
f 2498//2498 2480//2480 2475//2475
f 2498//2498 2493//2493 2480//2480
f 681//681 2499//2499 2475//2475
f 49//49 835//835 831//831
f 836//836 835//835 49//49
f 2482//2482 681//681 2481//2481
f 2480//2480 2493//2493 2487//2487
f 2480//2480 2487//2487 2472//2472
f 680//680 2472//2472 2486//2486
f 30//30 839//839 834//834
f 683//683 2479//2479 2484//2484
f 683//683 2484//2484 2492//2492
f 2485//2485 680//680 684//684
f 839//839 31//31 837//837
f 31//31 839//839 30//30
f 2556//2556 683//683 2478//2478
f 2478//2478 712//712 2556//2556
f 835//835 836//836 887//887
f 891//891 839//839 841//841
f 841//841 839//839 797//797
f 797//797 839//839 837//837
f 795//795 835//835 838//838
f 795//795 838//838 32//32
f 795//795 32//32 799//799
f 2481//2481 2476//2476 2482//2482
f 681//681 2482//2482 2580//2580
f 2580//2580 2482//2482 2476//2476
f 681//681 2466//2466 2481//2481
f 681//681 2475//2475 2466//2466
f 2474//2474 2475//2475 2480//2480
f 678//678 2474//2474 2480//2480
f 841//841 797//797 840//840
f 893//893 32//32 838//838
f 2465//2465 2368//2368 680//680
f 2368//2368 2472//2472 680//680
f 841//841 22//22 898//898
f 805//805 22//22 841//841
f 840//840 805//805 841//841
f 2479//2479 2469//2469 2484//2484
f 2471//2471 2469//2469 683//683
f 898//898 53//53 841//841
f 53//53 54//54 841//841
f 2469//2469 2479//2479 683//683
f 2556//2556 2471//2471 683//683
f 844//844 807//807 842//842
f 807//807 844//844 22//22
f 844//844 898//898 22//22
f 2469//2469 2485//2485 2484//2484
f 711//711 2470//2470 2556//2556
f 2579//2579 2580//2580 2578//2578
f 2578//2578 2580//2580 728//728
f 2477//2477 728//728 2580//2580
f 2477//2477 2580//2580 2476//2476
f 2476//2476 679//679 2477//2477
f 2477//2477 679//679 728//728
f 845//845 807//807 802//802
f 679//679 2476//2476 2467//2467
f 679//679 2468//2468 2577//2577
f 842//842 845//845 802//802
f 802//802 32//32 842//842
f 2457//2457 679//679 2467//2467
f 2481//2481 2466//2466 2476//2476
f 842//842 807//807 845//845
f 32//32 893//893 843//843
f 32//32 843//843 899//899
f 32//32 899//899 842//842
f 842//842 903//903 902//902
f 899//899 903//903 842//842
f 2468//2468 679//679 2458//2458
f 2466//2466 2457//2457 2476//2476
f 2457//2457 2467//2467 2476//2476
f 847//847 33//33 37//37
f 37//37 33//33 848//848
f 849//849 846//846 37//37
f 849//849 37//37 848//848
f 37//37 38//38 847//847
f 2474//2474 678//678 2475//2475
f 33//33 847//847 39//39
f 2480//2480 2473//2473 678//678
f 2480//2480 2369//2369 2473//2473
f 2472//2472 2369//2369 2480//2480
f 2455//2455 2369//2369 2472//2472
f 33//33 39//39 848//848
f 39//39 851//851 848//848
f 854//854 849//849 850//850
f 851//851 849//849 848//848
f 850//850 849//849 851//851
f 2465//2465 680//680 2485//2485
f 2469//2469 2464//2464 2485//2485
f 2368//2368 2455//2455 2472//2472
f 2464//2464 2465//2465 2485//2485
f 2556//2556 2470//2470 2471//2471
f 34//34 812//812 808//808
f 34//34 808//808 35//35
f 852//852 853//853 849//849
f 855//855 34//34 35//35
f 852//852 35//35 853//853
f 812//812 34//34 855//855
f 591//591 711//711 2463//2463
f 2470//2470 711//711 591//591
f 852//852 36//36 35//35
f 677//677 676//676 2459//2459
f 36//36 918//918 863//863
f 854//854 918//918 36//36
f 849//849 854//854 852//852
f 852//852 854//854 36//36
f 36//36 863//863 35//35
f 35//35 856//856 855//855
f 863//863 856//856 35//35
f 2378//2378 724//724 2576//2576
f 847//847 38//38 857//857
f 865//865 860//860 810//810
f 857//857 810//810 860//860
f 2405//2405 2459//2459 676//676
f 2468//2468 2576//2576 2577//2577
f 847//847 858//858 39//39
f 858//858 859//859 39//39
f 847//847 857//857 858//858
f 860//860 859//859 857//857
f 857//857 859//859 858//858
f 679//679 2375//2375 2458//2458
f 2458//2458 2576//2576 2468//2468
f 2375//2375 2576//2576 2458//2458
f 851//851 39//39 859//859
f 920//920 851//851 859//859
f 2375//2375 679//679 2457//2457
f 2375//2375 2376//2376 2576//2576
f 920//920 859//859 62//62
f 62//62 860//860 921//921
f 62//62 859//859 860//860
f 2475//2475 678//678 2456//2456
f 2475//2475 2456//2456 675//675
f 61//61 920//920 62//62
f 2369//2369 678//678 2473//2473
f 2454//2454 2464//2464 2469//2469
f 642//642 2465//2465 2464//2464
f 812//812 855//855 861//861
f 812//812 861//861 862//862
f 868//868 814//814 41//41
f 862//862 41//41 813//813
f 855//855 862//862 861//861
f 2471//2471 2454//2454 2469//2469
f 2344//2344 2453//2453 2471//2471
f 2471//2471 2453//2453 2452//2452
f 41//41 863//863 864//864
f 864//864 40//40 41//41
f 862//862 863//863 41//41
f 856//856 863//863 855//855
f 863//863 862//862 855//855
f 2470//2470 2344//2344 2471//2471
f 64//64 40//40 864//864
f 592//592 2463//2463 2554//2554
f 591//591 2463//2463 592//592
f 2344//2344 2470//2470 591//591
f 2344//2344 591//591 2356//2356
f 865//865 921//921 860//860
f 42//42 41//41 40//40
f 41//41 42//42 868//868
f 2447//2447 2451//2451 2449//2449
f 2450//2450 2447//2447 2343//2343
f 921//921 865//865 928//928
f 43//43 865//865 866//866
f 673//673 2341//2341 2451//2451
f 673//673 2451//2451 2446//2446
f 2446//2446 2451//2451 2447//2447
f 25//25 867//867 866//866
f 866//866 867//867 44//44
f 928//928 865//865 43//43
f 43//43 866//866 870//870
f 42//42 930//930 869//869
f 868//868 42//42 869//869
f 816//816 868//868 869//869
f 673//673 2443//2443 674//674
f 867//867 25//25 875//875
f 2442//2442 2443//2443 673//673
f 2440//2440 670//670 2443//2443
f 2442//2442 2440//2440 2443//2443
f 672//672 2442//2442 673//673
f 44//44 870//870 866//866
f 44//44 867//867 874//874
f 874//874 867//867 875//875
f 874//874 875//875 876//876
f 875//875 26//26 969//969
f 870//870 932//932 43//43
f 44//44 932//932 870//870
f 932//932 44//44 871//871
f 939//939 828//828 878//878
f 930//930 816//816 869//869
f 2446//2446 671//671 673//673
f 671//671 2442//2442 672//672
f 671//671 672//672 673//673
f 872//872 46//46 820//820
f 939//939 46//46 829//829
f 829//829 46//46 27//27
f 820//820 27//27 872//872
f 27//27 46//46 872//872
f 45//45 19//19 16//16
f 940//940 46//46 939//939
f 940//940 45//45 46//46
f 873//873 45//45 940//940
f 943//943 45//45 873//873
f 45//45 943//943 19//19
f 621//621 670//670 2440//2440
f 671//671 2440//2440 2442//2442
f 2440//2440 671//671 621//621
f 2439//2439 621//621 671//671
f 47//47 871//871 44//44
f 47//47 44//44 874//874
f 874//874 876//876 48//48
f 874//874 48//48 47//47
f 969//969 26//26 817//817
f 665//665 2435//2435 621//621
f 2435//2435 2438//2438 621//621
f 621//621 2438//2438 670//670
f 48//48 875//875 969//969
f 48//48 876//876 875//875
f 669//669 2428//2428 2441//2441
f 816//816 877//877 883//883
f 930//930 877//877 816//816
f 817//817 816//816 883//883
f 877//877 930//930 953//953
f 669//669 2438//2438 2435//2435
f 939//939 878//878 879//879
f 2437//2437 669//669 2435//2435
f 2433//2433 669//669 2437//2437
f 2433//2433 2437//2437 2435//2435
f 668//668 2431//2431 621//621
f 828//828 833//833 880//880
f 2429//2429 2428//2428 669//669
f 878//878 828//828 880//880
f 2431//2431 665//665 621//621
f 665//665 2433//2433 2435//2435
f 2434//2434 669//669 2433//2433
f 2433//2433 2429//2429 2434//2434
f 2434//2434 2429//2429 669//669
f 667//667 2433//2433 2432//2432
f 943//943 882//882 881//881
f 19//19 943//943 881//881
f 945//945 882//882 943//943
f 2428//2428 2429//2429 664//664
f 49//49 881//881 963//963
f 665//665 2432//2432 2433//2433
f 667//667 2432//2432 665//665
f 2430//2430 2433//2433 667//667
f 2433//2433 2430//2430 2429//2429
f 817//817 883//883 884//884
f 817//817 884//884 969//969
f 29//29 886//886 833//833
f 877//877 885//885 883//883
f 883//883 885//885 884//884
f 2428//2428 663//663 666//666
f 664//664 663//663 2428//2428
f 886//886 880//880 833//833
f 50//50 886//886 29//29
f 50//50 966//966 886//886
f 880//880 886//886 878//878
f 666//666 2315//2315 2428//2428
f 2431//2431 2427//2427 2425//2425
f 668//668 2427//2427 2431//2431
f 2426//2426 667//667 665//665
f 665//665 2431//2431 2425//2425
f 836//836 49//49 963//963
f 667//667 2429//2429 2430//2430
f 884//884 888//888 969//969
f 667//667 2426//2426 2429//2429
f 2421//2421 2429//2429 2426//2426
f 663//663 2417//2417 666//666
f 885//885 52//52 888//888
f 885//885 888//888 884//884
f 2425//2425 2423//2423 665//665
f 2423//2423 2426//2426 665//665
f 50//50 834//834 839//839
f 50//50 839//839 891//891
f 877//877 974//974 885//885
f 973//973 969//969 888//888
f 77//77 890//890 836//836
f 890//890 835//835 51//51
f 890//890 51//51 836//836
f 836//836 51//51 887//887
f 887//887 51//51 835//835
f 2423//2423 2425//2425 2302//2302
f 2425//2425 2424//2424 2302//2302
f 52//52 83//83 888//888
f 83//83 973//973 888//888
f 2421//2421 2461//2461 2429//2429
f 2426//2426 2423//2423 2421//2421
f 2421//2421 2423//2423 2407//2407
f 84//84 52//52 885//885
f 2422//2422 664//664 2429//2429
f 2461//2461 2422//2422 2429//2429
f 835//835 895//895 838//838
f 890//890 895//895 835//835
f 977//977 50//50 889//889
f 2420//2420 663//663 664//664
f 889//889 841//841 892//892
f 889//889 891//891 841//841
f 895//895 893//893 838//838
f 50//50 891//891 889//889
f 54//54 892//892 841//841
f 2422//2422 2420//2420 664//664
f 53//53 982//982 54//54
f 982//982 889//889 892//892
f 982//982 892//892 54//54
f 977//977 889//889 982//982
f 893//893 900//900 843//843
f 662//662 2420//2420 2422//2422
f 662//662 2419//2419 2420//2420
f 897//897 896//896 895//895
f 893//893 894//894 900//900
f 895//895 894//894 893//893
f 896//896 894//894 895//895
f 897//897 55//55 901//901
f 897//897 901//901 896//896
f 901//901 906//906 896//896
f 2419//2419 663//663 2420//2420
f 2417//2417 663//663 2419//2419
f 2419//2419 2418//2418 2417//2417
f 2415//2415 2299//2299 2403//2403
f 676//676 2461//2461 2462//2462
f 2461//2461 2421//2421 2462//2462
f 677//677 2461//2461 676//676
f 676//676 2462//2462 2407//2407
f 2462//2462 2421//2421 2407//2407
f 662//662 2422//2422 2461//2461
f 662//662 2461//2461 677//677
f 677//677 2460//2460 662//662
f 2459//2459 2460//2460 677//677
f 661//661 2460//2460 2459//2459
f 2460//2460 2414//2414 662//662
f 2418//2418 2419//2419 662//662
f 2418//2418 662//662 2414//2414
f 2460//2460 661//661 2414//2414
f 2414//2414 661//661 2418//2418
f 900//900 903//903 899//899
f 843//843 900//900 899//899
f 661//661 660//660 2418//2418
f 900//900 896//896 906//906
f 896//896 900//900 894//894
f 906//906 903//903 900//900
f 87//87 844//844 56//56
f 906//906 901//901 85//85
f 989//989 85//85 901//901
f 906//906 85//85 905//905
f 842//842 902//902 909//909
f 660//660 661//661 2412//2412
f 2413//2413 2412//2412 661//661
f 2418//2418 660//660 2410//2410
f 2423//2423 2415//2415 2407//2407
f 2415//2415 659//659 2407//2407
f 905//905 904//904 906//906
f 903//903 906//906 902//902
f 661//661 2459//2459 2413//2413
f 2459//2459 2399//2399 2412//2412
f 2459//2459 2412//2412 2413//2413
f 842//842 909//909 844//844
f 909//909 56//56 844//844
f 85//85 904//904 905//905
f 56//56 908//908 912//912
f 906//906 907//907 909//909
f 904//904 910//910 906//906
f 910//910 907//907 906//906
f 906//906 909//909 902//902
f 909//909 907//907 56//56
f 907//907 908//908 56//56
f 2403//2403 2404//2404 2415//2415
f 2407//2407 2405//2405 676//676
f 904//904 57//57 910//910
f 1094//1094 911//911 904//904
f 911//911 57//57 904//904
f 57//57 911//911 907//907
f 57//57 907//907 910//910
f 659//659 2415//2415 2404//2404
f 854//854 850//850 913//913
f 993//993 908//908 996//996
f 993//993 912//912 908//908
f 915//915 854//854 913//913
f 850//850 58//58 913//913
f 61//61 58//58 850//850
f 920//920 850//850 851//851
f 61//61 850//850 920//920
f 58//58 60//60 914//914
f 914//914 60//60 913//913
f 58//58 914//914 913//913
f 913//913 60//60 917//917
f 915//915 913//913 917//917
f 61//61 63//63 58//58
f 2407//2407 658//658 2405//2405
f 916//916 918//918 854//854
f 59//59 918//918 916//916
f 915//915 916//916 854//854
f 915//915 59//59 916//916
f 651//651 2405//2405 658//658
f 2406//2406 2407//2407 659//659
f 2406//2406 658//658 2407//2407
f 863//863 918//918 919//919
f 59//59 915//915 917//917
f 919//919 918//918 59//59
f 921//921 923//923 62//62
f 923//923 63//63 62//62
f 63//63 61//61 62//62
f 923//923 58//58 63//63
f 58//58 924//924 60//60
f 922//922 924//924 58//58
f 923//923 922//922 58//58
f 658//658 2406//2406 659//659
f 863//863 919//919 925//925
f 64//64 864//864 926//926
f 864//864 925//925 926//926
f 925//925 864//864 863//863
f 1000//1000 917//917 60//60
f 59//59 917//917 1000//1000
f 1000//1000 60//60 999//999
f 658//658 659//659 2404//2404
f 2391//2391 658//658 2404//2404
f 657//657 2391//2391 2404//2404
f 1004//1004 919//919 59//59
f 925//925 919//919 1004//1004
f 1004//1004 926//926 925//925
f 42//42 40//40 927//927
f 40//40 64//64 927//927
f 930//930 42//42 927//927
f 923//923 929//929 922//922
f 923//923 921//921 929//929
f 921//921 933//933 929//929
f 65//65 67//67 927//927
f 926//926 65//65 64//64
f 64//64 65//65 927//927
f 2408//2408 2404//2404 2403//2403
f 656//656 2404//2404 2408//2408
f 656//656 657//657 2404//2404
f 2401//2401 2390//2390 657//657
f 2459//2459 2405//2405 2399//2399
f 2405//2405 2400//2400 2399//2399
f 930//930 927//927 67//67
f 65//65 1011//1011 67//67
f 2405//2405 2398//2398 2400//2400
f 66//66 1013//1013 929//929
f 929//929 928//928 66//66
f 929//929 933//933 928//928
f 928//928 43//43 932//932
f 933//933 921//921 928//928
f 1011//1011 931//931 67//67
f 2397//2397 2395//2395 2398//2398
f 934//934 930//930 67//67
f 66//66 928//928 1013//1013
f 932//932 871//871 935//935
f 1013//1013 928//928 69//69
f 931//931 934//934 67//67
f 2400//2400 2396//2396 2399//2399
f 2396//2396 2400//2400 2395//2395
f 2395//2395 2400//2400 2398//2398
f 611//611 2412//2412 2399//2399
f 2396//2396 611//611 2399//2399
f 611//611 2396//2396 655//655
f 2395//2395 655//655 2396//2396
f 935//935 68//68 932//932
f 932//932 68//68 69//69
f 928//928 932//932 69//69
f 655//655 654//654 611//611
f 936//936 930//930 934//934
f 938//938 930//930 936//936
f 953//953 930//930 938//938
f 2395//2395 2383//2383 655//655
f 935//935 871//871 47//47
f 935//935 47//47 937//937
f 1025//1025 936//936 934//934
f 655//655 2394//2394 654//654
f 937//937 1026//1026 935//935
f 47//47 1026//1026 937//937
f 658//658 650//650 651//651
f 650//650 658//658 2391//2391
f 68//68 935//935 1026//1026
f 953//953 938//938 1031//1031
f 655//655 2393//2393 2394//2394
f 2394//2394 2393//2393 654//654
f 2393//2393 655//655 652//652
f 878//878 955//955 942//942
f 1031//1031 70//70 1029//1029
f 938//938 70//70 1031//1031
f 2391//2391 2390//2390 2389//2389
f 650//650 2391//2391 2392//2392
f 2391//2391 2389//2389 2392//2392
f 2391//2391 657//657 2390//2390
f 879//879 878//878 71//71
f 71//71 878//878 72//72
f 71//71 944//944 940//940
f 944//944 873//873 940//940
f 940//940 939//939 71//71
f 944//944 943//943 873//873
f 71//71 939//939 879//879
f 878//878 942//942 72//72
f 957//957 958//958 948//948
f 72//72 957//957 948//948
f 73//73 944//944 948//948
f 72//72 942//942 958//958
f 957//957 72//72 958//958
f 71//71 72//72 948//948
f 71//71 941//941 944//944
f 941//941 948//948 944//944
f 941//941 71//71 948//948
f 2386//2386 2395//2395 2397//2397
f 651//651 650//650 2387//2387
f 2387//2387 650//650 2386//2386
f 73//73 946//946 943//943
f 946//946 882//882 945//945
f 946//946 945//945 943//943
f 944//944 73//73 943//943
f 73//73 948//948 947//947
f 946//946 950//950 882//882
f 959//959 946//946 73//73
f 2402//2402 2390//2390 2401//2401
f 2388//2388 2389//2389 2390//2390
f 2405//2405 651//651 2398//2398
f 651//651 2397//2397 2398//2398
f 651//651 2387//2387 2397//2397
f 2387//2387 2386//2386 2397//2397
f 963//963 881//881 952//952
f 963//963 952//952 951//951
f 882//882 952//952 881//881
f 951//951 952//952 882//882
f 950//950 949//949 882//882
f 951//951 949//949 950//950
f 949//949 951//951 882//882
f 950//950 946//946 959//959
f 947//947 74//74 959//959
f 947//947 959//959 73//73
f 650//650 2389//2389 2384//2384
f 954//954 953//953 1031//1031
f 954//954 965//965 953//953
f 965//965 877//877 953//953
f 78//78 47//47 48//48
f 47//47 1053//1053 1026//1026
f 955//955 878//878 966//966
f 878//878 886//886 966//966
f 105//105 1031//1031 1032//1032
f 1029//1029 1032//1032 1031//1031
f 2383//2383 2395//2395 2385//2385
f 650//650 2392//2392 2389//2389
f 650//650 648//648 2386//2386
f 2395//2395 2386//2386 2385//2385
f 648//648 2385//2385 2386//2386
f 2383//2383 649//649 655//655
f 956//956 75//75 955//955
f 966//966 75//75 956//956
f 942//942 75//75 958//958
f 955//955 75//75 942//942
f 956//956 955//955 966//966
f 958//958 74//74 948//948
f 75//75 74//74 958//958
f 649//649 2385//2385 648//648
f 2383//2383 2385//2385 649//649
f 647//647 2384//2384 2389//2389
f 650//650 2384//2384 647//647
f 648//648 650//650 647//647
f 649//649 648//648 2380//2380
f 647//647 2389//2389 645//645
f 960//960 950//950 76//76
f 960//960 951//951 950//950
f 76//76 951//951 960//960
f 75//75 1047//1047 74//74
f 74//74 947//947 948//948
f 647//647 2381//2381 646//646
f 963//963 951//951 962//962
f 2382//2382 648//648 647//647
f 2380//2380 648//648 2382//2382
f 647//647 2380//2380 2382//2382
f 962//962 964//964 963//963
f 961//961 951//951 1035//1035
f 76//76 1038//1038 951//951
f 655//655 649//649 2285//2285
f 646//646 2380//2380 647//647
f 2285//2285 649//649 2380//2380
f 2389//2389 2262//2262 645//645
f 951//951 961//961 962//962
f 961//961 964//964 962//962
f 2576//2576 599//599 2378//2378
f 2378//2378 2575//2575 726//726
f 2376//2376 599//599 2576//2576
f 964//964 836//836 963//963
f 961//961 1041//1041 964//964
f 2466//2466 2375//2375 2457//2457
f 105//105 954//954 1031//1031
f 965//965 954//954 1044//1044
f 877//877 965//965 974//974
f 75//75 967//967 1047//1047
f 967//967 966//966 79//79
f 966//966 967//967 75//75
f 976//976 966//966 50//50
f 79//79 966//966 976//976
f 965//965 1044//1044 974//974
f 1044//1044 954//954 105//105
f 2374//2374 2375//2375 2466//2466
f 2475//2475 2373//2373 2466//2466
f 2466//2466 2373//2373 2374//2374
f 678//678 2369//2369 2370//2370
f 675//675 2373//2373 2475//2475
f 2371//2371 2456//2456 678//678
f 77//77 836//836 968//968
f 644//644 2455//2455 2368//2368
f 597//597 2455//2455 596//596
f 596//596 2455//2455 644//644
f 1118//1118 1050//1050 964//964
f 77//77 964//964 1050//1050
f 836//836 964//964 968//968
f 968//968 964//964 77//77
f 82//82 973//973 971//971
f 78//78 1053//1053 47//47
f 2369//2369 2455//2455 597//597
f 2370//2370 2369//2369 597//597
f 78//78 48//48 972//972
f 48//48 970//970 82//82
f 970//970 973//973 82//82
f 48//48 969//969 970//970
f 970//970 969//969 973//973
f 644//644 2368//2368 2367//2367
f 2365//2365 643//643 2367//2367
f 643//643 2363//2363 2367//2367
f 2363//2363 2366//2366 2367//2367
f 980//980 973//973 83//83
f 643//643 641//641 2363//2363
f 1045//1045 974//974 1044//1044
f 885//885 974//974 975//975
f 885//885 975//975 84//84
f 641//641 2364//2364 642//642
f 2364//2364 2367//2367 642//642
f 2367//2367 2368//2368 2465//2465
f 2367//2367 2465//2465 642//642
f 641//641 643//643 2364//2364
f 2364//2364 2365//2365 2367//2367
f 643//643 2365//2365 2364//2364
f 976//976 977//977 79//79
f 50//50 977//977 976//976
f 974//974 1054//1054 975//975
f 641//641 636//636 2363//2363
f 2452//2452 2454//2454 2471//2471
f 2454//2454 2452//2452 2355//2355
f 642//642 2464//2464 2454//2454
f 77//77 81//81 890//890
f 890//890 81//81 979//979
f 897//897 895//895 978//978
f 978//978 895//895 80//80
f 978//978 80//80 979//979
f 80//80 895//895 890//890
f 80//80 890//890 979//979
f 2353//2353 641//641 2362//2362
f 2362//2362 641//641 642//642
f 2351//2351 641//641 2353//2353
f 2352//2352 641//641 2351//2351
f 2352//2352 636//636 641//641
f 981//981 82//82 971//971
f 981//981 971//971 973//973
f 897//897 978//978 984//984
f 979//979 984//984 978//978
f 111//111 81//81 1052//1052
f 1052//1052 81//81 77//77
f 81//81 984//984 979//979
f 114//114 973//973 987//987
f 981//981 973//973 114//114
f 973//973 980//980 987//987
f 980//980 83//83 987//987
f 83//83 86//86 987//987
f 82//82 981//981 1139//1139
f 981//981 114//114 1139//1139
f 84//84 1062//1062 1065//1065
f 975//975 1062//1062 84//84
f 52//52 84//84 990//990
f 52//52 990//990 83//83
f 2359//2359 640//640 594//594
f 2454//2454 2353//2353 642//642
f 2454//2454 637//637 2353//2353
f 642//642 2353//2353 2362//2362
f 1062//1062 975//975 1054//1054
f 84//84 1065//1065 990//990
f 897//897 985//985 55//55
f 55//55 989//989 901//901
f 988//988 982//982 53//53
f 53//53 898//898 988//988
f 79//79 977//977 982//982
f 79//79 982//982 983//983
f 2355//2355 2453//2453 2344//2344
f 2344//2344 2229//2229 2355//2355
f 2453//2453 2355//2355 2452//2452
f 637//637 2454//2454 2355//2355
f 2350//2350 636//636 2353//2353
f 2349//2349 2361//2361 636//636
f 2349//2349 636//636 2350//2350
f 2359//2359 2349//2349 631//631
f 2349//2349 2350//2350 632//632
f 897//897 984//984 985//985
f 1065//1065 1074//1074 990//990
f 1082//1082 1148//1148 990//990
f 83//83 990//990 86//86
f 990//990 1148//1148 86//86
f 985//985 1149//1149 55//55
f 985//985 984//984 986//986
f 2353//2353 636//636 2352//2352
f 2353//2353 2352//2352 2351//2351
f 2358//2358 2359//2359 631//631
f 2451//2451 2347//2347 634//634
f 2451//2451 634//634 635//635
f 87//87 898//898 844//844
f 988//988 898//898 1070//1070
f 2347//2347 2451//2451 2346//2346
f 55//55 85//85 989//989
f 898//898 87//87 1070//1070
f 631//631 635//635 2358//2358
f 2358//2358 635//635 2359//2359
f 2359//2359 2347//2347 640//640
f 635//635 2347//2347 2359//2359
f 2347//2347 635//635 634//634
f 2348//2348 639//639 640//640
f 2348//2348 640//640 2347//2347
f 2346//2346 639//639 2348//2348
f 2346//2346 2348//2348 2347//2347
f 639//639 2346//2346 638//638
f 630//630 638//638 2346//2346
f 991//991 992//992 87//87
f 87//87 56//56 991//991
f 2355//2355 2353//2353 637//637
f 2354//2354 2353//2353 2355//2355
f 633//633 2350//2350 2353//2353
f 633//633 2353//2353 589//589
f 56//56 992//992 991//991
f 124//124 992//992 1093//1093
f 992//992 124//124 120//120
f 992//992 120//120 87//87
f 1093//1093 992//992 88//88
f 88//88 992//992 56//56
f 709//709 2345//2345 592//592
f 88//88 912//912 993//993
f 56//56 912//912 88//88
f 88//88 1095//1095 1093//1093
f 632//632 2350//2350 587//587
f 628//628 631//631 2349//2349
f 628//628 2349//2349 632//632
f 587//587 628//628 632//632
f 627//627 628//628 587//587
f 2447//2447 628//628 2343//2343
f 2447//2447 631//631 628//628
f 635//635 2449//2449 2451//2451
f 2451//2451 2342//2342 2346//2346
f 2447//2447 2449//2449 631//631
f 2449//2449 635//635 631//631
f 88//88 993//993 994//994
f 994//994 993//993 996//996
f 2341//2341 2346//2346 2342//2342
f 2341//2341 2342//2342 2451//2451
f 2341//2341 630//630 2346//2346
f 908//908 995//995 996//996
f 995//995 997//997 996//996
f 907//907 911//911 908//908
f 911//911 995//995 908//908
f 995//995 998//998 997//997
f 996//996 997//997 998//998
f 996//996 998//998 89//89
f 89//89 994//994 996//996
f 1003//1003 59//59 90//90
f 1000//1000 999//999 90//90
f 90//90 999//999 1005//1005
f 59//59 1000//1000 90//90
f 926//926 91//91 65//65
f 1003//1003 1001//1001 59//59
f 1001//1001 1004//1004 59//59
f 90//90 1005//1005 1003//1003
f 626//626 638//638 630//630
f 2336//2336 2340//2340 587//587
f 627//627 587//587 2340//2340
f 2340//2340 2343//2343 628//628
f 2450//2450 2343//2343 2340//2340
f 2340//2340 628//628 627//627
f 1007//1007 65//65 1006//1006
f 65//65 91//91 1002//1002
f 1004//1004 91//91 926//926
f 94//94 1001//1001 1003//1003
f 1004//1004 1001//1001 94//94
f 65//65 1007//1007 1011//1011
f 999//999 60//60 1005//1005
f 2341//2341 2448//2448 630//630
f 630//630 2448//2448 626//626
f 673//673 2448//2448 2341//2341
f 924//924 922//922 60//60
f 1013//1013 1014//1014 929//929
f 922//922 929//929 1014//1014
f 94//94 1003//1003 1009//1009
f 65//65 92//92 1006//1006
f 94//94 92//92 1004//1004
f 92//92 65//65 1002//1002
f 1004//1004 1002//1002 91//91
f 92//92 1002//1002 1004//1004
f 60//60 1015//1015 1017//1017
f 1017//1017 1005//1005 60//60
f 1005//1005 95//95 1010//1010
f 1005//1005 1010//1010 1003//1003
f 1009//1009 1003//1003 1010//1010
f 92//92 93//93 1006//1006
f 1007//1007 93//93 1011//1011
f 1006//1006 93//93 1007//1007
f 673//673 674//674 2448//2448
f 2448//2448 674//674 626//626
f 2445//2445 588//588 626//626
f 588//588 629//629 626//626
f 94//94 1009//1009 1010//1010
f 92//92 1008//1008 93//93
f 92//92 94//94 1008//1008
f 93//93 1008//1008 1012//1012
f 94//94 1012//1012 1008//1008
f 1012//1012 94//94 95//95
f 1010//1010 95//95 94//94
f 2445//2445 2339//2339 588//588
f 2340//2340 2335//2335 2450//2450
f 1012//1012 1011//1011 93//93
f 95//95 1005//1005 97//97
f 1005//1005 1017//1017 97//97
f 98//98 95//95 97//97
f 1012//1012 98//98 1097//1097
f 1012//1012 95//95 98//98
f 60//60 922//922 1014//1014
f 60//60 1014//1014 1015//1015
f 1013//1013 102//102 96//96
f 1013//1013 96//96 1015//1015
f 1013//1013 1015//1015 1014//1014
f 2333//2333 2446//2446 2447//2447
f 1024//1024 1018//1018 96//96
f 1017//1017 1018//1018 97//97
f 1017//1017 1016//1016 1018//1018
f 1015//1015 1016//1016 1017//1017
f 1015//1015 96//96 1016//1016
f 1016//1016 96//96 1018//1018
f 674//674 2443//2443 2444//2444
f 2438//2438 2445//2445 2444//2444
f 670//670 2444//2444 2443//2443
f 2438//2438 2444//2444 670//670
f 2445//2445 2438//2438 2339//2339
f 674//674 2445//2445 626//626
f 674//674 2444//2444 2445//2445
f 100//100 1012//1012 1019//1019
f 1012//1012 1097//1097 1019//1019
f 2340//2340 2336//2336 2334//2334
f 2450//2450 2335//2335 2447//2447
f 101//101 69//69 68//68
f 1012//1012 100//100 99//99
f 1025//1025 931//931 99//99
f 1012//1012 931//931 1011//1011
f 99//99 931//931 1012//1012
f 1025//1025 934//934 931//931
f 102//102 1021//1021 96//96
f 102//102 1020//1020 69//69
f 1013//1013 1020//1020 102//102
f 69//69 1020//1020 1013//1013
f 101//101 102//102 69//69
f 2340//2340 2334//2334 625//625
f 2335//2335 2340//2340 625//625
f 102//102 1028//1028 1098//1098
f 102//102 1098//1098 1022//1022
f 1098//1098 1018//1018 1022//1022
f 1022//1022 1024//1024 96//96
f 1018//1018 1024//1024 1022//1022
f 1021//1021 102//102 1022//1022
f 1021//1021 1022//1022 96//96
f 102//102 1023//1023 1028//1028
f 2441//2441 2339//2339 669//669
f 99//99 131//131 1025//1025
f 131//131 103//103 1025//1025
f 1098//1098 97//97 1018//1018
f 2447//2447 2335//2335 625//625
f 2447//2447 625//625 2331//2331
f 2447//2447 623//623 2333//2333
f 2333//2333 623//623 2446//2446
f 2328//2328 2446//2446 623//623
f 623//623 2447//2447 2331//2331
f 625//625 624//624 2331//2331
f 623//623 2331//2331 2328//2328
f 2331//2331 624//624 2328//2328
f 936//936 1025//1025 103//103
f 669//669 2339//2339 2438//2438
f 1026//1026 102//102 101//101
f 1026//1026 101//101 68//68
f 103//103 1030//1030 936//936
f 99//99 132//132 1100//1100
f 131//131 99//99 1100//1100
f 624//624 622//622 2328//2328
f 2328//2328 2330//2330 2446//2446
f 2209//2209 2330//2330 2328//2328
f 671//671 2446//2446 2439//2439
f 2446//2446 2330//2330 2439//2439
f 1023//1023 102//102 1027//1027
f 102//102 104//104 1027//1027
f 1028//1028 1027//1027 104//104
f 1023//1023 1027//1027 1028//1028
f 102//102 1026//1026 104//104
f 2441//2441 2428//2428 619//619
f 2327//2327 621//621 2439//2439
f 133//133 1030//1030 103//103
f 70//70 938//938 1030//1030
f 938//938 936//936 1030//1030
f 2326//2326 2316//2316 2325//2325
f 1123//1123 104//104 1026//1026
f 131//131 1104//1104 103//103
f 103//103 1104//1104 133//133
f 1030//1030 1029//1029 70//70
f 133//133 1029//1029 1030//1030
f 2322//2322 2321//2321 2439//2439
f 2441//2441 619//619 586//586
f 586//586 619//619 2326//2326
f 2326//2326 619//619 2316//2316
f 133//133 1032//1032 1029//1029
f 2330//2330 2209//2209 584//584
f 620//620 2330//2330 584//584
f 620//620 2439//2439 2330//2330
f 2322//2322 2439//2439 620//620
f 2320//2320 2321//2321 2319//2319
f 951//951 1038//1038 1035//1035
f 76//76 950//950 1034//1034
f 1034//1034 950//950 74//74
f 950//950 959//959 74//74
f 1111//1111 1112//1112 1034//1034
f 1034//1034 1112//1112 76//76
f 1038//1038 76//76 1112//1112
f 620//620 2323//2323 2322//2322
f 2327//2327 2320//2320 621//621
f 2327//2327 2439//2439 2321//2321
f 2327//2327 2321//2321 2320//2320
f 618//618 668//668 2318//2318
f 961//961 1042//1042 1041//1041
f 1037//1037 1042//1042 961//961
f 1036//1036 1037//1037 1035//1035
f 1035//1035 1037//1037 961//961
f 1036//1036 1038//1038 1040//1040
f 1037//1037 1036//1036 1039//1039
f 1039//1039 1036//1036 1040//1040
f 1036//1036 1035//1035 1038//1038
f 2318//2318 2320//2320 2204//2204
f 621//621 2320//2320 2436//2436
f 2436//2436 2320//2320 2318//2318
f 668//668 621//621 2436//2436
f 668//668 2436//2436 2318//2318
f 618//618 2317//2317 668//668
f 1041//1041 1118//1118 964//964
f 1043//1043 1037//1037 1039//1039
f 1037//1037 1043//1043 1042//1042
f 1041//1041 1042//1042 1043//1043
f 1039//1039 1040//1040 1038//1038
f 619//619 2428//2428 2315//2315
f 2316//2316 619//619 2315//2315
f 1033//1033 1044//1044 105//105
f 107//107 1045//1045 1044//1044
f 583//583 2318//2318 2204//2204
f 618//618 579//579 617//617
f 2318//2318 581//581 618//618
f 1109//1109 108//108 1044//1044
f 1044//1044 1046//1046 107//107
f 108//108 1046//1046 1044//1044
f 1045//1045 107//107 108//108
f 107//107 1046//1046 108//108
f 1109//1109 1044//1044 1033//1033
f 1047//1047 967//967 1049//1049
f 135//135 108//108 1109//1109
f 108//108 1126//1126 1127//1127
f 2324//2324 2325//2325 2316//2316
f 2324//2324 2316//2316 2314//2314
f 2316//2316 2315//2315 2314//2314
f 2427//2427 2317//2317 618//618
f 668//668 2317//2317 2427//2427
f 2312//2312 2315//2315 666//666
f 110//110 1049//1049 109//109
f 1034//1034 1049//1049 110//110
f 136//136 1034//1034 110//110
f 967//967 1057//1057 1049//1049
f 1034//1034 74//74 1049//1049
f 1049//1049 74//74 1047//1047
f 1057//1057 967//967 1048//1048
f 2425//2425 2427//2427 2310//2310
f 2427//2427 618//618 2310//2310
f 2424//2424 2425//2425 2310//2310
f 617//617 2310//2310 618//618
f 2417//2417 2312//2312 666//666
f 2315//2315 2312//2312 2314//2314
f 2313//2313 2314//2314 2312//2312
f 2313//2313 2312//2312 2417//2417
f 109//109 1049//1049 1057//1057
f 1113//1113 1034//1034 136//136
f 1034//1034 1113//1113 1111//1111
f 2314//2314 2313//2313 2194//2194
f 2417//2417 2182//2182 2313//2313
f 2308//2308 2311//2311 2302//2302
f 2313//2313 2182//2182 580//580
f 2424//2424 2310//2310 2302//2302
f 2310//2310 617//617 2311//2311
f 2308//2308 2310//2310 2309//2309
f 2302//2302 2310//2310 2308//2308
f 2310//2310 2311//2311 2309//2309
f 2309//2309 2311//2311 2308//2308
f 2302//2302 2311//2311 2307//2307
f 2311//2311 2306//2306 2307//2307
f 1051//1051 77//77 1050//1050
f 1118//1118 1120//1120 1050//1050
f 1118//1118 1041//1041 1043//1043
f 2311//2311 617//617 579//579
f 137//137 111//111 1050//1050
f 77//77 111//111 1052//1052
f 1050//1050 111//111 1051//1051
f 1051//1051 111//111 77//77
f 48//48 82//82 1060//1060
f 1053//1053 78//78 972//972
f 1060//1060 972//972 48//48
f 1053//1053 972//972 1060//1060
f 1123//1123 1026//1026 1053//1053
f 2417//2417 2304//2304 2182//2182
f 2417//2417 616//616 2304//2304
f 616//616 2182//2182 2304//2304
f 2417//2417 2303//2303 616//616
f 2423//2423 2302//2302 615//615
f 2306//2306 2302//2302 2307//2307
f 2179//2179 2299//2299 2306//2306
f 2423//2423 615//615 2415//2415
f 1123//1123 1053//1053 1060//1060
f 113//113 1060//1060 82//82
f 1123//1123 1060//1060 113//113
f 2301//2301 615//615 2302//2302
f 2299//2299 2302//2302 2306//2306
f 2301//2301 2302//2302 2299//2299
f 2415//2415 2301//2301 2299//2299
f 615//615 2301//2301 2415//2415
f 1055//1055 108//108 1127//1127
f 108//108 1054//1054 1045//1045
f 1045//1045 1054//1054 974//974
f 113//113 1125//1125 1123//1123
f 2418//2418 2416//2416 2417//2417
f 2416//2416 2303//2303 2417//2417
f 2182//2182 616//616 568//568
f 108//108 1055//1055 1054//1054
f 1061//1061 1054//1054 1055//1055
f 1061//1061 1062//1062 1054//1054
f 1056//1056 109//109 1057//1057
f 1048//1048 1056//1056 1057//1057
f 967//967 1056//1056 1048//1048
f 1056//1056 967//967 79//79
f 1056//1056 79//79 1133//1133
f 79//79 983//983 1133//1133
f 81//81 111//111 1129//1129
f 1058//1058 112//112 984//984
f 81//81 112//112 1058//1058
f 1058//1058 984//984 81//81
f 1056//1056 142//142 109//109
f 614//614 2418//2418 2410//2410
f 614//614 2410//2410 2412//2412
f 2410//2410 660//660 2412//2412
f 611//611 2411//2411 2412//2412
f 2411//2411 614//614 2412//2412
f 613//613 2303//2303 2416//2416
f 613//613 2416//2416 2418//2418
f 2418//2418 614//614 613//613
f 614//614 2411//2411 613//613
f 113//113 82//82 1139//1139
f 1059//1059 1064//1064 112//112
f 112//112 81//81 1059//1059
f 81//81 1129//1129 1059//1059
f 611//611 2286//2286 2411//2411
f 2286//2286 613//613 2411//2411
f 2286//2286 2167//2167 613//613
f 2303//2303 613//613 616//616
f 613//613 2295//2295 568//568
f 613//613 568//568 616//616
f 613//613 2167//2167 2295//2295
f 2300//2300 2403//2403 2299//2299
f 2297//2297 2403//2403 2300//2300
f 2297//2297 2300//2300 2299//2299
f 2403//2403 2294//2294 2409//2409
f 2403//2403 2297//2297 2294//2294
f 1055//1055 1131//1131 115//115
f 1055//1055 115//115 1061//1061
f 1061//1061 115//115 1062//1062
f 142//142 1056//1056 1133//1133
f 1133//1133 1063//1063 142//142
f 1063//1063 983//983 982//982
f 1133//1133 983//983 1063//1063
f 656//656 2401//2401 657//657
f 2401//2401 656//656 2292//2292
f 2403//2403 2409//2409 2291//2291
f 2403//2403 2291//2291 656//656
f 2291//2291 612//612 656//656
f 2294//2294 2291//2291 2409//2409
f 114//114 117//117 1139//1139
f 1149//1149 985//985 1064//1064
f 984//984 112//112 1064//1064
f 986//986 1064//1064 985//985
f 984//984 1064//1064 986//986
f 2403//2403 656//656 2408//2408
f 570//570 2288//2288 2294//2294
f 2292//2292 656//656 612//612
f 612//612 2290//2290 2292//2292
f 117//117 114//114 987//987
f 115//115 1084//1084 1067//1067
f 1062//1062 115//115 1067//1067
f 1062//1062 1067//1067 1066//1066
f 1066//1066 1067//1067 1074//1074
f 1066//1066 1065//1065 1062//1062
f 1074//1074 1065//1065 1066//1066
f 2290//2290 612//612 2291//2291
f 2290//2290 2291//2291 2288//2288
f 2288//2288 2291//2291 2289//2289
f 2289//2289 2291//2291 2294//2294
f 604//604 2290//2290 2288//2288
f 604//604 2288//2288 605//605
f 611//611 654//654 653//653
f 1070//1070 1071//1071 1063//1063
f 1063//1063 982//982 988//988
f 1063//1063 988//988 1070//1070
f 1142//1142 1069//1069 116//116
f 1069//1069 142//142 1071//1071
f 142//142 1063//1063 1071//1071
f 1071//1071 1070//1070 1069//1069
f 2294//2294 2288//2288 2289//2289
f 2279//2279 2276//2276 2282//2282
f 116//116 1069//1069 1080//1080
f 1069//1069 1079//1079 1080//1080
f 1069//1069 1072//1072 1079//1079
f 87//87 1072//1072 1070//1070
f 1072//1072 1069//1069 1070//1070
f 1142//1142 116//116 1144//1144
f 2167//2167 609//609 2277//2277
f 610//610 2279//2279 600//600
f 2167//2167 2286//2286 2281//2281
f 2283//2283 600//600 2279//2279
f 2282//2282 2281//2281 2286//2286
f 2281//2281 2282//2282 2276//2276
f 1073//1073 987//987 86//86
f 144//144 1149//1149 1064//1064
f 609//609 2281//2281 2278//2278
f 2281//2281 2276//2276 2278//2278
f 610//610 2276//2276 2279//2279
f 604//604 2273//2273 2290//2290
f 2276//2276 610//610 2275//2275
f 118//118 987//987 1073//1073
f 1148//1148 1073//1073 86//86
f 118//118 1073//1073 1148//1148
f 2167//2167 2281//2281 609//609
f 609//609 2278//2278 608//608
f 2278//2278 2276//2276 608//608
f 2276//2276 2275//2275 608//608
f 609//609 608//608 606//606
f 1068//1068 1084//1084 115//115
f 1074//1074 1067//1067 1076//1076
f 1067//1067 1084//1084 1076//1076
f 1140//1140 1085//1085 1068//1068
f 2270//2270 607//607 609//609
f 607//607 2277//2277 609//609
f 606//606 607//607 2270//2270
f 2269//2269 2270//2270 609//609
f 606//606 2270//2270 2269//2269
f 609//609 606//606 2269//2269
f 1079//1079 119//119 1080//1080
f 119//119 87//87 120//120
f 87//87 119//119 1072//1072
f 1072//1072 119//119 1079//1079
f 1140//1140 1146//1146 1085//1085
f 119//119 145//145 1077//1077
f 119//119 1077//1077 1080//1080
f 1077//1077 116//116 1080//1080
f 145//145 119//119 1078//1078
f 2268//2268 606//606 608//608
f 2273//2273 606//606 2268//2268
f 608//608 2273//2273 2268//2268
f 2393//2393 653//653 654//654
f 652//652 653//653 2393//2393
f 652//652 2284//2284 653//653
f 1081//1081 85//85 55//55
f 1081//1081 55//55 1089//1089
f 904//904 1089//1089 146//146
f 85//85 1081//1081 904//904
f 1081//1081 1089//1089 904//904
f 1074//1074 1083//1083 990//990
f 990//990 122//122 1082//1082
f 118//118 1148//1148 121//121
f 122//122 121//121 1082//1082
f 1148//1148 1082//1082 121//121
f 1149//1149 1089//1089 55//55
f 2273//2273 604//604 605//605
f 2273//2273 605//605 606//606
f 122//122 1083//1083 123//123
f 990//990 1083//1083 122//122
f 1075//1075 123//123 1083//1083
f 1074//1074 1076//1076 1083//1083
f 1076//1076 1075//1075 1083//1083
f 1084//1084 1086//1086 123//123
f 1084//1084 123//123 1075//1075
f 1075//1075 1076//1076 1084//1084
f 653//653 2265//2265 2266//2266
f 2266//2266 2265//2265 2279//2279
f 2267//2267 2265//2265 653//653
f 2279//2279 2265//2265 2283//2283
f 2265//2265 2267//2267 2283//2283
f 2292//2292 2390//2390 2402//2402
f 2292//2292 2402//2402 2401//2401
f 2292//2292 2388//2388 2390//2390
f 2262//2262 2388//2388 2292//2292
f 123//123 1086//1086 1091//1091
f 122//122 123//123 1091//1091
f 1087//1087 124//124 1086//1086
f 1086//1086 1084//1084 1087//1087
f 145//145 1078//1078 1085//1085
f 1068//1068 1085//1085 1084//1084
f 1085//1085 124//124 1087//1087
f 1085//1085 1087//1087 1084//1084
f 653//653 2283//2283 2267//2267
f 2284//2284 2283//2283 653//653
f 653//653 2286//2286 611//611
f 2282//2282 2286//2286 653//653
f 2279//2279 2282//2282 2266//2266
f 2266//2266 2282//2282 653//653
f 2292//2292 2290//2290 2264//2264
f 2262//2262 2292//2292 2264//2264
f 2262//2262 2264//2264 2263//2263
f 603//603 2262//2262 2263//2263
f 2264//2264 2290//2290 2263//2263
f 1078//1078 124//124 1085//1085
f 1078//1078 119//119 1088//1088
f 119//119 120//120 1088//1088
f 1078//1078 1088//1088 124//124
f 652//652 655//655 2285//2285
f 2262//2262 602//602 645//645
f 647//647 645//645 2381//2381
f 904//904 146//146 182//182
f 1088//1088 120//120 124//124
f 124//124 1093//1093 1086//1086
f 2389//2389 2388//2388 2262//2262
f 122//122 1091//1091 1153//1153
f 1153//1153 1091//1091 125//125
f 1090//1090 122//122 1153//1153
f 147//147 1090//1090 1153//1153
f 122//122 1090//1090 147//147
f 2381//2381 645//645 602//602
f 126//126 1091//1091 1086//1086
f 148//148 1154//1154 126//126
f 148//148 147//147 1153//1153
f 1154//1154 1153//1153 126//126
f 148//148 1153//1153 1154//1154
f 1153//1153 125//125 126//126
f 126//126 125//125 1091//1091
f 1093//1093 127//127 1086//1086
f 1092//1092 1086//1086 127//127
f 1086//1086 1092//1092 126//126
f 2261//2261 2379//2379 2381//2381
f 646//646 2381//2381 2379//2379
f 2379//2379 2380//2380 646//646
f 2285//2285 2380//2380 2379//2379
f 2283//2283 2285//2285 600//600
f 2379//2379 600//600 2285//2285
f 601//601 600//600 2379//2379
f 128//128 994//994 151//151
f 994//994 1095//1095 88//88
f 128//128 1095//1095 994//994
f 127//127 128//128 1222//1222
f 1155//1155 911//911 1094//1094
f 182//182 1094//1094 904//904
f 1155//1155 1094//1094 182//182
f 128//128 127//127 1095//1095
f 127//127 1093//1093 1095//1095
f 1096//1096 1165//1165 89//89
f 2261//2261 2381//2381 601//601
f 601//601 2379//2379 2261//2261
f 600//600 601//601 2260//2260
f 602//602 2262//2262 2256//2256
f 2260//2260 601//601 2259//2259
f 2381//2381 602//602 2256//2256
f 2280//2280 600//600 2260//2260
f 601//601 2256//2256 2259//2259
f 89//89 998//998 1096//1096
f 1096//1096 998//998 1165//1165
f 998//998 129//129 1165//1165
f 1165//1165 151//151 89//89
f 89//89 151//151 994//994
f 998//998 189//189 1319//1319
f 995//995 189//189 998//998
f 601//601 2381//2381 2256//2256
f 2280//2280 610//610 600//600
f 2262//2262 2258//2258 2256//2256
f 603//603 2258//2258 2262//2262
f 97//97 1098//1098 100//100
f 1028//1028 1102//1102 1098//1098
f 1097//1097 97//97 1019//1019
f 98//98 97//97 1097//1097
f 130//130 1166//1166 998//998
f 998//998 1166//1166 129//129
f 998//998 1319//1319 130//130
f 104//104 1102//1102 1028//1028
f 1019//1019 97//97 100//100
f 132//132 99//99 1099//1099
f 100//100 1099//1099 99//99
f 2271//2271 2257//2257 2256//2256
f 2256//2256 2274//2274 2273//2273
f 152//152 131//131 1100//1100
f 152//152 1100//1100 132//132
f 1098//1098 1102//1102 100//100
f 100//100 1102//1102 1168//1168
f 1103//1103 1188//1188 1102//1102
f 1101//1101 1102//1102 104//104
f 1103//1103 1102//1102 1101//1101
f 131//131 152//152 1105//1105
f 152//152 132//132 1099//1099
f 2290//2290 603//603 2263//2263
f 2255//2255 2257//2257 2259//2259
f 2257//2257 2280//2280 2260//2260
f 2257//2257 2260//2260 2259//2259
f 2255//2255 2259//2259 2256//2256
f 2255//2255 2256//2256 2257//2257
f 603//603 2290//2290 2273//2273
f 603//603 2273//2273 2258//2258
f 2257//2257 2271//2271 2280//2280
f 2271//2271 610//610 2280//2280
f 153//153 133//133 1169//1169
f 134//134 133//133 153//153
f 134//134 106//106 105//105
f 1106//1106 105//105 1032//1032
f 134//134 105//105 1106//1106
f 134//134 1106//1106 133//133
f 1106//1106 1032//1032 133//133
f 152//152 153//153 1169//1169
f 162//162 1103//1103 104//104
f 104//104 1103//1103 1101//1101
f 1169//1169 1105//1105 152//152
f 133//133 1104//1104 1105//1105
f 1105//1105 1104//1104 131//131
f 133//133 1105//1105 1169//1169
f 608//608 2272//2272 2273//2273
f 2272//2272 2256//2256 2273//2273
f 2271//2271 2256//2256 2272//2272
f 608//608 2275//2275 2272//2272
f 2272//2272 610//610 2271//2271
f 2275//2275 610//610 2272//2272
f 2283//2283 2284//2284 2285//2285
f 2285//2285 2284//2284 652//652
f 2574//2574 726//726 2575//2575
f 565//565 2575//2575 2378//2378
f 2574//2574 2575//2575 565//565
f 2378//2378 599//599 2377//2377
f 2377//2377 565//565 2378//2378
f 2377//2377 599//599 565//565
f 2376//2376 2098//2098 599//599
f 162//162 104//104 1125//1125
f 1039//1039 1038//1038 1112//1112
f 134//134 1173//1173 106//106
f 2256//2256 2258//2258 2274//2274
f 2274//2274 2258//2258 2273//2273
f 2456//2456 2251//2251 675//675
f 2375//2375 2098//2098 2376//2376
f 2098//2098 2375//2375 2374//2374
f 105//105 106//106 1107//1107
f 1109//1109 1033//1033 1110//1110
f 1033//1033 105//105 1110//1110
f 1110//1110 105//105 1107//1107
f 1126//1126 108//108 135//135
f 675//675 2251//2251 598//598
f 675//675 598//598 2373//2373
f 2456//2456 2371//2371 2251//2251
f 1107//1107 135//135 1110//1110
f 1110//1110 135//135 1109//1109
f 1108//1108 1107//1107 106//106
f 2372//2372 2374//2374 2373//2373
f 598//598 2372//2372 2373//2373
f 2370//2370 597//597 2249//2249
f 2370//2370 2249//2249 562//562
f 1115//1115 1039//1039 1112//1112
f 1112//1112 1111//1111 1113//1113
f 1115//1115 1116//1116 1039//1039
f 1114//1114 1116//1116 1043//1043
f 1039//1039 1114//1114 1043//1043
f 1116//1116 1114//1114 1039//1039
f 1113//1113 140//140 1115//1115
f 1112//1112 1113//1113 1115//1115
f 562//562 678//678 2370//2370
f 678//678 562//562 2371//2371
f 2249//2249 2247//2247 2248//2248
f 1043//1043 158//158 1118//1118
f 1116//1116 1177//1177 1119//1119
f 1115//1115 140//140 1117//1117
f 1117//1117 1116//1116 1115//1115
f 2249//2249 596//596 2246//2246
f 2244//2244 2247//2247 2366//2366
f 1119//1119 158//158 1043//1043
f 1119//1119 1043//1043 1116//1116
f 2249//2249 2250//2250 562//562
f 596//596 2249//2249 597//597
f 1182//1182 137//137 1121//1121
f 137//137 1050//1050 1121//1121
f 1179//1179 1118//1118 158//158
f 1118//1118 1179//1179 1182//1182
f 1120//1120 1182//1182 1050//1050
f 1118//1118 1182//1182 1120//1120
f 1050//1050 1182//1182 1121//1121
f 2366//2366 596//596 644//644
f 2366//2366 644//644 2367//2367
f 2366//2366 2249//2249 2246//2246
f 2246//2246 596//596 2366//2366
f 2249//2249 2366//2366 2247//2247
f 2243//2243 2157//2157 2244//2244
f 2245//2245 2366//2366 2363//2363
f 1122//1122 1129//1129 111//111
f 138//138 1129//1129 1122//1122
f 138//138 1122//1122 137//137
f 1122//1122 111//111 137//137
f 138//138 137//137 1184//1184
f 1183//1183 137//137 1182//1182
f 595//595 2245//2245 2363//2363
f 2242//2242 595//595 2363//2363
f 2245//2245 595//595 2366//2366
f 2244//2244 2366//2366 595//595
f 595//595 2243//2243 2244//2244
f 113//113 141//141 1125//1125
f 104//104 1124//1124 1125//1125
f 1124//1124 104//104 1123//1123
f 1124//1124 1123//1123 1125//1125
f 1129//1129 138//138 161//161
f 166//166 1055//1055 1127//1127
f 2240//2240 2242//2242 2363//2363
f 166//166 1126//1126 1284//1284
f 2241//2241 2240//2240 2363//2363
f 2240//2240 2241//2241 2242//2242
f 2361//2361 2363//2363 636//636
f 2241//2241 2363//2363 2361//2361
f 2361//2361 2360//2360 2241//2241
f 1128//1128 1055//1055 166//166
f 1055//1055 1128//1128 1131//1131
f 166//166 1127//1127 1126//1126
f 2234//2234 2241//2241 2360//2360
f 2238//2238 2242//2242 2241//2241
f 2238//2238 2241//2241 2234//2234
f 2234//2234 594//594 2236//2236
f 2235//2235 638//638 2234//2234
f 638//638 2152//2152 2234//2234
f 2235//2235 594//594 640//640
f 2357//2357 2235//2235 640//640
f 2235//2235 2236//2236 594//594
f 2360//2360 2361//2361 2349//2349
f 2360//2360 2349//2349 2359//2359
f 2360//2360 2359//2359 594//594
f 2360//2360 594//594 2234//2234
f 136//136 110//110 139//139
f 2234//2234 2236//2236 2235//2235
f 638//638 640//640 639//639
f 638//638 2235//2235 2357//2357
f 638//638 2357//2357 640//640
f 2152//2152 638//638 2233//2233
f 139//139 1202//1202 136//136
f 1202//1202 169//169 140//140
f 136//136 1202//1202 1113//1113
f 1113//1113 1202//1202 140//140
f 591//591 592//592 561//561
f 561//561 2149//2149 591//591
f 522//522 591//591 2230//2230
f 2230//2230 591//591 2149//2149
f 591//591 522//522 2356//2356
f 638//638 626//626 2233//2233
f 593//593 2152//2152 2233//2233
f 593//593 524//524 2152//2152
f 170//170 1059//1059 1130//1130
f 2356//2356 2229//2229 2344//2344
f 2354//2354 2355//2355 590//590
f 590//590 2355//2355 2229//2229
f 589//589 2353//2353 2354//2354
f 1130//1130 1129//1129 161//161
f 1130//1130 1059//1059 1129//1129
f 2228//2228 590//590 560//560
f 633//633 589//589 2350//2350
f 172//172 1206//1206 113//113
f 113//113 1139//1139 172//172
f 1206//1206 141//141 113//113
f 170//170 144//144 1059//1059
f 590//590 2229//2229 560//560
f 2227//2227 589//589 2228//2228
f 626//626 629//629 2233//2233
f 2233//2233 629//629 593//593
f 1131//1131 1128//1128 166//166
f 2354//2354 590//590 589//589
f 590//590 2228//2228 589//589
f 109//109 142//142 110//110
f 1142//1142 1143//1143 1138//1138
f 1135//1135 142//142 1138//1138
f 1140//1140 1200//1200 1136//1136
f 1202//1202 1137//1137 1143//1143
f 1138//1138 1137//1137 1202//1202
f 1136//1136 1143//1143 1147//1147
f 1193//1193 1143//1143 1136//1136
f 1202//1202 1143//1143 1193//1193
f 1138//1138 1143//1143 1137//1137
f 110//110 142//142 1135//1135
f 139//139 1135//1135 1138//1138
f 110//110 1135//1135 139//139
f 523//523 588//588 586//586
f 2228//2228 560//560 2222//2222
f 2227//2227 587//587 2350//2350
f 2227//2227 2350//2350 589//589
f 2227//2227 2228//2228 2222//2222
f 2227//2227 2222//2222 587//587
f 629//629 2337//2337 2147//2147
f 588//588 2337//2337 629//629
f 588//588 2338//2338 2337//2337
f 1138//1138 1202//1202 139//139
f 171//171 1136//1136 143//143
f 171//171 1193//1193 1136//1136
f 1202//1202 1193//1193 171//171
f 144//144 1064//1064 1059//1059
f 2223//2223 2338//2338 588//588
f 2147//2147 2337//2337 2338//2338
f 2147//2147 2338//2338 2223//2223
f 625//625 2334//2334 2218//2218
f 2334//2334 2219//2219 2218//2218
f 1200//1200 1140//1140 1132//1132
f 1068//1068 1132//1132 1140//1140
f 115//115 1132//1132 1068//1068
f 1131//1131 1132//1132 115//115
f 1139//1139 1151//1151 172//172
f 173//173 144//144 175//175
f 175//175 144//144 1301//1301
f 144//144 170//170 1301//1301
f 586//586 588//588 2441//2441
f 2441//2441 588//588 2339//2339
f 145//145 1143//1143 1144//1144
f 145//145 1145//1145 1143//1143
f 1145//1145 1147//1147 1143//1143
f 1143//1143 1142//1142 1144//1144
f 1136//1136 1146//1146 1141//1141
f 1141//1141 1146//1146 1140//1140
f 1136//1136 1141//1141 1140//1140
f 586//586 2146//2146 523//523
f 2220//2220 2146//2146 586//586
f 2219//2219 587//587 2211//2211
f 2334//2334 2336//2336 2219//2219
f 2336//2336 587//587 2219//2219
f 586//586 2217//2217 585//585
f 2326//2326 2217//2217 586//586
f 2218//2218 2219//2219 2332//2332
f 2332//2332 625//625 2218//2218
f 1147//1147 1145//1145 1136//1136
f 1136//1136 1145//1145 1146//1146
f 1145//1145 145//145 1085//1085
f 1145//1145 1085//1085 1146//1146
f 145//145 1144//1144 1077//1077
f 1144//1144 116//116 1077//1077
f 622//622 625//625 2329//2329
f 625//625 622//622 624//624
f 1151//1151 1139//1139 117//117
f 585//585 2217//2217 2326//2326
f 117//117 118//118 1151//1151
f 117//117 987//987 118//118
f 2332//2332 2219//2219 2211//2211
f 2332//2332 2211//2211 2329//2329
f 625//625 2332//2332 2329//2329
f 584//584 2209//2209 515//515
f 2215//2215 2201//2201 2216//2216
f 2216//2216 2326//2326 2325//2325
f 2325//2325 2215//2215 2216//2216
f 2329//2329 2209//2209 622//622
f 2328//2328 622//622 2209//2209
f 1150//1150 122//122 147//147
f 121//121 122//122 1150//1150
f 1151//1151 118//118 1152//1152
f 118//118 121//121 1152//1152
f 2208//2208 551//551 2329//2329
f 515//515 2329//2329 551//551
f 2209//2209 2329//2329 515//515
f 620//620 584//584 2323//2323
f 148//148 126//126 1157//1157
f 1215//1215 1151//1151 147//147
f 1151//1151 1152//1152 147//147
f 1152//1152 121//121 147//147
f 147//147 1156//1156 1215//1215
f 121//121 1150//1150 147//147
f 1156//1156 147//147 148//148
f 1156//1156 148//148 1157//1157
f 584//584 515//515 550//550
f 2129//2129 2323//2323 584//584
f 2204//2204 2320//2320 2203//2203
f 2205//2205 2319//2319 2321//2321
f 2322//2322 2206//2206 2321//2321
f 2206//2206 2205//2205 2321//2321
f 2322//2322 2323//2323 2206//2206
f 2323//2323 2129//2129 2207//2207
f 2323//2323 2207//2207 2206//2206
f 583//583 2204//2204 2203//2203
f 1155//1155 995//995 911//911
f 1161//1161 1092//1092 127//127
f 126//126 1161//1161 1160//1160
f 1092//1092 1161//1161 126//126
f 1156//1156 150//150 185//185
f 150//150 1159//1159 1157//1157
f 150//150 1156//1156 1158//1158
f 1159//1159 1158//1158 1157//1157
f 150//150 1158//1158 1159//1159
f 1156//1156 1157//1157 1158//1158
f 1157//1157 126//126 150//150
f 126//126 149//149 150//150
f 1215//1215 1156//1156 185//185
f 1161//1161 1221//1221 1162//1162
f 1162//1162 150//150 149//149
f 1162//1162 149//149 1160//1160
f 1160//1160 1161//1161 1162//1162
f 126//126 1160//1160 149//149
f 1220//1220 150//150 1162//1162
f 2216//2216 2201//2201 2131//2131
f 2325//2325 2324//2324 2215//2215
f 2314//2314 2202//2202 2324//2324
f 582//582 2202//2202 2314//2314
f 1161//1161 127//127 1222//1222
f 128//128 151//151 1222//1222
f 2314//2314 2200//2200 582//582
f 1161//1161 1222//1222 1224//1224
f 1222//1222 151//151 1224//1224
f 995//995 1319//1319 189//189
f 1164//1164 151//151 1165//1165
f 1163//1163 151//151 1164//1164
f 188//188 1163//1163 1226//1226
f 1163//1163 1224//1224 151//151
f 2202//2202 2201//2201 2215//2215
f 2202//2202 2215//2215 2324//2324
f 2202//2202 582//582 2201//2201
f 2110//2110 2203//2203 540//540
f 130//130 1165//1165 1166//1166
f 1165//1165 129//129 1166//1166
f 130//130 190//190 1165//1165
f 190//190 1163//1163 1165//1165
f 1163//1163 1164//1164 1165//1165
f 1168//1168 1102//1102 1188//1188
f 152//152 1099//1099 1168//1168
f 1099//1099 100//100 1168//1168
f 582//582 2200//2200 2201//2201
f 2206//2206 543//543 2205//2205
f 2203//2203 2205//2205 543//543
f 2205//2205 2203//2203 2319//2319
f 2319//2319 2203//2203 2320//2320
f 1103//1103 164//164 1170//1170
f 162//162 164//164 1103//1103
f 1188//1188 1103//1103 1170//1170
f 153//153 1171//1171 134//134
f 1168//1168 1171//1171 152//152
f 152//152 1171//1171 153//153
f 1167//1167 1168//1168 1188//1188
f 1188//1188 1172//1172 1171//1171
f 1188//1188 1171//1171 1167//1167
f 1167//1167 1171//1171 1168//1168
f 1188//1188 1170//1170 154//154
f 581//581 2318//2318 2199//2199
f 2318//2318 583//583 2199//2199
f 2199//2199 583//583 2110//2110
f 583//583 2203//2203 2110//2110
f 581//581 2199//2199 618//618
f 2199//2199 538//538 618//618
f 2199//2199 2198//2198 538//538
f 1172//1172 1173//1173 1171//1171
f 1171//1171 1173//1173 134//134
f 154//154 1170//1170 1268//1268
f 154//154 1268//1268 1188//1188
f 1116//1116 1175//1175 1177//1177
f 155//155 1174//1174 106//106
f 1108//1108 155//155 1190//1190
f 1107//1107 1190//1190 135//135
f 1108//1108 1190//1190 1107//1107
f 155//155 1108//1108 1174//1174
f 1174//1174 1108//1108 106//106
f 1172//1172 155//155 1173//1173
f 155//155 106//106 1173//1173
f 159//159 158//158 1177//1177
f 158//158 1119//1119 1177//1177
f 1177//1177 1196//1196 156//156
f 156//156 157//157 1177//1177
f 1196//1196 1176//1176 140//140
f 1176//1176 1116//1116 1117//1117
f 1176//1176 1117//1117 140//140
f 1116//1116 1176//1176 1175//1175
f 1176//1176 1196//1196 1177//1177
f 1176//1176 1177//1177 1175//1175
f 2194//2194 2313//2313 2193//2193
f 157//157 1178//1178 1177//1177
f 1178//1178 159//159 1177//1177
f 2200//2200 2196//2196 2201//2201
f 2193//2193 2196//2196 2200//2200
f 2196//2196 2193//2193 2192//2192
f 1180//1180 1179//1179 158//158
f 159//159 1181//1181 158//158
f 2192//2192 2195//2195 2196//2196
f 160//160 1184//1184 1179//1179
f 1184//1184 1182//1182 1179//1179
f 1182//1182 1184//1184 1183//1183
f 1183//1183 1184//1184 137//137
f 1181//1181 160//160 1179//1179
f 1181//1181 1179//1179 1180//1180
f 1181//1181 1180//1180 158//158
f 2314//2314 2194//2194 2200//2200
f 2194//2194 2193//2193 2200//2200
f 618//618 538//538 579//579
f 1186//1186 161//161 138//138
f 1187//1187 1186//1186 1184//1184
f 1184//1184 1186//1186 1185//1185
f 1184//1184 1185//1185 138//138
f 1185//1185 1186//1186 138//138
f 1387//1387 1184//1184 160//160
f 163//163 1125//1125 1197//1197
f 162//162 1125//1125 163//163
f 2196//2196 2195//2195 2197//2197
f 2193//2193 2313//2313 580//580
f 579//579 538//538 2190//2190
f 579//579 2190//2190 2181//2181
f 164//164 163//163 1197//1197
f 162//162 163//163 164//164
f 155//155 1172//1172 212//212
f 155//155 165//165 1189//1189
f 2181//2181 2190//2190 2189//2189
f 1170//1170 164//164 1274//1274
f 1275//1275 164//164 1276//1276
f 1275//1275 1274//1274 164//164
f 1274//1274 1275//1275 1170//1170
f 2184//2184 2187//2187 2192//2192
f 2189//2189 2186//2186 2187//2187
f 2187//2187 2188//2188 2189//2189
f 2190//2190 538//538 2189//2189
f 155//155 1189//1189 1190//1190
f 1189//1189 165//165 1190//1190
f 2188//2188 2181//2181 2189//2189
f 2305//2305 2181//2181 2188//2188
f 135//135 1190//1190 1126//1126
f 1190//1190 1283//1283 1126//1126
f 1126//1126 1283//1283 1284//1284
f 165//165 167//167 1190//1190
f 1279//1279 167//167 165//165
f 578//578 2192//2192 2193//2193
f 578//578 2193//2193 580//580
f 1191//1191 1283//1283 1190//1190
f 167//167 1283//1283 1191//1191
f 167//167 1191//1191 1190//1190
f 578//578 580//580 574//574
f 2192//2192 578//578 573//573
f 2311//2311 579//579 2305//2305
f 579//579 2181//2181 2305//2305
f 2180//2180 2187//2187 577//577
f 2187//2187 2180//2180 2188//2188
f 1202//1202 143//143 1194//1194
f 1199//1199 168//168 1131//1131
f 1131//1131 166//166 1199//1199
f 1199//1199 166//166 168//168
f 168//168 166//166 1192//1192
f 1192//1192 166//166 1284//1284
f 1194//1194 1195//1195 1202//1202
f 1196//1196 169//169 1195//1195
f 169//169 1202//1202 1195//1195
f 140//140 169//169 1196//1196
f 2306//2306 2311//2311 2305//2305
f 2306//2306 2305//2305 2180//2180
f 2305//2305 2188//2188 2180//2180
f 1197//1197 1198//1198 164//164
f 1198//1198 1197//1197 1298//1298
f 1197//1197 1125//1125 141//141
f 1197//1197 141//141 1298//1298
f 576//576 577//577 2187//2187
f 2183//2183 576//576 2187//2187
f 2177//2177 576//576 2183//2183
f 1196//1196 1194//1194 1289//1289
f 1289//1289 1290//1290 1196//1196
f 1195//1195 1194//1194 1196//1196
f 2183//2183 2192//2192 573//573
f 2177//2177 575//575 576//576
f 164//164 1198//1198 1292//1292
f 2183//2183 2187//2187 2184//2184
f 2183//2183 2184//2184 2192//2192
f 575//575 2177//2177 2183//2183
f 574//574 580//580 2182//2182
f 216//216 1198//1198 1298//1298
f 2179//2179 577//577 576//576
f 2183//2183 573//573 2174//2174
f 2183//2183 2174//2174 2175//2175
f 574//574 2182//2182 568//568
f 574//574 568//568 578//578
f 168//168 1200//1200 1131//1131
f 1201//1201 1200//1200 168//168
f 1131//1131 1200//1200 1132//1132
f 1200//1200 143//143 1136//1136
f 1194//1194 143//143 1203//1203
f 1194//1194 1203//1203 1287//1287
f 1202//1202 171//171 143//143
f 1201//1201 168//168 215//215
f 143//143 1201//1201 1203//1203
f 1201//1201 1287//1287 1203//1203
f 1200//1200 1201//1201 143//143
f 573//573 578//578 2176//2176
f 2174//2174 573//573 2176//2176
f 2297//2297 2296//2296 2294//2294
f 2294//2294 2296//2296 2172//2172
f 141//141 1206//1206 1204//1204
f 1206//1206 1302//1302 1298//1298
f 141//141 1204//1204 1298//1298
f 1204//1204 1206//1206 1298//1298
f 1208//1208 1205//1205 172//172
f 1205//1205 1302//1302 1206//1206
f 1205//1205 1206//1206 172//172
f 1151//1151 1208//1208 172//172
f 1205//1205 1208//1208 1151//1151
f 577//577 2179//2179 2180//2180
f 2180//2180 2179//2179 2306//2306
f 2299//2299 2173//2173 2298//2298
f 2173//2173 2297//2297 2298//2298
f 2298//2298 2297//2297 2299//2299
f 2173//2173 575//575 572//572
f 1151//1151 1211//1211 1205//1205
f 1207//1207 144//144 173//173
f 1303//1303 1302//1302 1205//1205
f 1149//1149 173//173 174//174
f 173//173 1149//1149 1207//1207
f 1149//1149 144//144 1207//1207
f 178//178 1303//1303 1211//1211
f 1205//1205 1211//1211 1303//1303
f 1151//1151 178//178 1211//1211
f 2299//2299 2179//2179 2178//2178
f 2178//2178 2179//2179 576//576
f 2173//2173 572//572 2297//2297
f 2173//2173 2299//2299 2178//2178
f 2178//2178 576//576 575//575
f 2178//2178 575//575 2173//2173
f 2170//2170 2297//2297 572//572
f 220//220 176//176 1210//1210
f 175//175 220//220 1210//1210
f 175//175 1210//1210 1209//1209
f 1209//1209 176//176 174//174
f 1210//1210 176//176 1209//1209
f 174//174 175//175 1209//1209
f 173//173 175//175 174//174
f 1214//1214 178//178 1151//1151
f 177//177 176//176 1305//1305
f 176//176 222//222 1305//1305
f 2172//2172 2296//2296 2168//2168
f 2170//2170 2175//2175 2168//2168
f 2168//2168 2296//2296 2297//2297
f 2168//2168 2297//2297 2170//2170
f 2176//2176 2168//2168 2175//2175
f 146//146 1212//1212 184//184
f 1212//1212 176//176 179//179
f 174//174 176//176 1212//1212
f 146//146 184//184 182//182
f 1212//1212 146//146 1089//1089
f 1149//1149 1212//1212 1089//1089
f 174//174 1212//1212 1149//1149
f 568//568 2176//2176 578//578
f 2168//2168 2176//2176 2169//2169
f 571//571 2169//2169 2176//2176
f 2168//2168 2169//2169 571//571
f 571//571 2176//2176 568//568
f 567//567 571//571 568//568
f 176//176 177//177 1213//1213
f 179//179 176//176 1213//1213
f 1318//1318 184//184 1212//1212
f 179//179 1213//1213 1212//1212
f 1213//1213 1318//1318 1212//1212
f 180//180 181//181 1214//1214
f 1214//1214 181//181 178//178
f 180//180 1151//1151 1215//1215
f 1214//1214 1151//1151 180//180
f 2175//2175 2174//2174 2176//2176
f 2170//2170 572//572 575//575
f 2175//2175 575//575 2183//2183
f 2170//2170 575//575 2175//2175
f 569//569 2172//2172 2165//2165
f 2172//2172 2168//2168 2165//2165
f 567//567 2168//2168 571//571
f 2165//2165 2168//2168 567//567
f 569//569 567//567 568//568
f 180//180 226//226 181//181
f 180//180 1215//1215 1216//1216
f 1215//1215 185//185 1218//1218
f 1218//1218 185//185 150//150
f 184//184 183//183 182//182
f 182//182 183//183 187//187
f 2294//2294 2172//2172 2293//2293
f 2171//2171 2293//2293 2172//2172
f 2294//2294 2293//2293 2171//2171
f 570//570 2294//2294 2171//2171
f 569//569 2171//2171 2172//2172
f 570//570 2171//2171 569//569
f 2166//2166 569//569 568//568
f 226//226 1219//1219 1315//1315
f 180//180 1216//1216 226//226
f 1219//1219 1215//1215 1218//1218
f 1216//1216 1217//1217 226//226
f 1217//1217 1219//1219 226//226
f 1215//1215 1217//1217 1216//1216
f 1219//1219 1217//1217 1215//1215
f 570//570 569//569 566//566
f 566//566 569//569 2164//2164
f 2164//2164 569//569 607//607
f 1219//1219 1220//1220 186//186
f 1219//1219 1218//1218 1220//1220
f 1218//1218 150//150 1220//1220
f 1316//1316 1220//1220 1162//1162
f 1219//1219 186//186 1423//1423
f 186//186 1220//1220 1423//1423
f 1220//1220 1316//1316 1423//1423
f 569//569 2165//2165 567//567
f 569//569 2167//2167 2277//2277
f 568//568 2295//2295 2167//2167
f 2166//2166 2167//2167 569//569
f 568//568 2167//2167 2166//2166
f 2277//2277 607//607 569//569
f 2288//2288 570//570 566//566
f 2288//2288 566//566 2287//2287
f 605//605 2287//2287 566//566
f 2288//2288 2287//2287 605//605
f 2164//2164 605//605 566//566
f 607//607 606//606 2164//2164
f 606//606 605//605 2164//2164
f 2573//2573 2574//2574 2163//2163
f 2574//2574 565//565 2163//2163
f 565//565 599//599 2161//2161
f 2161//2161 2163//2163 565//565
f 1316//1316 1162//1162 1221//1221
f 599//599 2098//2098 2254//2254
f 1155//1155 187//187 183//183
f 187//187 1155//1155 182//182
f 1155//1155 1225//1225 995//995
f 188//188 1224//1224 1163//1163
f 1221//1221 1223//1223 1227//1227
f 1161//1161 1223//1223 1221//1221
f 1224//1224 1223//1223 1161//1161
f 1227//1227 1223//1223 1224//1224
f 599//599 2254//2254 2161//2161
f 2161//2161 2162//2162 2163//2163
f 2572//2572 2163//2163 2100//2100
f 2573//2573 2163//2163 2572//2572
f 598//598 2253//2253 2372//2372
f 529//529 2253//2253 598//598
f 2371//2371 2252//2252 2251//2251
f 2374//2374 2372//2372 2097//2097
f 529//529 564//564 2372//2372
f 2253//2253 529//529 2372//2372
f 190//190 1226//1226 1163//1163
f 188//188 1226//1226 1227//1227
f 188//188 1227//1227 1224//1224
f 2371//2371 562//562 2158//2158
f 1227//1227 1226//1226 190//190
f 1319//1319 995//995 1320//1320
f 995//995 1225//1225 1320//1320
f 1319//1319 1326//1326 130//130
f 229//229 1326//1326 1319//1319
f 563//563 2252//2252 2371//2371
f 563//563 2371//2371 2158//2158
f 2251//2251 2252//2252 563//563
f 197//197 1236//1236 1327//1327
f 1238//1238 1230//1230 191//191
f 1239//1239 1230//1230 1238//1238
f 193//193 191//191 1230//1230
f 1228//1228 1230//1230 1239//1239
f 1229//1229 1231//1231 1230//1230
f 197//197 1327//1327 1239//1239
f 230//230 1228//1228 1239//1239
f 1327//1327 230//230 1239//1239
f 1229//1229 1230//1230 1228//1228
f 2249//2249 2248//2248 2250//2250
f 2155//2155 2250//2250 2248//2248
f 1229//1229 1334//1334 1231//1231
f 1228//1228 1334//1334 1229//1229
f 1334//1334 1335//1335 1231//1231
f 1336//1336 1334//1334 1228//1228
f 234//234 1334//1334 1336//1336
f 1232//1232 193//193 1230//1230
f 1232//1232 1230//1230 1233//1233
f 1336//1336 1228//1228 234//234
f 234//234 1228//1228 230//230
f 2250//2250 2156//2156 2089//2089
f 2250//2250 2157//2157 2156//2156
f 191//191 192//192 199//199
f 1233//1233 1230//1230 1231//1231
f 193//193 1234//1234 192//192
f 192//192 191//191 193//193
f 2244//2244 2248//2248 2247//2247
f 2155//2155 2157//2157 2250//2250
f 2155//2155 2248//2248 2244//2244
f 2155//2155 2244//2244 2157//2157
f 194//194 1234//1234 1233//1233
f 1233//1233 1231//1231 1345//1345
f 1234//1234 199//199 192//192
f 1232//1232 1234//1234 193//193
f 1233//1233 1234//1234 1232//1232
f 1234//1234 194//194 1346//1346
f 195//195 1236//1236 1237//1237
f 197//197 1235//1235 1236//1236
f 1235//1235 1237//1237 1236//1236
f 1237//1237 1235//1235 197//197
f 1358//1358 195//195 1237//1237
f 1357//1357 195//195 1358//1358
f 198//198 1358//1358 197//197
f 1238//1238 198//198 1239//1239
f 1239//1239 198//198 197//197
f 191//191 198//198 196//196
f 1238//1238 191//191 196//196
f 1238//1238 196//196 198//198
f 2153//2153 2238//2238 2234//2234
f 2242//2242 2238//2238 2153//2153
f 2153//2153 2237//2237 2242//2242
f 2243//2243 595//595 2242//2242
f 2239//2239 2243//2243 2242//2242
f 2154//2154 2157//2157 2243//2243
f 2154//2154 2243//2243 526//526
f 2243//2243 2239//2239 526//526
f 526//526 2239//2239 2242//2242
f 197//197 1358//1358 1237//1237
f 199//199 200//200 1240//1240
f 191//191 1244//1244 198//198
f 1240//1240 200//200 1244//1244
f 199//199 1244//1244 191//191
f 1240//1240 1244//1244 199//199
f 2153//2153 526//526 2237//2237
f 2237//2237 526//526 2242//2242
f 2153//2153 2234//2234 2152//2152
f 1234//1234 1243//1243 1241//1241
f 199//199 1234//1234 1241//1241
f 1242//1242 1245//1245 199//199
f 199//199 1245//1245 200//200
f 2345//2345 709//709 2231//2231
f 2345//2345 2231//2231 2552//2552
f 2345//2345 2552//2552 1999//1999
f 592//592 2345//2345 1999//1999
f 592//592 1999//1999 561//561
f 1243//1243 1234//1234 1359//1359
f 1241//1241 1242//1242 199//199
f 1357//1357 1358//1358 242//242
f 1255//1255 1358//1358 198//198
f 1241//1241 1249//1249 1245//1245
f 1245//1245 1365//1365 1250//1250
f 1249//1249 1365//1365 1245//1245
f 1242//1242 1241//1241 1245//1245
f 1359//1359 1249//1249 1241//1241
f 1241//1241 1243//1243 1359//1359
f 1255//1255 198//198 1252//1252
f 200//200 1246//1246 1244//1244
f 198//198 1244//1244 1252//1252
f 1246//1246 1252//1252 1244//1244
f 1358//1358 1251//1251 242//242
f 2229//2229 522//522 2083//2083
f 629//629 2147//2147 593//593
f 593//593 2226//2226 2232//2232
f 2147//2147 2226//2226 593//593
f 2147//2147 2225//2225 2226//2226
f 2226//2226 2225//2225 2232//2232
f 2149//2149 522//522 2230//2230
f 2356//2356 522//522 2229//2229
f 200//200 1247//1247 1246//1246
f 560//560 2229//2229 2142//2142
f 1255//1255 1251//1251 1358//1358
f 1245//1245 1250//1250 1247//1247
f 1245//1245 1247//1247 1248//1248
f 1248//1248 1247//1247 200//200
f 200//200 1245//1245 1248//1248
f 2147//2147 2224//2224 2225//2225
f 1253//1253 1252//1252 1254//1254
f 1253//1253 1254//1254 1255//1255
f 1253//1253 1255//1255 1252//1252
f 1256//1256 1370//1370 242//242
f 242//242 1251//1251 1256//1256
f 1251//1251 1255//1255 1256//1256
f 523//523 2223//2223 588//588
f 2147//2147 2223//2223 523//523
f 587//587 2222//2222 560//560
f 1256//1256 201//201 1370//1370
f 1255//1255 1254//1254 1257//1257
f 1255//1255 1257//1257 201//201
f 201//201 1256//1256 1255//1255
f 585//585 2220//2220 586//586
f 585//585 2144//2144 2220//2220
f 2221//2221 2144//2144 585//585
f 2146//2146 2220//2220 523//523
f 1247//1247 1258//1258 1254//1254
f 1246//1246 1247//1247 1252//1252
f 1247//1247 1254//1254 1252//1252
f 2220//2220 2144//2144 521//521
f 201//201 1374//1374 1370//1370
f 201//201 202//202 1374//1374
f 202//202 201//201 203//203
f 1254//1254 203//203 1257//1257
f 1257//1257 203//203 201//201
f 1250//1250 1366//1366 1371//1371
f 2211//2211 587//587 560//560
f 560//560 2142//2142 555//555
f 202//202 203//203 204//204
f 204//204 203//203 1260//1260
f 1250//1250 1258//1258 1247//1247
f 521//521 2144//2144 2145//2145
f 2144//2144 559//559 2145//2145
f 1372//1372 1258//1258 1373//1373
f 1258//1258 1250//1250 1373//1373
f 1372//1372 1259//1259 1258//1258
f 203//203 1259//1259 1260//1260
f 1258//1258 1259//1259 203//203
f 1258//1258 203//203 1254//1254
f 1261//1261 1374//1374 202//202
f 202//202 204//204 1261//1261
f 1259//1259 1372//1372 1265//1265
f 1265//1265 1262//1262 1260//1260
f 1259//1259 1265//1265 1260//1260
f 1262//1262 1263//1263 1261//1261
f 1260//1260 1261//1261 204//204
f 1262//1262 1261//1261 1260//1260
f 1266//1266 250//250 1265//1265
f 1263//1263 250//250 206//206
f 1262//1262 1264//1264 1263//1263
f 1264//1264 250//250 1263//1263
f 1262//1262 1265//1265 1264//1264
f 1265//1265 250//250 1264//1264
f 1269//1269 156//156 1289//1289
f 1268//1268 1170//1170 1275//1275
f 1172//1172 1188//1188 1268//1268
f 1266//1266 1267//1267 250//250
f 1265//1265 205//205 1266//1266
f 2214//2214 2213//2213 2216//2216
f 2216//2216 585//585 2326//2326
f 157//157 156//156 1270//1270
f 1178//1178 207//207 159//159
f 1178//1178 157//157 207//207
f 1196//1196 1290//1290 156//156
f 1290//1290 1289//1289 156//156
f 2145//2145 2140//2140 557//557
f 157//157 1270//1270 207//207
f 1270//1270 209//209 208//208
f 1270//1270 208//208 207//207
f 208//208 1271//1271 159//159
f 156//156 1269//1269 1270//1270
f 207//207 208//208 159//159
f 209//209 1272//1272 208//208
f 209//209 1270//1270 1272//1272
f 1272//1272 1270//1270 210//210
f 585//585 559//559 2221//2221
f 2221//2221 559//559 2144//2144
f 2141//2141 559//559 585//585
f 2139//2139 559//559 2141//2141
f 559//559 2140//2140 2145//2145
f 558//558 2140//2140 559//559
f 2139//2139 558//558 559//559
f 1272//1272 1271//1271 208//208
f 1181//1181 1271//1271 1272//1272
f 1181//1181 1272//1272 1273//1273
f 1387//1387 160//160 1181//1181
f 1387//1387 1181//1181 1273//1273
f 1271//1271 1181//1181 159//159
f 1269//1269 1606//1606 1270//1270
f 1270//1270 1606//1606 210//210
f 1272//1272 1387//1387 1273//1273
f 1184//1184 1388//1388 1187//1187
f 556//556 557//557 558//558
f 558//558 557//557 2140//2140
f 2138//2138 557//557 556//556
f 557//557 2138//2138 2137//2137
f 2143//2143 2137//2137 2145//2145
f 557//557 2137//2137 2143//2143
f 557//557 2143//2143 2145//2145
f 1268//1268 1275//1275 1277//1277
f 161//161 1388//1388 170//170
f 1187//1187 1388//1388 1186//1186
f 1388//1388 161//161 1186//1186
f 1184//1184 1389//1389 1388//1388
f 1272//1272 1388//1388 1387//1387
f 1389//1389 1184//1184 1387//1387
f 1389//1389 1387//1387 1388//1388
f 1268//1268 212//212 1172//1172
f 1268//1268 1278//1278 1295//1295
f 1268//1268 1295//1295 1294//1294
f 1277//1277 1278//1278 1268//1268
f 1295//1295 1278//1278 1277//1277
f 1277//1277 1275//1275 1295//1295
f 155//155 212//212 165//165
f 211//211 1279//1279 165//165
f 1279//1279 211//211 1280//1280
f 1280//1280 211//211 1281//1281
f 1280//1280 1281//1281 1279//1279
f 167//167 1279//1279 1281//1281
f 1268//1268 1294//1294 212//212
f 212//212 1294//1294 165//165
f 1294//1294 211//211 165//165
f 1396//1396 1281//1281 211//211
f 2211//2211 560//560 2134//2134
f 560//560 555//555 2134//2134
f 213//213 1281//1281 255//255
f 1281//1281 214//214 255//255
f 255//255 1282//1282 1283//1283
f 213//213 255//255 1283//1283
f 213//213 1283//1283 167//167
f 1281//1281 213//213 167//167
f 214//214 1281//1281 256//256
f 1395//1395 1397//1397 211//211
f 2134//2134 555//555 2210//2210
f 2208//2208 2134//2134 2210//2210
f 2210//2210 555//555 554//554
f 1282//1282 1285//1285 1286//1286
f 1286//1286 1285//1285 1283//1283
f 1282//1282 1286//1286 1283//1283
f 1285//1285 168//168 1192//1192
f 1285//1285 1192//1192 1284//1284
f 1284//1284 1283//1283 1285//1285
f 2210//2210 2074//2074 553//553
f 554//554 2074//2074 2210//2210
f 551//551 2208//2208 2210//2210
f 551//551 2210//2210 2132//2132
f 2210//2210 553//553 2132//2132
f 553//553 551//551 2132//2132
f 257//257 215//215 168//168
f 168//168 1285//1285 257//257
f 255//255 257//257 1282//1282
f 257//257 1285//1285 1282//1282
f 555//555 519//519 2133//2133
f 2134//2134 2212//2212 2211//2211
f 2211//2211 2212//2212 2329//2329
f 2212//2212 2134//2134 2208//2208
f 2212//2212 2208//2208 2329//2329
f 164//164 1292//1292 1276//1276
f 161//161 170//170 1130//1130
f 1291//1291 1269//1269 1289//1289
f 1201//1201 1289//1289 1288//1288
f 1289//1289 1194//1194 1288//1288
f 1297//1297 1289//1289 1201//1201
f 2213//2213 585//585 2216//2216
f 2214//2214 585//585 2213//2213
f 2214//2214 2141//2141 585//585
f 552//552 2141//2141 2214//2214
f 2118//2118 552//552 2214//2214
f 2141//2141 552//552 2139//2139
f 216//216 1292//1292 1198//1198
f 552//552 697//697 2130//2130
f 552//552 2130//2130 558//558
f 544//544 697//697 552//552
f 2135//2135 556//556 558//558
f 696//696 2135//2135 2130//2130
f 2135//2135 558//558 2130//2130
f 696//696 2130//2130 2530//2530
f 2130//2130 697//697 2530//2530
f 2135//2135 2136//2136 556//556
f 1296//1296 1294//1294 1295//1295
f 217//217 1294//1294 1296//1296
f 1275//1275 1299//1299 1295//1295
f 1299//1299 219//219 1295//1295
f 1293//1293 219//219 1292//1292
f 1276//1276 1292//1292 219//219
f 1275//1275 1276//1276 1299//1299
f 1299//1299 1276//1276 219//219
f 515//515 551//551 553//553
f 1295//1295 219//219 217//217
f 219//219 218//218 217//217
f 1398//1398 211//211 1294//1294
f 1294//1294 217//217 1398//1398
f 1296//1296 1295//1295 217//217
f 552//552 558//558 2139//2139
f 550//550 515//515 486//486
f 584//584 550//550 2129//2129
f 2216//2216 2131//2131 2214//2214
f 2131//2131 2118//2118 2214//2214
f 552//552 2118//2118 544//544
f 2114//2114 2135//2135 696//696
f 2129//2129 550//550 2113//2113
f 2113//2113 2207//2207 2129//2129
f 2206//2206 2207//2207 2113//2113
f 2127//2127 549//549 548//548
f 2191//2191 549//549 2127//2127
f 2128//2128 2199//2199 539//539
f 539//539 549//549 2128//2128
f 215//215 1297//1297 1201//1201
f 1194//1194 1287//1287 1288//1288
f 1288//1288 1287//1287 1201//1201
f 1297//1297 1400//1400 1289//1289
f 219//219 1302//1302 1304//1304
f 219//219 1293//1293 1302//1302
f 1293//1293 1298//1298 1302//1302
f 1298//1298 1293//1293 216//216
f 216//216 1293//1293 1292//1292
f 2191//2191 2127//2127 2124//2124
f 2536//2536 2539//2539 2537//2537
f 2539//2539 2115//2115 2537//2537
f 2191//2191 2124//2124 537//537
f 2126//2126 2127//2127 548//548
f 2127//2127 2126//2126 2124//2124
f 2124//2124 2126//2126 545//545
f 548//548 2125//2125 2126//2126
f 175//175 221//221 220//220
f 1407//1407 221//221 175//175
f 175//175 1300//1300 1407//1407
f 170//170 1300//1300 1301//1301
f 1301//1301 1300//1300 175//175
f 217//217 218//218 689//689
f 2541//2541 2540//2540 547//547
f 2540//2540 2541//2541 2542//2542
f 2124//2124 547//547 2540//2540
f 546//546 545//545 2121//2121
f 219//219 1304//1304 1405//1405
f 1304//1304 1302//1302 1303//1303
f 1304//1304 1309//1309 1405//1405
f 1304//1304 1303//1303 1309//1309
f 2535//2535 547//547 2124//2124
f 2536//2536 2124//2124 545//545
f 2535//2535 2124//2124 2536//2536
f 2536//2536 2537//2537 2535//2535
f 2535//2535 2115//2115 547//547
f 2537//2537 2115//2115 2535//2535
f 545//545 2126//2126 2121//2121
f 513//513 546//546 2121//2121
f 546//546 513//513 2120//2120
f 2117//2117 544//544 2118//2118
f 222//222 176//176 220//220
f 1307//1307 220//220 221//221
f 222//222 220//220 1307//1307
f 2541//2541 2532//2532 2542//2542
f 2529//2529 696//696 2530//2530
f 2116//2116 2530//2530 697//697
f 2529//2529 2530//2530 2116//2116
f 2529//2529 2531//2531 696//696
f 2116//2116 2531//2531 2529//2529
f 221//221 1407//1407 1307//1307
f 1307//1307 1407//1407 222//222
f 222//222 223//223 1413//1413
f 1308//1308 222//222 1407//1407
f 223//223 222//222 1308//1308
f 2532//2532 544//544 2117//2117
f 2542//2542 2532//2532 2117//2117
f 2533//2533 697//697 544//544
f 544//544 2541//2541 2534//2534
f 2533//2533 2534//2534 697//697
f 544//544 2534//2534 2533//2533
f 2532//2532 2541//2541 544//544
f 263//263 1405//1405 1309//1309
f 1303//1303 224//224 1309//1309
f 223//223 1409//1409 1413//1413
f 2536//2536 2538//2538 2539//2539
f 2538//2538 2115//2115 2539//2539
f 2120//2120 695//695 546//546
f 2131//2131 2201//2201 2196//2196
f 2131//2131 2196//2196 2197//2197
f 2117//2117 2118//2118 2197//2197
f 2131//2131 2197//2197 2118//2118
f 222//222 1311//1311 1306//1306
f 1306//1306 1311//1311 1213//1213
f 177//177 1305//1305 1213//1213
f 1305//1305 222//222 1306//1306
f 1305//1305 1306//1306 1213//1213
f 1311//1311 271//271 1310//1310
f 271//271 225//225 1310//1310
f 271//271 1311//1311 1413//1413
f 1413//1413 1311//1311 222//222
f 1213//1213 225//225 1318//1318
f 1310//1310 225//225 1213//1213
f 1310//1310 1213//1213 1311//1311
f 695//695 2114//2114 696//696
f 2203//2203 543//543 540//540
f 1314//1314 181//181 226//226
f 181//181 1418//1418 1312//1312
f 181//181 1417//1417 1418//1418
f 1418//1418 224//224 1312//1312
f 1312//1312 1303//1303 178//178
f 224//224 1303//1303 1312//1312
f 178//178 181//181 1312//1312
f 1313//1313 184//184 1318//1318
f 1314//1314 1422//1422 181//181
f 181//181 1422//1422 1417//1417
f 543//543 2206//2206 2113//2113
f 540//540 543//543 2113//2113
f 2113//2113 541//541 542//542
f 2109//2109 2199//2199 2110//2110
f 2199//2199 2109//2109 539//539
f 1422//1422 1315//1315 1219//1219
f 1422//1422 1314//1314 1315//1315
f 1315//1315 1314//1314 226//226
f 1419//1419 1318//1318 225//225
f 184//184 1313//1313 183//183
f 1316//1316 1221//1221 1424//1424
f 1316//1316 1424//1424 1423//1423
f 1422//1422 1219//1219 1423//1423
f 540//540 2113//2113 542//542
f 2109//2109 540//540 2111//2111
f 540//540 542//542 541//541
f 2062//2062 2111//2111 540//540
f 540//540 541//541 2112//2112
f 540//540 2112//2112 2062//2062
f 2109//2109 2110//2110 540//540
f 227//227 1313//1313 1318//1318
f 183//183 227//227 1317//1317
f 183//183 1313//1313 227//227
f 1155//1155 183//183 1317//1317
f 1155//1155 1317//1317 1225//1225
f 2199//2199 2128//2128 2191//2191
f 2128//2128 549//549 2191//2191
f 2191//2191 538//538 2198//2198
f 2191//2191 2198//2198 2199//2199
f 537//537 538//538 2191//2191
f 2123//2123 2124//2124 2540//2540
f 537//537 2124//2124 2123//2123
f 1317//1317 1322//1322 1324//1324
f 227//227 1322//1322 1317//1317
f 1324//1324 1319//1319 1320//1320
f 1320//1320 1225//1225 1317//1317
f 1320//1320 1317//1317 1324//1324
f 1323//1323 227//227 272//272
f 273//273 272//272 227//227
f 1426//1426 227//227 1323//1323
f 227//227 1426//1426 1321//1321
f 1322//1322 227//227 1321//1321
f 1321//1321 1426//1426 229//229
f 1322//1322 1321//1321 1324//1324
f 2111//2111 2062//2062 2109//2109
f 2122//2122 536//536 537//537
f 2542//2542 2117//2117 2108//2108
f 190//190 1522//1522 1227//1227
f 1522//1522 1521//1521 1227//1227
f 1426//1426 228//228 229//229
f 1324//1324 1321//1321 229//229
f 1324//1324 229//229 1319//1319
f 535//535 538//538 537//537
f 234//234 231//231 1333//1333
f 1327//1327 1236//1236 1328//1328
f 1328//1328 1236//1236 237//237
f 237//237 1330//1330 1328//1328
f 231//231 230//230 1327//1327
f 231//231 1327//1327 1328//1328
f 231//231 234//234 230//230
f 2195//2195 2117//2117 2197//2197
f 2185//2185 533//533 2195//2195
f 1331//1331 1328//1328 1330//1330
f 232//232 231//231 1329//1329
f 1328//1328 1329//1329 231//231
f 232//232 1329//1329 1328//1328
f 1333//1333 231//231 232//232
f 238//238 237//237 1236//1236
f 1333//1333 232//232 1328//1328
f 1333//1333 1328//1328 1332//1332
f 2107//2107 2540//2540 2542//2542
f 2107//2107 2542//2542 2108//2108
f 2122//2122 2540//2540 2107//2107
f 2122//2122 2107//2107 536//536
f 537//537 2123//2123 2122//2122
f 2123//2123 2540//2540 2122//2122
f 1333//1333 1437//1437 1439//1439
f 1354//1354 239//239 1330//1330
f 1331//1331 1330//1330 239//239
f 1331//1331 239//239 233//233
f 233//233 1328//1328 1331//1331
f 1328//1328 233//233 1332//1332
f 233//233 1437//1437 1332//1332
f 1332//1332 1437//1437 1333//1333
f 2120//2120 2106//2106 695//695
f 1438//1438 233//233 239//239
f 1333//1333 1439//1439 1446//1446
f 1439//1439 1445//1445 1446//1446
f 1464//1464 1438//1438 239//239
f 1438//1438 1437//1437 233//233
f 2108//2108 2117//2117 2195//2195
f 2195//2195 533//533 2108//2108
f 533//533 2107//2107 2108//2108
f 2107//2107 534//534 536//536
f 532//532 2114//2114 2106//2106
f 2114//2114 695//695 2106//2106
f 1231//1231 1335//1335 1338//1338
f 1334//1334 1337//1337 1335//1335
f 1334//1334 234//234 1337//1337
f 1435//1435 1437//1437 1438//1438
f 1435//1435 1439//1439 1437//1437
f 537//537 536//536 534//534
f 534//534 535//535 537//537
f 534//534 533//533 2102//2102
f 2102//2102 533//533 2187//2187
f 2189//2189 535//535 534//534
f 2187//2187 2186//2186 2102//2102
f 2186//2186 2189//2189 2102//2102
f 1337//1337 234//234 1333//1333
f 1337//1337 1333//1333 1335//1335
f 1341//1341 1335//1335 1333//1333
f 1231//1231 1338//1338 1345//1345
f 1341//1341 1340//1340 1335//1335
f 1333//1333 1340//1340 1341//1341
f 1340//1340 1338//1338 1339//1339
f 1335//1335 1339//1339 1338//1338
f 1340//1340 1339//1339 1335//1335
f 531//531 2104//2104 532//532
f 2103//2103 505//505 2104//2104
f 531//531 2103//2103 2104//2104
f 538//538 535//535 2189//2189
f 2120//2120 2046//2046 2106//2106
f 506//506 532//532 2106//2106
f 531//531 532//532 2105//2105
f 1342//1342 235//235 1338//1338
f 280//280 235//235 1342//1342
f 1338//1338 1340//1340 1342//1342
f 2100//2100 2163//2163 2162//2162
f 2571//2571 2572//2572 455//455
f 1444//1444 280//280 1342//1342
f 1340//1340 1343//1343 1342//1342
f 1343//1343 1340//1340 1333//1333
f 1343//1343 1333//1333 1446//1446
f 533//533 534//534 2107//2107
f 2102//2102 2189//2189 534//534
f 2185//2185 2187//2187 533//533
f 2187//2187 2185//2185 2192//2192
f 2192//2192 2185//2185 2195//2195
f 280//280 236//236 235//235
f 1446//1446 1444//1444 1343//1343
f 1343//1343 1444//1444 1342//1342
f 507//507 531//531 506//506
f 2039//2039 531//531 507//507
f 531//531 2101//2101 2103//2103
f 2036//2036 2101//2101 531//531
f 2036//2036 531//531 530//530
f 2039//2039 530//530 531//531
f 1234//1234 1353//1353 1350//1350
f 1234//1234 1350//1350 1359//1359
f 1346//1346 1353//1353 1234//1234
f 194//194 1233//1233 1345//1345
f 194//194 1345//1345 1344//1344
f 1344//1344 1345//1345 1338//1338
f 1444//1444 236//236 280//280
f 1344//1344 236//236 1348//1348
f 1347//1347 1346//1346 194//194
f 1344//1344 1348//1348 1347//1347
f 1344//1344 1347//1347 194//194
f 236//236 1338//1338 235//235
f 1344//1344 1338//1338 236//236
f 2254//2254 2162//2162 2161//2161
f 2098//2098 2162//2162 2254//2254
f 2374//2374 2097//2097 2098//2098
f 1348//1348 236//236 284//284
f 1346//1346 1349//1349 1353//1353
f 1346//1346 1348//1348 1349//1349
f 1348//1348 1346//1346 1347//1347
f 2160//2160 2094//2094 529//529
f 1353//1353 1351//1351 1350//1350
f 1352//1352 1351//1351 1353//1353
f 284//284 1349//1349 1348//1348
f 195//195 238//238 1236//1236
f 286//286 1349//1349 1461//1461
f 290//290 1349//1349 286//286
f 1353//1353 1349//1349 290//290
f 1362//1362 1352//1352 290//290
f 290//290 1352//1352 1353//1353
f 564//564 2097//2097 2372//2372
f 529//529 2097//2097 564//564
f 2096//2096 2097//2097 529//529
f 563//563 2092//2092 2251//2251
f 2092//2092 598//598 2251//2251
f 2091//2091 563//563 2158//2158
f 1330//1330 1355//1355 1354//1354
f 238//238 195//195 241//241
f 1330//1330 238//238 241//241
f 237//237 238//238 1330//1330
f 241//241 195//195 1357//1357
f 1354//1354 1356//1356 239//239
f 1355//1355 1330//1330 241//241
f 1354//1354 241//241 288//288
f 1355//1355 241//241 1354//1354
f 598//598 2160//2160 529//529
f 598//598 2159//2159 2160//2160
f 2092//2092 2159//2159 598//598
f 1351//1351 1359//1359 1350//1350
f 562//562 2250//2250 2158//2158
f 2091//2091 2158//2158 527//527
f 1354//1354 1465//1465 1464//1464
f 1354//1354 1464//1464 1356//1356
f 1464//1464 239//239 1356//1356
f 2090//2090 2158//2158 2250//2250
f 528//528 2158//2158 2090//2090
f 528//528 527//527 2158//2158
f 528//528 2090//2090 527//527
f 1351//1351 1352//1352 1360//1360
f 1249//1249 1359//1359 1360//1360
f 1351//1351 1360//1360 1359//1359
f 240//240 1361//1361 1362//1362
f 1360//1360 1352//1352 1361//1361
f 1352//1352 1362//1362 1361//1361
f 1249//1249 1361//1361 1365//1365
f 1361//1361 1249//1249 1360//1360
f 1357//1357 242//242 241//241
f 1473//1473 1361//1361 240//240
f 240//240 290//290 1473//1473
f 1473//1473 1363//1363 1361//1361
f 1362//1362 290//290 240//240
f 2087//2087 2090//2090 2089//2089
f 1366//1366 1361//1361 1481//1481
f 1366//1366 1365//1365 1361//1361
f 2250//2250 2089//2089 2090//2090
f 2156//2156 2157//2157 2154//2154
f 2089//2089 2156//2156 2087//2087
f 288//288 241//241 1478//1478
f 2156//2156 2154//2154 494//494
f 494//494 2154//2154 2002//2002
f 2087//2087 2088//2088 2090//2090
f 2087//2087 2156//2156 2086//2086
f 2002//2002 526//526 2151//2151
f 2151//2151 2153//2153 2152//2152
f 526//526 2153//2153 2151//2151
f 2152//2152 2085//2085 2151//2151
f 2151//2151 2085//2085 2002//2002
f 1481//1481 1473//1473 293//293
f 1481//1481 1363//1363 1473//1473
f 1481//1481 1361//1361 1363//1363
f 526//526 2002//2002 2154//2154
f 593//593 2001//2001 524//524
f 2232//2232 2001//2001 593//593
f 2152//2152 2150//2150 2085//2085
f 2002//2002 2085//2085 2150//2150
f 2002//2002 2150//2150 525//525
f 524//524 2001//2001 2150//2150
f 241//241 242//242 1480//1480
f 1365//1365 1366//1366 1250//1250
f 2552//2552 1896//1896 1999//1999
f 2152//2152 524//524 2150//2150
f 2224//2224 2148//2148 2225//2225
f 2147//2147 2148//2148 2224//2224
f 2148//2148 2147//2147 523//523
f 522//522 561//561 2083//2083
f 522//522 2149//2149 561//561
f 243//243 1366//1366 1481//1481
f 243//243 1371//1371 1366//1366
f 1367//1367 1368//1368 1480//1480
f 1480//1480 242//242 1364//1364
f 242//242 1367//1367 1364//1364
f 1367//1367 1480//1480 1364//1364
f 1370//1370 1367//1367 242//242
f 1370//1370 1376//1376 1369//1369
f 1369//1369 1376//1376 1368//1368
f 2229//2229 2083//2083 520//520
f 2142//2142 2229//2229 520//520
f 1367//1367 1370//1370 1369//1369
f 1367//1367 1369//1369 1368//1368
f 493//493 523//523 2220//2220
f 493//493 2220//2220 521//521
f 2137//2137 2081//2081 2145//2145
f 2081//2081 521//521 2145//2145
f 520//520 451//451 411//411
f 2081//2081 2079//2079 521//521
f 521//521 2079//2079 2082//2082
f 2079//2079 493//493 2082//2082
f 2082//2082 493//493 521//521
f 1250//1250 1371//1371 1372//1372
f 1250//1250 1372//1372 1373//1373
f 2142//2142 520//520 2077//2077
f 1376//1376 1370//1370 244//244
f 1370//1370 1374//1374 244//244
f 297//297 1371//1371 243//243
f 488//488 2081//2081 2064//2064
f 2079//2079 2081//2081 488//488
f 244//244 245//245 1377//1377
f 1376//1376 244//244 1377//1377
f 245//245 244//244 1375//1375
f 1375//1375 244//244 1374//1374
f 488//488 2078//2078 2079//2079
f 2079//2079 1993//1993 1994//1994
f 2064//2064 2081//2081 2080//2080
f 2064//2064 2080//2080 2104//2104
f 519//519 2142//2142 2077//2077
f 520//520 2076//2076 2077//2077
f 2081//2081 2137//2137 2080//2080
f 2137//2137 2136//2136 2080//2080
f 556//556 2137//2137 2138//2138
f 2136//2136 2137//2137 556//556
f 1263//1263 1383//1383 1261//1261
f 1383//1383 1374//1374 1261//1261
f 555//555 2133//2133 554//554
f 1371//1371 297//297 1489//1489
f 1371//1371 1489//1489 246//246
f 1372//1372 1371//1371 246//246
f 1378//1378 247//247 1265//1265
f 246//246 1489//1489 1372//1372
f 1265//1265 1372//1372 1378//1378
f 1378//1378 1372//1372 247//247
f 1374//1374 1383//1383 1375//1375
f 2077//2077 2076//2076 519//519
f 518//518 519//519 2076//2076
f 555//555 2142//2142 519//519
f 553//553 517//517 516//516
f 519//519 518//518 2133//2133
f 518//518 2076//2076 1987//1987
f 248//248 247//247 1372//1372
f 248//248 1372//1372 1379//1379
f 1379//1379 1372//1372 1489//1489
f 518//518 554//554 2133//2133
f 2074//2074 554//554 518//518
f 517//517 2074//2074 518//518
f 553//553 2074//2074 517//517
f 515//515 553//553 486//486
f 2114//2114 2080//2080 2136//2136
f 2114//2114 2136//2136 2135//2135
f 532//532 2104//2104 2080//2080
f 532//532 2080//2080 2114//2114
f 1265//1265 1381//1381 1380//1380
f 1265//1265 1380//1380 205//205
f 247//247 1381//1381 1265//1265
f 206//206 1383//1383 1263//1263
f 549//549 539//539 2071//2071
f 2112//2112 2113//2113 2061//2061
f 2113//2113 550//550 486//486
f 2113//2113 486//486 2061//2061
f 512//512 2063//2063 488//488
f 1382//1382 1385//1385 1381//1381
f 247//247 1382//1382 1381//1381
f 248//248 1382//1382 247//247
f 1381//1381 1385//1385 1380//1380
f 1385//1385 1266//1266 205//205
f 1385//1385 205//205 1380//1380
f 2125//2125 548//548 2071//2071
f 549//549 2071//2071 548//548
f 245//245 1384//1384 249//249
f 1383//1383 1384//1384 1375//1375
f 1375//1375 1384//1384 245//245
f 250//250 1391//1391 1401//1401
f 1385//1385 1391//1391 250//250
f 250//250 1267//1267 1385//1385
f 1267//1267 1266//1266 1385//1385
f 1383//1383 258//258 1384//1384
f 206//206 250//250 258//258
f 1383//1383 206//206 258//258
f 249//249 1496//1496 245//245
f 2125//2125 2071//2071 2068//2068
f 2071//2071 2070//2070 2068//2068
f 2068//2068 2070//2070 2069//2069
f 2070//2070 2071//2071 2069//2069
f 2121//2121 2126//2126 2125//2125
f 2121//2121 2125//2125 2068//2068
f 2121//2121 2119//2119 513//513
f 513//513 2119//2119 2059//2059
f 1498//1498 1386//1386 1385//1385
f 512//512 488//488 2064//2064
f 514//514 2068//2068 2069//2069
f 2121//2121 2068//2068 514//514
f 514//514 2069//2069 2065//2065
f 2119//2119 2121//2121 510//510
f 2121//2121 514//514 2065//2065
f 2121//2121 2065//2065 510//510
f 2109//2109 2062//2062 511//511
f 511//511 539//539 2109//2109
f 2069//2069 2071//2071 511//511
f 2071//2071 539//539 511//511
f 510//510 2065//2065 2069//2069
f 2069//2069 2066//2066 510//510
f 1272//1272 210//210 1606//1606
f 2058//2058 2120//2120 513//513
f 261//261 258//258 250//250
f 249//249 1384//1384 1503//1503
f 1384//1384 258//258 1503//1503
f 1606//1606 1663//1663 1272//1272
f 2112//2112 541//541 2113//2113
f 511//511 2062//2062 485//485
f 2104//2104 2057//2057 2064//2064
f 2057//2057 512//512 2064//2064
f 250//250 1390//1390 261//261
f 1390//1390 250//250 1401//1401
f 510//510 2059//2059 2119//2119
f 252//252 1281//1281 1396//1396
f 251//251 1394//1394 1391//1391
f 1391//1391 1393//1393 251//251
f 1386//1386 1393//1393 1391//1391
f 1386//1386 251//251 1393//1393
f 1392//1392 1391//1391 1385//1385
f 1391//1391 1392//1392 1386//1386
f 1392//1392 1385//1385 1386//1386
f 505//505 2057//2057 2104//2104
f 1396//1396 211//211 1397//1397
f 1281//1281 252//252 256//256
f 256//256 251//251 253//253
f 252//252 251//251 256//256
f 252//252 259//259 251//251
f 259//259 1394//1394 251//251
f 2055//2055 2057//2057 505//505
f 2056//2056 2063//2063 512//512
f 2056//2056 512//512 2057//2057
f 2055//2055 2056//2056 2057//2057
f 2055//2055 2023//2023 2056//2056
f 2054//2054 2063//2063 2056//2056
f 2059//2059 510//510 2052//2052
f 253//253 214//214 256//256
f 253//253 251//251 254//254
f 254//254 251//251 302//302
f 513//513 2059//2059 2050//2050
f 2059//2059 504//504 2050//2050
f 255//255 1508//1508 257//257
f 1507//1507 1508//1508 255//255
f 1507//1507 255//255 1506//1506
f 214//214 253//253 255//255
f 2053//2053 2054//2054 2056//2056
f 2120//2120 2058//2058 2046//2046
f 507//507 2106//2106 2046//2046
f 260//260 1606//1606 1289//1289
f 1606//1606 1605//1605 1289//1289
f 1289//1289 1605//1605 1291//1291
f 1605//1605 1606//1606 1269//1269
f 1605//1605 1269//1269 1291//1291
f 1508//1508 1507//1507 257//257
f 2058//2058 2050//2050 2046//2046
f 2058//2058 513//513 2050//2050
f 1503//1503 258//258 261//261
f 2050//2050 504//504 508//508
f 2059//2059 2052//2052 504//504
f 1391//1391 1394//1394 1403//1403
f 1391//1391 1403//1403 1401//1401
f 2106//2106 507//507 506//506
f 2050//2050 2045//2045 2046//2046
f 2045//2045 507//507 2046//2046
f 2045//2045 2051//2051 507//507
f 2050//2050 2051//2051 2045//2045
f 507//507 2051//2051 2049//2049
f 2049//2049 2050//2050 509//509
f 2051//2051 2050//2050 2049//2049
f 2049//2049 509//509 507//507
f 1399//1399 1394//1394 259//259
f 2050//2050 508//508 509//509
f 2105//2105 532//532 506//506
f 2105//2105 506//506 531//531
f 2521//2521 2520//2520 1402//1402
f 1399//1399 262//262 2520//2520
f 1399//1399 2520//2520 2521//2521
f 262//262 1398//1398 217//217
f 505//505 2103//2103 2101//2101
f 2043//2043 505//505 2101//2101
f 2035//2035 2023//2023 2055//2055
f 2043//2043 2055//2055 505//505
f 2035//2035 2055//2055 2043//2043
f 2522//2522 1394//1394 1399//1399
f 1399//1399 1398//1398 262//262
f 2056//2056 2023//2023 2028//2028
f 2028//2028 2053//2053 2056//2056
f 507//507 2044//2044 2038//2038
f 509//509 2041//2041 507//507
f 507//507 2041//2041 2044//2044
f 1397//1397 1399//1399 1396//1396
f 1399//1399 1395//1395 1398//1398
f 1395//1395 211//211 1398//1398
f 1397//1397 1395//1395 1399//1399
f 2042//2042 508//508 504//504
f 509//509 508//508 2042//2042
f 509//509 2042//2042 2041//2041
f 504//504 2047//2047 2042//2042
f 2038//2038 2042//2042 2047//2047
f 2038//2038 2041//2041 2042//2042
f 2044//2044 2041//2041 2038//2038
f 215//215 1400//1400 1297//1297
f 259//259 252//252 1399//1399
f 252//252 1396//1396 1399//1399
f 507//507 2038//2038 2039//2039
f 2038//2038 2032//2032 2039//2039
f 2039//2039 2032//2032 530//530
f 1289//1289 1400//1400 1511//1511
f 1511//1511 260//260 1289//1289
f 215//215 1510//1510 1400//1400
f 218//218 219//219 1405//1405
f 2036//2036 2043//2043 2101//2101
f 2035//2035 2043//2043 2036//2036
f 2034//2034 2035//2035 2036//2036
f 217//217 689//689 262//262
f 268//268 267//267 261//261
f 1503//1503 261//261 1512//1512
f 1608//1608 1300//1300 170//170
f 530//530 2032//2032 2036//2036
f 2038//2038 2033//2033 2032//2032
f 2033//2033 2031//2031 2032//2032
f 2032//2032 2031//2031 502//502
f 690//690 689//689 265//265
f 264//264 689//689 690//690
f 264//264 2520//2520 689//689
f 1402//1402 2520//2520 264//264
f 1405//1405 263//263 265//265
f 1405//1405 265//265 218//218
f 264//264 690//690 1403//1403
f 2522//2522 2523//2523 1394//1394
f 2523//2523 264//264 1403//1403
f 2523//2523 1403//1403 1394//1394
f 1401//1401 1403//1403 690//690
f 265//265 689//689 218//218
f 2032//2032 2030//2030 2036//2036
f 502//502 2030//2030 2032//2032
f 2023//2023 2035//2035 2029//2029
f 2035//2035 2034//2034 2029//2029
f 2036//2036 2029//2029 2034//2034
f 1404//1404 1407//1407 1611//1611
f 266//266 1300//1300 1608//1608
f 1300//1300 1611//1611 1407//1407
f 265//265 263//263 1406//1406
f 266//266 1611//1611 1300//1300
f 1407//1407 1404//1404 1408//1408
f 1404//1404 269//269 1408//1408
f 502//502 501//501 2024//2024
f 1390//1390 268//268 261//261
f 690//690 268//268 1390//1390
f 1410//1410 268//268 690//690
f 1401//1401 690//690 1390//1390
f 1410//1410 690//690 1406//1406
f 690//690 2524//2524 1406//1406
f 263//263 1410//1410 1406//1406
f 2023//2023 2029//2029 2025//2025
f 502//502 2031//2031 2027//2027
f 502//502 2024//2024 2030//2030
f 2029//2029 2036//2036 2030//2030
f 2029//2029 2030//2030 2024//2024
f 2023//2023 2025//2025 500//500
f 2025//2025 2029//2029 2024//2024
f 2025//2025 2024//2024 500//500
f 269//269 270//270 223//223
f 1408//1408 269//269 1407//1407
f 1407//1407 269//269 1308//1308
f 269//269 223//223 1308//1308
f 1409//1409 223//223 1414//1414
f 1414//1414 223//223 270//270
f 1413//1413 1409//1409 1414//1414
f 2028//2028 2023//2023 2021//2021
f 2021//2021 2023//2023 503//503
f 500//500 2022//2022 2023//2023
f 503//503 2023//2023 2022//2022
f 503//503 2022//2022 2021//2021
f 1412//1412 224//224 1411//1411
f 224//224 1412//1412 1410//1410
f 1309//1309 1410//1410 263//263
f 224//224 1410//1410 1309//1309
f 306//306 267//267 268//268
f 306//306 268//268 1412//1412
f 1410//1410 1412//1412 268//268
f 270//270 1516//1516 1414//1414
f 499//499 2024//2024 501//501
f 499//499 500//500 2024//2024
f 2015//2015 499//499 501//501
f 1953//1953 497//497 501//501
f 497//497 498//498 501//501
f 1416//1416 306//306 1412//1412
f 224//224 1416//1416 1411//1411
f 1411//1411 1416//1416 1412//1412
f 271//271 1414//1414 1415//1415
f 1414//1414 1419//1419 1415//1415
f 1419//1419 271//271 1415//1415
f 1413//1413 1414//1414 271//271
f 478//478 501//501 502//502
f 501//501 478//478 1953//1953
f 1418//1418 1519//1519 1416//1416
f 1418//1418 1416//1416 224//224
f 1419//1419 310//310 309//309
f 1414//1414 310//310 1419//1419
f 2018//2018 2020//2020 500//500
f 500//500 2020//2020 2019//2019
f 2018//2018 500//500 499//499
f 271//271 1419//1419 225//225
f 1417//1417 337//337 1519//1519
f 1417//1417 1519//1519 1418//1418
f 497//497 1946//1946 2014//2014
f 309//309 1420//1420 1419//1419
f 273//273 1420//1420 309//309
f 273//273 227//227 1420//1420
f 1420//1420 1318//1318 1419//1419
f 227//227 1318//1318 1420//1420
f 2022//2022 500//500 2019//2019
f 2022//2022 2019//2019 1941//1941
f 1950//1950 2022//2022 1941//1941
f 1422//1422 1423//1423 340//340
f 309//309 1421//1421 273//273
f 1421//1421 274//274 273//273
f 499//499 2016//2016 2018//2018
f 498//498 2015//2015 501//501
f 2015//2015 498//498 497//497
f 2010//2010 2015//2015 497//497
f 2015//2015 2017//2017 499//499
f 2010//2010 2017//2017 2015//2015
f 497//497 2013//2013 2010//2010
f 2014//2014 2013//2013 497//497
f 1221//1221 1423//1423 1424//1424
f 340//340 1417//1417 1422//1422
f 499//499 2017//2017 2016//2016
f 473//473 2016//2016 2017//2017
f 2010//2010 2013//2013 1944//1944
f 1227//1227 1425//1425 1221//1221
f 1423//1423 1221//1221 1425//1425
f 366//366 1423//1423 1425//1425
f 340//340 1423//1423 366//366
f 273//273 274//274 272//272
f 1521//1521 1425//1425 1227//1227
f 1325//1325 1426//1426 1323//1323
f 274//274 1323//1323 272//272
f 1325//1325 1323//1323 274//274
f 2018//2018 2019//2019 2020//2020
f 2011//2011 2009//2009 2018//2018
f 2016//2016 2011//2011 2018//2018
f 2009//2009 2019//2019 2018//2018
f 2009//2009 1941//1941 2019//2019
f 471//471 2009//2009 2011//2011
f 471//471 2011//2011 2016//2016
f 471//471 2016//2016 473//473
f 1627//1627 130//130 1428//1428
f 1326//1326 229//229 130//130
f 190//190 130//130 1627//1627
f 311//311 1430//1430 274//274
f 1426//1426 275//275 228//228
f 1325//1325 275//275 1426//1426
f 473//473 2017//2017 2010//2010
f 2572//2572 2100//2100 1690//1690
f 455//455 2572//2572 1690//1690
f 228//228 1429//1429 229//229
f 1429//1429 1428//1428 229//229
f 1428//1428 1427//1427 229//229
f 229//229 1427//1427 130//130
f 1427//1427 1428//1428 130//130
f 1906//1906 456//456 2098//2098
f 2097//2097 2095//2095 2098//2098
f 2095//2095 1906//1906 2098//2098
f 1432//1432 276//276 228//228
f 276//276 1429//1429 228//228
f 1429//1429 1431//1431 1428//1428
f 1325//1325 274//274 275//275
f 274//274 1430//1430 1433//1433
f 274//274 1433//1433 275//275
f 2099//2099 2162//2162 2098//2098
f 2099//2099 2098//2098 456//456
f 276//276 1432//1432 1528//1528
f 1528//1528 1526//1526 276//276
f 1526//1526 1429//1429 276//276
f 1431//1431 1429//1429 1526//1526
f 529//529 2094//2094 2096//2096
f 2096//2096 2094//2094 2097//2097
f 2097//2097 2094//2094 2095//2095
f 2094//2094 2008//2008 2095//2095
f 2160//2160 2008//2008 2094//2094
f 315//315 277//277 1539//1539
f 1528//1528 1432//1432 1433//1433
f 1528//1528 1433//1433 1529//1529
f 1430//1430 1530//1530 1433//1433
f 228//228 275//275 1433//1433
f 228//228 1433//1433 1432//1432
f 278//278 1438//1438 1464//1464
f 1440//1440 1438//1438 278//278
f 1436//1436 1438//1438 1440//1440
f 1438//1438 1436//1436 1435//1435
f 1435//1435 1436//1436 1439//1439
f 1436//1436 281//281 1439//1439
f 1442//1442 279//279 1436//1436
f 279//279 281//281 1436//1436
f 278//278 1441//1441 1440//1440
f 1436//1436 1441//1441 278//278
f 1440//1440 1441//1441 1436//1436
f 1444//1444 1446//1446 1450//1450
f 1469//1469 1468//1468 278//278
f 1469//1469 1442//1442 1436//1436
f 1468//1468 1436//1436 278//278
f 1469//1469 1436//1436 1468//1468
f 279//279 1443//1443 1566//1566
f 1443//1443 1442//1442 1566//1566
f 1442//1442 1443//1443 279//279
f 279//279 1454//1454 281//281
f 1566//1566 1454//1454 279//279
f 2092//2092 496//496 2159//2159
f 2092//2092 563//563 2007//2007
f 2092//2092 2007//2007 496//496
f 2091//2091 2007//2007 563//563
f 1439//1439 1449//1449 1447//1447
f 1448//1448 236//236 1444//1444
f 1444//1444 1450//1450 1448//1448
f 1450//1450 1455//1455 1451//1451
f 1450//1450 1451//1451 1448//1448
f 1446//1446 1445//1445 1450//1450
f 1445//1445 1439//1439 1447//1447
f 1450//1450 1447//1447 1449//1449
f 1445//1445 1447//1447 1450//1450
f 1449//1449 1452//1452 1450//1450
f 281//281 1452//1452 1449//1449
f 1453//1453 1455//1455 1450//1450
f 1453//1453 1450//1450 1452//1452
f 1451//1451 1455//1455 1448//1448
f 1439//1439 281//281 1449//1449
f 2160//2160 2093//2093 2008//2008
f 1904//1904 2008//2008 2093//2093
f 2159//2159 496//496 2160//2160
f 2091//2091 2006//2006 2007//2007
f 527//527 2005//2005 2091//2091
f 2088//2088 2005//2005 527//527
f 283//283 1455//1455 282//282
f 1452//1452 282//282 1453//1453
f 1453//1453 282//282 1455//1455
f 281//281 1454//1454 1452//1452
f 1454//1454 1456//1456 1452//1452
f 1457//1457 1456//1456 1566//1566
f 1472//1472 283//283 282//282
f 1457//1457 282//282 1452//1452
f 1452//1452 1456//1456 1457//1457
f 1456//1456 1454//1454 1566//1566
f 1455//1455 285//285 1459//1459
f 1455//1455 1459//1459 1448//1448
f 1461//1461 1349//1349 284//284
f 1461//1461 284//284 1460//1460
f 1459//1459 285//285 284//284
f 1448//1448 284//284 236//236
f 1459//1459 284//284 1448//1448
f 282//282 1457//1457 1458//1458
f 1560//1560 1472//1472 282//282
f 1461//1461 1462//1462 286//286
f 1462//1462 285//285 287//287
f 1455//1455 287//287 285//285
f 285//285 1462//1462 1461//1461
f 285//285 1460//1460 284//284
f 1461//1461 1460//1460 285//285
f 287//287 1455//1455 283//283
f 288//288 1467//1467 1354//1354
f 1467//1467 1465//1465 1354//1354
f 278//278 1464//1464 1465//1465
f 1472//1472 1463//1463 287//287
f 1472//1472 287//287 283//283
f 1470//1470 1462//1462 287//287
f 2088//2088 2087//2087 2003//2003
f 2087//2087 2086//2086 2003//2003
f 1469//1469 289//289 1566//1566
f 1469//1469 1566//1566 1442//1442
f 1466//1466 1469//1469 278//278
f 288//288 1469//1469 1466//1466
f 1469//1469 288//288 289//289
f 1467//1467 288//288 1465//1465
f 278//278 1465//1465 1466//1466
f 1466//1466 1465//1465 288//288
f 2003//2003 2086//2086 2156//2156
f 2003//2003 2156//2156 495//495
f 494//494 495//495 2156//2156
f 2002//2002 495//495 494//494
f 1458//1458 1560//1560 282//282
f 1457//1457 1560//1560 1458//1458
f 1566//1566 1568//1568 1457//1457
f 2004//2004 2005//2005 2088//2088
f 2088//2088 527//527 2090//2090
f 2232//2232 2225//2225 365//365
f 525//525 2150//2150 2001//2001
f 1470//1470 286//286 1462//1462
f 1562//1562 1560//1560 1457//1457
f 1457//1457 1568//1568 1563//1563
f 1566//1566 289//289 1569//1569
f 1463//1463 1472//1472 1561//1561
f 1560//1560 1561//1561 1472//1472
f 324//324 1561//1561 1560//1560
f 1463//1463 1561//1561 1471//1471
f 1470//1470 1471//1471 286//286
f 1471//1471 1470//1470 287//287
f 1471//1471 287//287 1463//1463
f 1899//1899 2001//2001 2232//2232
f 1477//1477 1476//1476 1473//1473
f 1475//1475 1477//1477 1473//1473
f 1475//1475 1473//1473 1474//1474
f 1474//1474 1473//1473 290//290
f 286//286 1475//1475 1474//1474
f 286//286 1474//1474 290//290
f 1471//1471 1561//1561 324//324
f 1471//1471 1477//1477 286//286
f 291//291 1477//1477 1471//1471
f 291//291 1476//1476 1477//1477
f 1475//1475 286//286 1477//1477
f 2551//2551 2084//2084 708//708
f 1896//1896 2552//2552 2084//2084
f 493//493 492//492 1996//1996
f 288//288 292//292 1569//1569
f 289//289 288//288 1569//1569
f 292//292 288//288 1478//1478
f 1479//1479 294//294 291//291
f 324//324 291//291 1471//1471
f 1473//1473 1482//1482 293//293
f 1476//1476 1482//1482 1473//1473
f 2083//2083 561//561 1999//1999
f 520//520 2083//2083 451//451
f 493//493 2079//2079 1995//1995
f 523//523 1997//1997 2148//2148
f 493//493 1997//1997 523//523
f 1997//1997 1998//1998 2148//2148
f 1997//1997 1996//1996 1894//1894
f 493//493 1996//1996 1997//1997
f 1997//1997 1894//1894 1998//1998
f 1998//1998 1894//1894 2148//2148
f 1993//1993 2079//2079 2078//2078
f 1993//1993 2078//2078 488//488
f 2079//2079 1994//1994 1995//1995
f 492//492 493//493 1995//1995
f 492//492 1894//1894 1996//1996
f 489//489 491//491 1993//1993
f 448//448 491//491 489//489
f 2075//2075 2076//2076 520//520
f 241//241 1480//1480 1478//1478
f 1480//1480 1483//1483 1478//1478
f 294//294 1476//1476 291//291
f 292//292 1478//1478 1483//1483
f 1993//1993 491//491 1995//1995
f 1994//1994 1993//1993 1995//1995
f 490//490 489//489 1993//1993
f 2075//2075 1989//1989 1991//1991
f 294//294 243//243 293//293
f 293//293 243//243 1481//1481
f 243//243 294//294 297//297
f 1476//1476 294//294 1482//1482
f 294//294 293//293 1482//1482
f 488//488 490//490 1993//1993
f 1376//1376 1485//1485 1368//1368
f 1485//1485 1484//1484 1368//1368
f 295//295 1483//1483 1368//1368
f 1368//1368 1483//1483 1480//1480
f 490//490 448//448 489//489
f 487//487 448//448 490//490
f 443//443 487//487 490//490
f 2073//2073 443//443 490//490
f 1991//1991 2076//2076 2075//2075
f 1991//1991 1987//1987 2076//2076
f 1483//1483 1578//1578 296//296
f 1368//1368 1484//1484 295//295
f 295//295 1484//1484 1483//1483
f 1484//1484 1578//1578 1483//1483
f 1584//1584 1585//1585 294//294
f 1585//1585 297//297 294//294
f 298//298 297//297 1585//1585
f 1988//1988 1991//1991 1989//1989
f 1988//1988 1987//1987 1990//1990
f 1990//1990 1987//1987 1991//1991
f 1987//1987 1988//1988 517//517
f 1987//1987 517//517 518//518
f 1990//1990 1991//1991 1988//1988
f 1485//1485 1377//1377 1488//1488
f 1488//1488 1484//1484 1485//1485
f 245//245 1488//1488 1377//1377
f 1377//1377 1485//1485 1376//1376
f 2061//2061 486//486 1986//1986
f 1491//1491 298//298 1589//1589
f 1491//1491 1487//1487 298//298
f 1486//1486 1489//1489 297//297
f 1487//1487 1489//1489 1486//1486
f 1487//1487 1486//1486 298//298
f 1486//1486 297//297 298//298
f 1988//1988 516//516 517//517
f 516//516 2072//2072 553//553
f 1886//1886 2072//2072 516//516
f 553//553 2072//2072 486//486
f 2072//2072 1886//1886 486//486
f 2073//2073 488//488 2063//2063
f 488//488 2073//2073 1992//1992
f 488//488 1992//1992 490//490
f 1992//1992 2073//2073 490//490
f 299//299 248//248 1379//1379
f 299//299 1379//1379 1489//1489
f 1490//1490 299//299 1489//1489
f 1484//1484 1495//1495 1587//1587
f 1495//1495 1484//1484 1488//1488
f 248//248 1492//1492 1382//1382
f 299//299 1492//1492 248//248
f 484//484 1985//1985 2063//2063
f 2063//2063 1985//1985 2073//2073
f 2063//2063 2054//2054 1983//1983
f 2069//2069 485//485 2067//2067
f 1491//1491 1490//1490 1487//1487
f 1490//1490 1489//1489 1487//1487
f 2062//2062 2112//2112 2060//2060
f 2062//2062 2060//2060 1981//1981
f 299//299 1490//1490 1493//1493
f 299//299 1493//1493 1492//1492
f 1492//1492 1493//1493 1382//1382
f 300//300 1382//1382 1493//1493
f 1488//1488 1496//1496 1497//1497
f 1497//1497 1496//1496 249//249
f 245//245 1496//1496 1488//1488
f 1591//1591 1592//1592 1493//1493
f 1591//1591 1493//1493 1494//1494
f 1591//1591 1494//1494 1490//1490
f 1494//1494 1493//1493 1490//1490
f 484//484 2063//2063 1983//1983
f 1983//1983 1982//1982 484//484
f 485//485 2062//2062 1981//1981
f 510//510 1980//1980 441//441
f 1980//1980 485//485 441//441
f 485//485 1981//1981 2060//2060
f 1497//1497 1495//1495 1488//1488
f 249//249 1495//1495 1497//1497
f 2052//2052 510//510 440//440
f 1500//1500 300//300 1493//1493
f 2069//2069 511//511 485//485
f 2067//2067 2066//2066 2069//2069
f 485//485 2066//2066 2067//2067
f 510//510 2066//2066 1980//1980
f 1980//1980 2066//2066 485//485
f 2054//2054 2053//2053 1982//1982
f 1385//1385 1382//1382 1498//1498
f 1495//1495 249//249 1501//1501
f 441//441 485//485 1978//1978
f 440//440 510//510 441//441
f 1503//1503 1501//1501 249//249
f 303//303 1501//1501 1503//1503
f 1504//1504 300//300 1500//1500
f 1504//1504 1500//1500 301//301
f 1504//1504 1499//1499 300//300
f 1498//1498 1499//1499 1386//1386
f 300//300 1499//1499 1498//1498
f 300//300 1498//1498 1382//1382
f 1982//1982 1984//1984 2054//2054
f 1983//1983 2054//2054 1984//1984
f 1983//1983 1984//1984 1982//1982
f 1499//1499 302//302 251//251
f 1499//1499 251//251 1386//1386
f 504//504 2052//2052 2048//2048
f 440//440 1973//1973 2052//2052
f 1975//1975 1973//1973 440//440
f 1501//1501 1502//1502 1495//1495
f 1972//1972 1974//1974 440//440
f 302//302 1504//1504 301//301
f 302//302 1506//1506 255//255
f 254//254 255//255 253//253
f 302//302 255//255 254//254
f 302//302 1499//1499 1504//1504
f 1974//1974 2048//2048 1973//1973
f 1509//1509 1510//1510 215//215
f 1507//1507 215//215 257//257
f 1509//1509 215//215 1507//1507
f 1506//1506 302//302 1505//1505
f 1973//1973 2048//2048 2052//2052
f 1974//1974 1973//1973 1975//1975
f 440//440 1974//1974 1975//1975
f 1972//1972 1968//1968 1974//1974
f 2053//2053 1976//1976 1982//1982
f 1976//1976 1977//1977 1982//1982
f 1976//1976 2053//2053 1970//1970
f 303//303 1502//1502 1501//1501
f 504//504 2048//2048 2047//2047
f 483//483 2047//2047 1969//1969
f 2047//2047 2048//2048 1969//1969
f 1969//1969 2048//2048 1974//1974
f 1969//1969 1974//1974 483//483
f 483//483 1974//1974 1968//1968
f 482//482 2040//2040 483//483
f 358//358 1511//1511 1400//1400
f 1509//1509 1400//1400 1510//1510
f 303//303 1503//1503 1513//1513
f 170//170 1388//1388 1608//1608
f 2040//2040 482//482 437//437
f 1967//1967 2040//2040 437//437
f 2038//2038 2040//2040 2037//2037
f 1606//1606 260//260 1603//1603
f 2038//2038 2047//2047 2040//2040
f 2047//2047 483//483 2040//2040
f 2040//2040 1967//1967 2037//2037
f 436//436 2037//2037 1967//1967
f 1513//1513 1503//1503 1512//1512
f 1976//1976 1966//1966 1865//1865
f 2053//2053 2028//2028 1970//1970
f 1966//1966 1970//1970 2028//2028
f 334//334 1611//1611 1608//1608
f 1611//1611 266//266 1608//1608
f 304//304 305//305 1513//1513
f 305//305 303//303 1513//1513
f 304//304 1513//1513 1514//1514
f 1512//1512 261//261 1513//1513
f 261//261 267//267 1513//1513
f 1513//1513 267//267 1514//1514
f 305//305 304//304 1514//1514
f 1970//1970 1966//1966 1976//1976
f 1964//1964 1965//1965 1966//1966
f 2038//2038 2037//2037 2033//2033
f 2033//2033 2037//2037 2031//2031
f 2037//2037 1961//1961 2031//2031
f 2037//2037 481//481 1961//1961
f 2037//2037 434//434 481//481
f 436//436 434//434 2037//2037
f 306//306 1514//1514 267//267
f 432//432 1853//1853 1961//1961
f 432//432 1961//1961 481//481
f 2031//2031 2026//2026 2027//2027
f 2031//2031 1961//1961 2026//2026
f 2028//2028 2021//2021 1964//1964
f 1966//1966 2028//2028 1964//1964
f 1517//1517 308//308 1414//1414
f 308//308 1516//1516 270//270
f 308//308 1517//1517 1516//1516
f 1517//1517 1414//1414 1516//1516
f 269//269 1404//1404 270//270
f 1404//1404 1611//1611 270//270
f 2027//2027 2026//2026 1960//1960
f 306//306 1416//1416 1515//1515
f 1514//1514 306//306 1515//1515
f 1514//1514 1515//1515 307//307
f 1961//1961 1853//1853 2026//2026
f 2021//2021 2022//2022 1959//1959
f 1950//1950 1959//1959 2022//2022
f 1964//1964 2021//2021 480//480
f 2021//2021 1963//1963 480//480
f 1957//1957 1963//1963 2021//2021
f 1518//1518 310//310 1414//1414
f 1414//1414 308//308 1518//1518
f 307//307 1416//1416 1519//1519
f 1416//1416 307//307 1515//1515
f 310//310 1615//1615 309//309
f 1615//1615 1421//1421 309//309
f 308//308 310//310 1518//1518
f 1959//1959 1957//1957 2021//2021
f 1958//1958 1957//1957 1950//1950
f 1950//1950 1957//1957 1959//1959
f 1963//1963 1964//1964 480//480
f 479//479 1963//1963 1957//1957
f 1957//1957 1955//1955 479//479
f 1958//1958 1955//1955 1957//1957
f 1963//1963 479//479 1964//1964
f 1519//1519 337//337 1613//1613
f 1519//1519 1613//1613 307//307
f 478//478 502//502 477//477
f 339//339 274//274 1421//1421
f 339//339 1520//1520 274//274
f 337//337 1417//1417 1621//1621
f 339//339 1421//1421 1615//1615
f 341//341 1520//1520 339//339
f 1965//1965 1964//1964 1962//1962
f 1964//1964 479//479 1962//1962
f 1962//1962 479//479 1956//1956
f 1955//1955 1956//1956 479//479
f 1949//1949 1958//1958 1950//1950
f 1949//1949 1950//1950 1941//1941
f 1520//1520 1523//1523 274//274
f 1523//1523 311//311 274//274
f 477//477 502//502 2027//2027
f 1953//1953 478//478 477//477
f 2026//2026 1853//1853 1960//1960
f 2027//2027 1960//1960 477//477
f 366//366 1521//1521 1522//1522
f 1521//1521 366//366 1425//1425
f 477//477 1952//1952 1953//1953
f 477//477 476//476 1952//1952
f 476//476 1946//1946 1952//1952
f 1520//1520 311//311 1523//1523
f 343//343 366//366 1522//1522
f 2014//2014 1946//1946 1944//1944
f 1946//1946 1947//1947 1944//1944
f 1522//1522 190//190 1627//1627
f 1522//1522 1627//1627 344//344
f 1520//1520 312//312 1524//1524
f 1520//1520 1524//1524 311//311
f 1953//1953 1946//1946 497//497
f 1952//1952 1946//1946 1953//1953
f 1947//1947 1946//1946 1945//1945
f 1941//1941 474//474 1949//1949
f 1524//1524 312//312 1525//1525
f 1524//1524 1525//1525 1430//1430
f 311//311 1524//1524 1430//1430
f 1946//1946 476//476 1943//1943
f 1946//1946 1943//1943 1942//1942
f 474//474 1948//1948 1949//1949
f 1949//1949 1948//1948 1958//1958
f 1431//1431 314//314 1428//1428
f 1428//1428 314//314 1627//1627
f 2544//2544 312//312 1626//1626
f 426//426 1946//1946 1942//1942
f 426//426 1945//1945 1946//1946
f 1944//1944 473//473 2010//2010
f 1930//1930 473//473 1944//1944
f 1526//1526 314//314 1431//1431
f 474//474 1941//1941 1936//1936
f 2014//2014 1944//1944 2013//2013
f 1531//1531 312//312 313//313
f 1525//1525 312//312 1531//1531
f 1947//1947 1940//1940 1944//1944
f 1945//1945 1940//1940 1947//1947
f 1944//1944 1940//1940 1939//1939
f 1923//1923 475//475 2012//2012
f 1944//1944 1939//1939 1938//1938
f 1939//1939 1940//1940 1937//1937
f 1532//1532 313//313 312//312
f 2544//2544 1532//1532 312//312
f 1528//1528 1527//1527 1526//1526
f 314//314 1526//1526 1527//1527
f 314//314 1629//1629 1628//1628
f 2545//2545 1534//1534 1533//1533
f 2544//2544 2545//2545 1533//1533
f 2012//2012 1941//1941 2009//2009
f 1941//1941 2012//2012 1936//1936
f 2009//2009 1923//1923 2012//2012
f 1936//1936 2012//2012 475//475
f 1937//1937 1940//1940 1928//1928
f 474//474 1936//1936 475//475
f 1529//1529 1530//1530 1543//1543
f 1529//1529 1433//1433 1530//1530
f 1528//1528 1529//1529 1527//1527
f 314//314 1527//1527 1629//1629
f 1531//1531 313//313 1525//1525
f 1530//1530 1430//1430 1544//1544
f 1934//1934 474//474 475//475
f 1935//1935 1934//1934 475//475
f 1934//1934 1933//1933 474//474
f 1933//1933 1948//1948 474//474
f 313//313 1532//1532 1537//1537
f 1533//1533 1532//1532 2544//2544
f 1434//1434 1536//1536 313//313
f 1534//1534 1535//1535 1538//1538
f 1539//1539 1532//1532 1534//1534
f 1534//1534 1532//1532 1533//1533
f 1930//1930 1944//1944 1938//1938
f 1930//1930 1938//1938 1929//1929
f 1546//1546 1545//1545 1525//1525
f 1546//1546 1525//1525 313//313
f 1525//1525 1545//1545 1430//1430
f 1544//1544 1430//1430 1545//1545
f 1630//1630 1527//1527 1529//1529
f 1800//1800 1527//1527 1630//1630
f 1629//1629 1527//1527 1800//1800
f 702//702 1541//1541 1535//1535
f 1929//1929 1937//1937 472//472
f 1927//1927 1929//1929 472//472
f 1929//1929 1927//1927 1925//1925
f 1929//1929 1925//1925 1924//1924
f 1928//1928 472//472 1937//1937
f 1537//1537 1434//1434 313//313
f 1539//1539 1534//1534 1538//1538
f 1537//1537 1539//1539 277//277
f 1537//1537 277//277 1434//1434
f 1539//1539 1537//1537 1532//1532
f 1938//1938 1939//1939 1937//1937
f 1938//1938 1937//1937 1929//1929
f 1535//1535 1541//1541 1538//1538
f 1539//1539 1540//1540 315//315
f 1538//1538 1540//1540 1539//1539
f 1927//1927 472//472 1926//1926
f 1925//1925 1927//1927 1926//1926
f 316//316 1538//1538 1541//1541
f 698//698 1542//1542 1541//1541
f 1542//1542 316//316 1541//1541
f 1546//1546 1544//1544 1545//1545
f 1530//1530 1544//1544 1543//1543
f 1544//1544 1546//1546 1543//1543
f 1923//1923 2009//2009 471//471
f 1923//1923 471//471 470//470
f 1932//1932 471//471 473//473
f 473//473 1930//1930 1931//1931
f 469//469 1923//1923 1922//1922
f 465//465 1923//1923 469//469
f 1546//1546 313//313 1536//1536
f 1546//1546 1536//1536 1434//1434
f 469//469 470//470 468//468
f 1919//1919 468//468 470//470
f 1540//1540 1538//1538 317//317
f 1540//1540 317//317 277//277
f 1542//1542 317//317 1538//1538
f 316//316 1542//1542 1538//1538
f 315//315 1540//1540 277//277
f 1923//1923 470//470 1922//1922
f 1922//1922 470//470 469//469
f 473//473 1931//1931 1932//1932
f 1932//1932 1931//1931 471//471
f 1529//1529 1543//1543 1630//1630
f 1543//1543 1633//1633 1630//1630
f 2543//2543 1552//1552 1549//1549
f 1552//1552 1542//1542 1549//1549
f 698//698 1549//1549 1542//1542
f 1542//1542 1547//1547 317//317
f 1548//1548 1547//1547 1542//1542
f 1931//1931 1930//1930 1929//1929
f 471//471 1931//1931 1921//1921
f 470//470 471//471 1921//1921
f 470//470 1921//1921 1919//1919
f 1931//1931 1929//1929 1921//1921
f 1919//1919 467//467 468//468
f 321//321 1546//1546 346//346
f 1633//1633 1543//1543 321//321
f 321//321 1543//1543 1546//1546
f 317//317 319//319 277//277
f 318//318 277//277 1551//1551
f 277//277 318//318 322//322
f 277//277 322//322 1434//1434
f 1550//1550 1434//1434 322//322
f 1434//1434 1550//1550 1546//1546
f 467//467 1919//1919 1921//1921
f 467//467 1921//1921 1910//1910
f 277//277 319//319 1551//1551
f 465//465 467//467 463//463
f 319//319 317//317 320//320
f 317//317 1547//1547 320//320
f 1550//1550 346//346 1546//1546
f 1547//1547 1552//1552 320//320
f 1542//1542 1552//1552 1548//1548
f 1548//1548 1552//1552 1547//1547
f 320//320 1554//1554 319//319
f 1923//1923 1935//1935 475//475
f 1923//1923 1920//1920 1935//1935
f 1920//1920 465//465 1935//1935
f 1923//1923 465//465 1920//1920
f 465//465 469//469 467//467
f 469//469 468//468 467//467
f 1934//1934 1935//1935 465//465
f 1934//1934 465//465 464//464
f 463//463 466//466 1916//1916
f 463//463 462//462 1915//1915
f 462//462 463//463 1916//1916
f 1556//1556 1550//1550 322//322
f 1550//1550 1556//1556 346//346
f 1551//1551 1559//1559 1558//1558
f 1551//1551 1558//1558 1639//1639
f 1551//1551 1639//1639 318//318
f 322//322 318//318 1557//1557
f 318//318 1639//1639 1557//1557
f 467//467 466//466 463//463
f 464//464 465//465 463//463
f 464//464 463//463 1915//1915
f 1929//1929 1918//1918 1921//1921
f 1924//1924 1918//1918 1929//1929
f 1921//1921 1918//1918 1910//1910
f 319//319 1554//1554 1551//1551
f 1554//1554 320//320 1631//1631
f 320//320 2548//2548 1631//1631
f 1554//1554 1553//1553 1551//1551
f 1553//1553 1559//1559 1551//1551
f 1555//1555 1553//1553 1554//1554
f 462//462 1916//1916 1914//1914
f 459//459 1916//1916 466//466
f 1914//1914 1916//1916 459//459
f 464//464 1913//1913 1934//1934
f 1915//1915 1913//1913 464//464
f 322//322 1557//1557 1635//1635
f 1635//1635 1556//1556 322//322
f 346//346 1556//1556 1635//1635
f 321//321 346//346 1634//1634
f 1564//1564 324//324 1560//1560
f 1564//1564 1562//1562 1563//1563
f 1560//1560 1562//1562 1564//1564
f 1562//1562 1457//1457 1563//1563
f 1639//1639 1559//1559 1636//1636
f 1559//1559 1639//1639 1558//1558
f 1917//1917 459//459 466//466
f 1566//1566 1569//1569 1568//1568
f 1568//1568 323//323 1563//1563
f 1563//1563 323//323 1564//1564
f 324//324 1564//1564 1565//1565
f 325//325 1564//1564 323//323
f 325//325 324//324 1565//1565
f 325//325 1565//1565 1564//1564
f 1576//1576 291//291 324//324
f 1576//1576 324//324 325//325
f 1918//1918 1911//1911 1910//1910
f 1918//1918 1924//1924 460//460
f 1917//1917 466//466 467//467
f 1917//1917 467//467 1910//1910
f 292//292 1483//1483 1570//1570
f 1569//1569 292//292 1570//1570
f 1479//1479 291//291 1576//1576
f 325//325 323//323 1573//1573
f 323//323 1568//1568 1573//1573
f 1573//1573 1572//1572 1571//1571
f 1573//1573 1568//1568 1567//1567
f 1572//1572 1567//1567 1568//1568
f 1573//1573 1567//1567 1572//1572
f 1573//1573 1571//1571 1570//1570
f 1569//1569 1570//1570 1571//1571
f 1568//1568 1569//1569 1571//1571
f 1568//1568 1571//1571 1572//1572
f 1483//1483 296//296 1570//1570
f 1573//1573 1570//1570 1580//1580
f 459//459 1910//1910 457//457
f 459//459 1917//1917 1910//1910
f 458//458 1918//1918 460//460
f 1918//1918 458//458 1911//1911
f 1910//1910 1911//1911 457//457
f 1574//1574 1580//1580 1575//1575
f 1580//1580 1574//1574 1573//1573
f 325//325 1574//1574 1575//1575
f 1573//1573 1574//1574 325//325
f 296//296 1580//1580 1570//1570
f 2100//2100 2162//2162 2099//2099
f 1906//1906 1809//1809 456//456
f 455//455 2570//2570 2571//2571
f 2100//2100 2099//2099 456//456
f 2100//2100 456//456 1907//1907
f 1479//1479 1584//1584 294//294
f 1576//1576 1584//1584 1479//1479
f 1577//1577 1578//1578 1484//1484
f 296//296 1578//1578 1579//1579
f 1577//1577 1484//1484 1587//1587
f 326//326 1576//1576 1582//1582
f 1576//1576 1581//1581 1582//1582
f 1575//1575 1581//1581 325//325
f 325//325 1581//1581 1576//1576
f 326//326 1586//1586 1576//1576
f 1575//1575 1580//1580 327//327
f 327//327 1580//1580 1579//1579
f 1579//1579 1578//1578 1577//1577
f 1579//1579 1577//1577 327//327
f 1580//1580 296//296 1579//1579
f 2008//2008 1904//1904 2095//2095
f 2095//2095 1904//1904 1905//1905
f 1575//1575 1583//1583 1581//1581
f 1581//1581 1583//1583 1582//1582
f 327//327 1583//1583 1575//1575
f 1577//1577 1583//1583 327//327
f 2007//2007 413//413 496//496
f 1587//1587 1597//1597 1577//1577
f 1585//1585 1584//1584 1589//1589
f 326//326 1584//1584 1586//1586
f 1586//1586 1584//1584 1576//1576
f 2095//2095 1905//1905 1906//1906
f 2005//2005 454//454 2091//2091
f 1901//1901 2005//2005 2004//2004
f 1901//1901 2004//2004 2088//2088
f 1901//1901 2088//2088 2003//2003
f 326//326 1589//1589 1584//1584
f 1585//1585 1589//1589 298//298
f 1582//1582 1640//1640 326//326
f 1583//1583 1590//1590 1588//1588
f 1577//1577 1590//1590 1583//1583
f 2160//2160 496//496 2093//2093
f 1583//1583 1588//1588 351//351
f 1588//1588 1590//1590 1650//1650
f 1590//1590 1577//1577 1650//1650
f 1582//1582 1583//1583 1640//1640
f 2091//2091 454//454 2006//2006
f 2006//2006 454//454 2007//2007
f 2002//2002 2003//2003 495//495
f 453//453 2003//2003 2002//2002
f 1794//1794 2002//2002 525//525
f 453//453 2002//2002 1794//1794
f 1594//1594 1491//1491 326//326
f 1591//1591 1490//1490 1491//1491
f 1640//1640 1594//1594 326//326
f 1491//1491 1589//1589 326//326
f 1592//1592 1594//1594 1646//1646
f 452//452 2551//2551 707//707
f 2225//2225 2148//2148 365//365
f 1491//1491 1594//1594 1593//1593
f 1591//1591 1593//1593 1592//1592
f 1593//1593 1594//1594 1592//1592
f 1491//1491 1593//1593 1591//1591
f 2084//2084 2551//2551 1896//1896
f 2551//2551 452//452 1896//1896
f 1999//1999 1896//1896 1895//1895
f 1598//1598 1495//1495 1596//1596
f 1495//1495 1598//1598 1587//1587
f 1640//1640 1595//1595 1594//1594
f 1594//1594 1595//1595 1646//1646
f 1588//1588 1650//1650 351//351
f 1650//1650 1587//1587 1598//1598
f 1650//1650 1598//1598 330//330
f 1577//1577 1597//1597 1650//1650
f 1650//1650 1597//1597 1587//1587
f 330//330 1598//1598 1596//1596
f 2148//2148 1789//1789 365//365
f 1894//1894 1789//1789 2148//2148
f 1897//1897 1789//1789 1894//1894
f 1995//1995 491//491 492//492
f 411//411 451//451 412//412
f 2083//2083 1999//1999 412//412
f 1999//1999 1895//1895 412//412
f 451//451 2083//2083 412//412
f 1894//1894 492//492 1893//1893
f 1601//1601 1602//1602 1495//1495
f 1602//1602 1596//1596 1495//1495
f 1646//1646 328//328 1500//1500
f 1592//1592 1646//1646 1500//1500
f 1500//1500 1493//1493 1592//1592
f 491//491 448//448 492//492
f 492//492 1889//1889 450//450
f 448//448 1889//1889 492//492
f 450//450 1890//1890 492//492
f 302//302 301//301 1505//1505
f 1505//1505 301//301 1500//1500
f 1646//1646 355//355 328//328
f 1505//1505 1500//1500 355//355
f 328//328 355//355 1500//1500
f 411//411 2075//2075 520//520
f 1891//1891 2075//2075 411//411
f 449//449 2075//2075 1891//1891
f 449//449 1989//1989 2075//2075
f 1601//1601 1495//1495 1502//1502
f 1601//1601 1502//1502 303//303
f 329//329 1649//1649 1505//1505
f 355//355 357//357 329//329
f 355//355 329//329 1505//1505
f 405//405 1988//1988 449//449
f 1886//1886 1988//1988 446//446
f 516//516 1988//1988 1886//1886
f 1599//1599 1507//1507 1506//1506
f 1599//1599 1506//1506 1600//1600
f 1596//1596 1602//1602 330//330
f 487//487 1888//1888 448//448
f 448//448 1888//1888 1889//1889
f 487//487 1889//1889 1888//1888
f 1272//1272 1663//1663 1664//1664
f 1606//1606 404//404 1663//1663
f 1662//1662 404//404 1606//1606
f 1507//1507 1599//1599 1509//1509
f 1509//1509 1599//1599 1762//1762
f 1505//1505 1649//1649 1506//1506
f 1649//1649 1600//1600 1506//1506
f 1988//1988 1989//1989 449//449
f 447//447 446//446 1988//1988
f 2061//2061 445//445 1884//1884
f 444//444 2061//2061 1884//1884
f 303//303 1610//1610 1601//1601
f 303//303 305//305 1610//1610
f 1609//1609 1608//1608 1388//1388
f 1664//1664 1607//1607 1272//1272
f 1607//1607 1388//1388 1272//1272
f 486//486 1886//1886 1773//1773
f 1885//1885 486//486 1773//1773
f 403//403 486//486 1885//1885
f 403//403 1986//1986 486//486
f 2061//2061 1986//1986 403//403
f 443//443 2073//2073 1881//1881
f 443//443 1881//1881 487//487
f 394//394 487//487 1881//1881
f 358//358 1603//1603 1511//1511
f 359//359 358//358 1400//1400
f 2061//2061 403//403 445//445
f 1982//1982 1977//1977 484//484
f 2073//2073 1985//1985 1881//1881
f 444//444 1883//1883 2061//2061
f 2112//2112 2061//2061 2060//2060
f 485//485 2060//2060 1762//1762
f 1979//1979 485//485 1762//1762
f 1762//1762 2060//2060 2061//2061
f 1762//1762 2061//2061 1882//1882
f 1511//1511 1603//1603 260//260
f 1876//1876 440//440 441//441
f 1979//1979 1876//1876 441//441
f 1979//1979 441//441 1978//1978
f 1603//1603 1662//1662 1606//1606
f 358//358 1604//1604 1603//1603
f 1604//1604 358//358 1662//1662
f 1604//1604 1662//1662 1603//1603
f 394//394 1881//1881 1879//1879
f 1880//1880 442//442 1985//1985
f 1880//1880 1985//1985 484//484
f 1388//1388 331//331 1609//1609
f 332//332 1608//1608 331//331
f 331//331 1608//1608 1609//1609
f 331//331 1388//1388 1607//1607
f 442//442 1881//1881 1985//1985
f 485//485 1979//1979 1978//1978
f 1666//1666 334//334 1608//1608
f 330//330 1601//1601 1610//1610
f 1602//1602 1601//1601 330//330
f 1971//1971 1873//1873 440//440
f 1873//1873 1972//1972 440//440
f 330//330 333//333 1667//1667
f 1610//1610 333//333 330//330
f 1612//1612 305//305 333//333
f 333//333 1610//1610 1612//1612
f 1612//1612 1610//1610 305//305
f 335//335 333//333 1514//1514
f 333//333 305//305 1514//1514
f 1977//1977 435//435 484//484
f 435//435 442//442 1880//1880
f 435//435 1880//1880 484//484
f 1874//1874 1876//1876 1873//1873
f 308//308 270//270 1614//1614
f 270//270 1611//1611 334//334
f 270//270 334//334 1614//1614
f 1972//1972 1872//1872 1968//1968
f 1613//1613 1616//1616 335//335
f 335//335 1514//1514 1613//1613
f 1514//1514 307//307 1613//1613
f 336//336 308//308 1614//1614
f 411//411 1614//1614 1666//1666
f 1666//1666 1614//1614 334//334
f 1873//1873 1971//1971 1874//1874
f 1971//1971 440//440 1876//1876
f 1971//1971 1876//1876 1874//1874
f 1972//1972 1871//1871 1872//1872
f 1872//1872 1871//1871 1968//1968
f 482//482 483//483 1968//1968
f 482//482 1968//1968 437//437
f 1977//1977 1976//1976 1864//1864
f 1876//1876 1735//1735 1873//1873
f 1873//1873 1735//1735 1972//1972
f 337//337 1618//1618 1613//1613
f 1618//1618 1616//1616 1613//1613
f 362//362 335//335 1616//1616
f 1972//1972 438//438 1869//1869
f 308//308 336//336 310//310
f 336//336 1615//1615 310//310
f 1977//1977 1864//1864 435//435
f 387//387 442//442 435//435
f 1615//1615 336//336 1672//1672
f 1968//1968 1871//1871 437//437
f 1869//1869 1871//1871 1972//1972
f 1869//1869 1870//1870 1871//1871
f 1870//1870 439//439 1871//1871
f 1868//1868 1871//1871 439//439
f 437//437 1871//1871 1868//1868
f 337//337 1622//1622 1620//1620
f 1674//1674 1616//1616 338//338
f 338//338 1616//1616 1619//1619
f 338//338 1619//1619 1618//1618
f 1619//1619 1616//1616 1618//1618
f 337//337 1620//1620 1617//1617
f 1620//1620 338//338 1617//1617
f 1618//1618 1617//1617 338//338
f 337//337 1617//1617 1618//1618
f 364//364 339//339 1672//1672
f 1870//1870 1869//1869 438//438
f 1870//1870 438//438 439//439
f 1967//1967 437//437 1868//1868
f 1967//1967 1868//1868 436//436
f 1866//1866 436//436 1868//1868
f 1724//1724 436//436 1866//1866
f 1672//1672 339//339 1615//1615
f 338//338 1622//1622 1623//1623
f 1622//1622 1624//1624 1623//1623
f 338//338 1620//1620 1622//1622
f 337//337 1621//1621 1622//1622
f 1621//1621 1624//1624 1622//1622
f 341//341 1625//1625 1520//1520
f 1621//1621 1417//1417 340//340
f 1624//1624 1678//1678 1676//1676
f 1624//1624 1676//1676 1623//1623
f 1868//1868 1724//1724 1866//1866
f 435//435 1855//1855 387//387
f 1966//1966 1965//1965 1865//1865
f 1865//1865 1864//1864 1976//1976
f 1789//1789 340//340 366//366
f 364//364 341//341 339//339
f 436//436 1861//1861 434//434
f 434//434 432//432 481//481
f 1520//1520 1625//1625 312//312
f 1625//1625 341//341 342//342
f 1625//1625 342//342 312//312
f 435//435 1864//1864 1855//1855
f 1864//1864 1865//1865 1855//1855
f 434//434 1860//1860 1862//1862
f 434//434 1862//1862 432//432
f 700//700 342//342 1682//1682
f 1865//1865 1863//1863 1855//1855
f 1865//1865 1965//1965 1863//1863
f 1862//1862 1860//1860 1857//1857
f 1724//1724 1867//1867 436//436
f 1867//1867 1861//1861 436//436
f 342//342 700//700 1626//1626
f 342//342 1626//1626 312//312
f 1860//1860 1861//1861 1867//1867
f 1861//1861 1860//1860 434//434
f 430//430 1855//1855 1863//1863
f 433//433 1857//1857 1723//1723
f 1522//1522 344//344 1684//1684
f 700//700 2544//2544 1626//1626
f 433//433 1862//1862 1859//1859
f 1857//1857 1859//1859 1862//1862
f 433//433 1859//1859 1857//1857
f 1867//1867 1724//1724 1857//1857
f 1858//1858 1860//1860 1867//1867
f 1857//1857 1860//1860 1858//1858
f 1858//1858 1867//1867 1857//1857
f 1627//1627 368//368 344//344
f 1856//1856 1965//1965 1962//1962
f 1965//1965 1856//1856 430//430
f 1965//1965 430//430 1863//1863
f 1856//1856 1962//1962 1956//1956
f 432//432 1862//1862 1852//1852
f 368//368 1627//1627 1901//1901
f 1628//1628 1627//1627 314//314
f 2547//2547 1535//1535 2546//2546
f 2546//2546 1534//1534 2545//2545
f 1535//1535 1534//1534 2546//2546
f 1851//1851 1862//1862 433//433
f 1627//1627 1628//1628 1686//1686
f 1956//1956 430//430 1856//1856
f 382//382 433//433 1723//1723
f 1960//1960 433//433 1951//1951
f 1853//1853 433//433 1960//1960
f 432//432 433//433 1853//1853
f 433//433 432//432 1851//1851
f 1851//1851 1852//1852 1862//1862
f 432//432 1852//1852 1851//1851
f 431//431 1956//1956 1955//1955
f 2543//2543 2548//2548 1552//1552
f 2548//2548 320//320 1552//1552
f 345//345 1800//1800 1630//1630
f 1628//1628 1629//1629 1800//1800
f 431//431 1850//1850 1956//1956
f 1850//1850 430//430 1956//1956
f 321//321 1634//1634 1633//1633
f 345//345 1630//1630 1805//1805
f 1633//1633 1805//1805 1630//1630
f 1854//1854 1855//1855 430//430
f 1854//1854 430//430 427//427
f 430//430 1850//1850 427//427
f 1954//1954 431//431 1955//1955
f 1954//1954 1849//1849 431//431
f 1958//1958 1849//1849 1955//1955
f 1955//1955 1849//1849 1954//1954
f 477//477 1943//1943 476//476
f 477//477 1960//1960 1951//1951
f 1554//1554 1631//1631 1555//1555
f 477//477 1848//1848 1943//1943
f 433//433 382//382 1951//1951
f 1951//1951 1847//1847 477//477
f 382//382 1847//1847 1951//1951
f 2543//2543 1632//1632 2582//2582
f 1632//1632 738//738 2582//2582
f 2582//2582 2548//2548 2543//2543
f 2582//2582 1631//1631 2548//2548
f 1553//1553 1637//1637 1559//1559
f 1637//1637 1636//1636 1559//1559
f 1637//1637 1639//1639 1636//1636
f 431//431 429//429 428//428
f 428//428 427//427 1850//1850
f 428//428 1850//1850 431//431
f 1958//1958 429//429 1849//1849
f 1958//1958 1948//1948 429//429
f 1849//1849 429//429 431//431
f 348//348 1634//1634 346//346
f 1848//1848 477//477 1847//1847
f 1848//1848 1847//1847 382//382
f 1631//1631 2566//2566 1555//1555
f 1942//1942 1943//1943 1848//1848
f 1942//1942 1848//1848 1844//1844
f 2567//2567 1553//1553 720//720
f 1553//1553 2567//2567 1637//1637
f 428//428 429//429 1846//1846
f 1631//1631 2582//2582 2565//2565
f 2565//2565 2582//2582 738//738
f 1631//1631 2565//2565 2566//2566
f 1555//1555 720//720 1553//1553
f 1557//1557 1639//1639 1691//1691
f 1639//1639 1637//1637 1691//1691
f 1557//1557 349//349 1635//1635
f 348//348 1635//1635 349//349
f 348//348 346//346 1635//1635
f 348//348 347//347 1634//1634
f 1805//1805 347//347 1688//1688
f 1634//1634 347//347 1633//1633
f 347//347 1805//1805 1633//1633
f 425//425 1841//1841 426//426
f 1840//1840 1841//1841 425//425
f 2567//2567 350//350 1637//1637
f 1650//1650 330//330 1665//1665
f 1642//1642 352//352 1640//1640
f 1640//1640 351//351 1642//1642
f 1583//1583 351//351 1641//1641
f 1583//1583 1641//1641 1640//1640
f 1641//1641 351//351 1640//1640
f 2567//2567 722//722 350//350
f 426//426 1940//1940 1945//1945
f 1837//1837 1940//1940 426//426
f 426//426 1942//1942 1842//1842
f 1942//1942 1844//1844 425//425
f 1842//1842 425//425 426//426
f 1942//1942 425//425 1842//1842
f 1595//1595 1640//1640 352//352
f 351//351 353//353 1644//1644
f 352//352 1645//1645 1647//1647
f 1645//1645 1644//1644 353//353
f 352//352 1644//1644 1645//1645
f 1643//1643 1644//1644 352//352
f 1643//1643 352//352 1642//1642
f 1642//1642 351//351 1643//1643
f 1643//1643 351//351 1644//1644
f 425//425 1844//1844 379//379
f 352//352 1647//1647 354//354
f 354//354 1646//1646 1595//1595
f 1647//1647 1645//1645 1648//1648
f 354//354 1595//1595 352//352
f 1648//1648 1654//1654 1647//1647
f 353//353 351//351 1652//1652
f 1652//1652 1645//1645 353//353
f 1648//1648 1645//1645 1652//1652
f 425//425 379//379 1840//1840
f 1841//1841 1837//1837 426//426
f 1839//1839 1840//1840 1838//1838
f 429//429 1948//1948 1846//1846
f 1654//1654 354//354 1647//1647
f 354//354 355//355 1646//1646
f 1657//1657 329//329 357//357
f 354//354 357//357 355//355
f 419//419 1948//1948 1933//1933
f 419//419 1846//1846 1948//1948
f 1846//1846 419//419 373//373
f 1837//1837 1928//1928 1940//1940
f 1654//1654 1648//1648 1653//1653
f 1651//1651 1652//1652 351//351
f 1652//1652 356//356 1648//1648
f 1650//1650 1651//1651 351//351
f 1665//1665 1651//1651 1650//1650
f 1665//1665 330//330 361//361
f 329//329 1656//1656 1649//1649
f 1654//1654 1655//1655 354//354
f 1744//1744 1655//1655 1654//1654
f 1841//1841 1840//1840 1836//1836
f 1834//1834 472//472 1928//1928
f 1834//1834 1926//1926 472//472
f 1926//1926 1835//1835 1925//1925
f 1925//1925 1835//1835 1924//1924
f 1909//1909 1924//1924 1835//1835
f 1659//1659 357//357 354//354
f 1744//1744 1659//1659 354//354
f 1654//1654 1653//1653 1747//1747
f 1654//1654 1746//1746 1745//1745
f 1835//1835 1926//1926 1834//1834
f 1928//1928 1837//1837 1834//1834
f 1833//1833 1835//1835 1834//1834
f 1835//1835 1833//1833 1832//1832
f 1832//1832 1831//1831 1835//1835
f 1837//1837 1841//1841 1836//1836
f 1655//1655 1744//1744 354//354
f 329//329 1658//1658 1656//1656
f 1659//1659 1657//1657 357//357
f 329//329 1657//1657 1659//1659
f 1837//1837 1836//1836 1834//1834
f 1836//1836 424//424 1834//1834
f 1833//1833 1834//1834 1832//1832
f 1834//1834 424//424 1832//1832
f 1654//1654 1745//1745 1744//1744
f 1658//1658 329//329 1756//1756
f 1656//1656 1762//1762 1649//1649
f 1649//1649 1762//1762 1600//1600
f 1762//1762 1599//1599 1600//1600
f 1659//1659 1756//1756 329//329
f 1744//1744 1756//1756 1659//1659
f 424//424 1828//1828 423//423
f 423//423 1832//1832 424//424
f 1831//1831 1832//1832 423//423
f 1700//1700 424//424 1839//1839
f 1836//1836 1840//1840 1839//1839
f 1836//1836 1839//1839 424//424
f 1700//1700 422//422 424//424
f 1828//1828 424//424 422//422
f 1828//1828 422//422 423//423
f 1665//1665 1652//1652 1651//1651
f 361//361 330//330 1667//1667
f 1665//1665 356//356 1652//1652
f 1653//1653 1648//1648 356//356
f 423//423 1829//1829 1830//1830
f 1829//1829 1821//1821 1830//1830
f 1914//1914 461//461 462//462
f 370//370 1816//1816 1824//1824
f 1767//1767 1509//1509 1762//1762
f 1767//1767 1400//1400 1509//1509
f 418//418 1824//1824 1816//1816
f 418//418 370//370 1824//1824
f 358//358 1660//1660 1769//1769
f 359//359 1660//1660 358//358
f 359//359 1400//1400 1768//1768
f 421//421 373//373 1816//1816
f 370//370 372//372 1816//1816
f 1822//1822 372//372 370//370
f 1662//1662 360//360 404//404
f 358//358 1661//1661 1662//1662
f 1661//1661 360//360 1662//1662
f 359//359 1769//1769 1660//1660
f 1769//1769 360//360 1661//1661
f 1769//1769 1661//1661 358//358
f 461//461 1933//1933 1913//1913
f 461//461 1817//1817 1933//1933
f 373//373 1817//1817 461//461
f 461//461 418//418 373//373
f 404//404 1607//1607 1664//1664
f 1607//1607 404//404 405//405
f 404//404 1664//1664 1663//1663
f 1775//1775 1608//1608 332//332
f 1775//1775 332//332 1774//1774
f 1774//1774 332//332 1607//1607
f 331//331 1607//1607 332//332
f 1914//1914 459//459 1912//1912
f 1912//1912 459//459 420//420
f 420//420 461//461 1912//1912
f 1912//1912 461//461 1914//1914
f 1933//1933 1934//1934 1913//1913
f 462//462 461//461 1915//1915
f 461//461 1913//1913 1915//1915
f 423//423 1830//1830 1831//1831
f 1831//1831 1830//1830 1835//1835
f 1830//1830 1821//1821 1810//1810
f 1665//1665 361//361 406//406
f 1924//1924 1909//1909 460//460
f 420//420 418//418 461//461
f 373//373 419//419 1933//1933
f 373//373 1933//1933 1817//1817
f 418//418 1816//1816 373//373
f 1846//1846 373//373 378//378
f 1775//1775 1666//1666 1608//1608
f 1774//1774 1666//1666 1775//1775
f 449//449 1666//1666 1774//1774
f 459//459 457//457 420//420
f 458//458 460//460 416//416
f 458//458 416//416 1908//1908
f 1911//1911 458//458 1908//1908
f 457//457 1908//1908 416//416
f 1911//1911 1908//1908 457//457
f 370//370 418//418 1825//1825
f 1830//1830 1813//1813 1835//1835
f 1815//1815 1813//1813 1830//1830
f 1668//1668 362//362 1784//1784
f 1668//1668 1784//1784 361//361
f 333//333 362//362 1668//1668
f 333//333 335//335 362//362
f 1667//1667 1668//1668 361//361
f 1667//1667 333//333 1668//1668
f 1614//1614 411//411 1671//1671
f 1669//1669 406//406 361//361
f 418//418 420//420 1825//1825
f 1825//1825 420//420 417//417
f 1813//1813 1909//1909 1835//1835
f 460//460 1909//1909 1813//1813
f 1813//1813 416//416 460//460
f 457//457 416//416 1814//1814
f 420//420 457//457 1814//1814
f 1812//1812 417//417 420//420
f 417//417 370//370 1825//1825
f 1815//1815 1810//1810 1813//1813
f 1813//1813 1811//1811 1819//1819
f 1810//1810 1811//1811 1813//1813
f 1823//1823 370//370 417//417
f 1673//1673 1670//1670 1614//1614
f 1672//1672 1670//1670 1673//1673
f 1670//1670 1672//1672 336//336
f 1670//1670 336//336 1614//1614
f 1676//1676 1674//1674 338//338
f 338//338 1623//1623 1676//1676
f 362//362 1674//1674 1892//1892
f 1616//1616 1674//1674 362//362
f 1672//1672 1673//1673 1895//1895
f 1812//1812 1813//1813 415//415
f 416//416 1813//1813 1812//1812
f 420//420 1814//1814 1812//1812
f 1814//1814 416//416 1812//1812
f 415//415 417//417 1812//1812
f 1830//1830 1810//1810 1815//1815
f 1813//1813 1819//1819 415//415
f 415//415 1819//1819 417//417
f 1818//1818 1823//1823 417//417
f 370//370 1823//1823 1818//1818
f 1818//1818 417//417 1819//1819
f 370//370 1819//1819 371//371
f 1818//1818 1819//1819 370//370
f 1557//1557 1690//1690 2100//2100
f 1907//1907 1557//1557 2100//2100
f 1680//1680 1892//1892 1674//1674
f 1621//1621 1678//1678 1624//1624
f 340//340 1678//1678 1621//1621
f 1680//1680 1676//1676 1678//1678
f 1676//1676 1680//1680 1677//1677
f 1677//1677 1680//1680 1674//1674
f 1676//1676 1677//1677 1674//1674
f 1895//1895 364//364 1672//1672
f 1819//1819 1821//1821 1820//1820
f 1810//1810 1821//1821 1819//1819
f 1811//1811 1810//1810 1819//1819
f 1683//1683 342//342 341//341
f 341//341 364//364 1681//1681
f 341//341 1681//1681 1683//1683
f 1679//1679 340//340 363//363
f 363//363 340//340 1789//1789
f 1787//1787 1680//1680 1788//1788
f 1897//1897 1788//1788 1680//1680
f 1680//1680 1679//1679 363//363
f 1680//1680 363//363 1897//1897
f 1678//1678 1679//1679 1680//1680
f 1678//1678 340//340 1679//1679
f 1809//1809 414//414 456//456
f 414//414 1808//1808 456//456
f 1682//1682 342//342 1683//1683
f 366//366 1793//1793 2232//2232
f 1793//1793 1899//1899 2232//2232
f 1683//1683 2549//2549 1790//1790
f 2550//2550 1683//1683 1790//1790
f 455//455 1637//1637 2570//2570
f 1637//1637 455//455 1690//1690
f 1793//1793 343//343 367//367
f 343//343 1793//1793 366//366
f 2550//2550 1682//1682 1683//1683
f 1907//1907 456//456 1808//1808
f 343//343 1522//1522 1685//1685
f 1522//1522 1684//1684 1685//1685
f 367//367 343//343 1685//1685
f 414//414 1809//1809 1906//1906
f 1905//1905 1806//1806 1906//1906
f 1906//1906 1806//1806 414//414
f 1905//1905 1805//1805 1806//1806
f 1905//1905 1904//1904 1805//1805
f 344//344 368//368 1795//1795
f 367//367 1684//1684 1900//1900
f 367//367 1685//1685 1684//1684
f 1900//1900 1684//1684 344//344
f 1802//1802 413//413 1803//1803
f 1802//1802 1801//1801 413//413
f 1798//1798 2007//2007 454//454
f 368//368 1901//1901 1795//1795
f 1795//1795 1901//1901 1796//1796
f 1900//1900 344//344 453//453
f 453//453 344//344 1795//1795
f 1904//1904 1902//1902 1903//1903
f 2093//2093 1902//1902 1904//1904
f 413//413 1902//1902 496//496
f 496//496 1902//1902 2093//2093
f 453//453 367//367 1900//1900
f 2000//2000 367//367 2001//2001
f 2005//2005 1798//1798 454//454
f 1901//1901 1798//1798 2005//2005
f 1795//1795 2003//2003 453//453
f 1796//1796 2003//2003 1795//1795
f 2003//2003 1797//1797 1901//1901
f 1796//1796 1797//1797 2003//2003
f 1796//1796 1901//1901 1797//1797
f 1628//1628 1799//1799 1686//1686
f 1799//1799 1798//1798 1686//1686
f 1627//1627 1686//1686 1901//1901
f 1686//1686 1798//1798 1901//1901
f 2007//2007 1803//1803 413//413
f 1897//1897 363//363 1789//1789
f 2001//2001 1899//1899 2000//2000
f 1899//1899 1793//1793 367//367
f 1899//1899 367//367 2000//2000
f 1898//1898 366//366 2232//2232
f 1898//1898 2232//2232 365//365
f 1789//1789 366//366 1898//1898
f 1789//1789 1898//1898 365//365
f 706//706 1792//1792 1683//1683
f 1792//1792 2549//2549 1683//1683
f 706//706 1683//1683 1791//1791
f 1683//1683 1681//1681 1791//1791
f 2001//2001 1794//1794 525//525
f 1794//1794 367//367 453//453
f 367//367 1794//1794 2001//2001
f 452//452 1675//1675 1896//1896
f 1896//1896 1675//1675 1895//1895
f 364//364 1675//1675 1681//1681
f 1681//1681 1675//1675 452//452
f 1675//1675 364//364 1895//1895
f 1897//1897 1894//1894 1787//1787
f 2007//2007 1798//1798 1803//1803
f 1798//1798 1802//1802 1803//1803
f 1798//1798 1801//1801 1802//1802
f 1801//1801 1800//1800 413//413
f 1798//1798 1800//1800 1801//1801
f 1628//1628 1800//1800 1799//1799
f 1800//1800 1798//1798 1799//1799
f 1791//1791 452//452 707//707
f 1681//1681 452//452 1791//1791
f 345//345 1903//1903 1902//1902
f 1893//1893 1892//1892 1894//1894
f 362//362 1893//1893 1786//1786
f 1894//1894 1892//1892 1787//1787
f 1893//1893 362//362 1892//1892
f 1892//1892 1680//1680 1787//1787
f 1895//1895 1673//1673 412//412
f 412//412 1673//1673 1614//1614
f 1902//1902 1687//1687 345//345
f 413//413 1687//1687 1902//1902
f 345//345 1687//1687 1800//1800
f 1687//1687 413//413 1800//1800
f 1787//1787 1788//1788 1897//1897
f 1671//1671 411//411 412//412
f 1671//1671 412//412 1614//1614
f 492//492 1890//1890 1893//1893
f 1784//1784 362//362 1786//1786
f 1786//1786 1893//1893 1890//1890
f 1785//1785 1784//1784 1786//1786
f 345//345 1904//1904 1903//1903
f 1805//1805 1904//1904 345//345
f 1778//1778 1785//1785 1786//1786
f 406//406 1669//1669 1785//1785
f 1669//1669 361//361 1784//1784
f 1669//1669 1784//1784 1785//1785
f 406//406 1785//1785 1778//1778
f 449//449 1891//1891 411//411
f 411//411 1666//1666 449//449
f 405//405 449//449 1774//1774
f 1805//1805 1807//1807 1806//1806
f 1808//1808 1689//1689 1907//1907
f 1907//1907 1689//1689 349//349
f 348//348 1689//1689 1807//1807
f 348//348 349//349 1689//1689
f 414//414 1804//1804 1807//1807
f 1806//1806 1804//1804 414//414
f 1806//1806 1807//1807 1804//1804
f 1805//1805 1688//1688 1807//1807
f 1688//1688 347//347 1807//1807
f 347//347 348//348 1807//1807
f 1889//1889 1782//1782 410//410
f 410//410 450//450 1889//1889
f 1637//1637 350//350 2568//2568
f 2568//2568 350//350 722//722
f 2570//2570 2568//2568 2569//2569
f 1637//1637 2568//2568 2570//2570
f 1690//1690 1691//1691 1637//1637
f 1690//1690 1557//1557 1691//1691
f 1557//1557 1907//1907 1638//1638
f 1638//1638 1907//1907 349//349
f 349//349 1557//1557 1638//1638
f 414//414 1807//1807 1808//1808
f 1807//1807 1689//1689 1808//1808
f 375//375 1694//1694 369//369
f 369//369 1694//1694 1692//1692
f 1695//1695 369//369 1692//1692
f 369//369 1699//1699 375//375
f 1820//1820 1821//1821 369//369
f 1821//1821 1701//1701 369//369
f 1695//1695 1820//1820 369//369
f 1696//1696 1820//1820 1695//1695
f 374//374 1694//1694 375//375
f 1693//1693 1692//1692 1694//1694
f 1696//1696 1695//1695 371//371
f 1822//1822 370//370 371//371
f 1696//1696 1819//1819 1820//1820
f 371//371 1819//1819 1696//1696
f 1693//1693 1697//1697 1695//1695
f 1693//1693 1695//1695 1692//1692
f 1693//1693 421//421 1697//1697
f 369//369 1701//1701 1699//1699
f 1693//1693 1703//1703 421//421
f 1703//1703 373//373 421//421
f 1697//1697 421//421 372//372
f 371//371 1695//1695 1697//1697
f 372//372 1822//1822 371//371
f 1697//1697 372//372 371//371
f 421//421 1816//1816 372//372
f 376//376 375//375 1699//1699
f 1701//1701 1829//1829 1699//1699
f 1699//1699 1829//1829 376//376
f 374//374 375//375 1698//1698
f 375//375 376//376 1698//1698
f 450//450 1786//1786 1890//1890
f 1786//1786 450//450 1779//1779
f 410//410 1779//1779 450//450
f 1781//1781 1779//1779 410//410
f 409//409 1781//1781 410//410
f 422//422 376//376 1826//1826
f 1829//1829 423//423 422//422
f 1829//1829 422//422 1826//1826
f 1829//1829 1826//1826 376//376
f 1821//1821 1829//1829 1701//1701
f 376//376 422//422 1700//1700
f 376//376 1700//1700 1698//1698
f 1700//1700 1706//1706 1698//1698
f 374//374 1698//1698 1704//1704
f 373//373 1703//1703 378//378
f 377//377 378//378 1703//1703
f 374//374 1704//1704 1694//1694
f 1702//1702 1694//1694 377//377
f 377//377 1703//1703 1702//1702
f 1702//1702 1693//1693 1694//1694
f 1703//1703 1693//1693 1702//1702
f 1700//1700 1827//1827 1706//1706
f 1700//1700 1839//1839 1827//1827
f 1838//1838 1705//1705 1839//1839
f 1705//1705 1706//1706 1839//1839
f 1704//1704 1705//1705 1843//1843
f 1704//1704 1843//1843 1707//1707
f 1704//1704 1698//1698 1705//1705
f 1706//1706 1705//1705 1698//1698
f 1838//1838 1840//1840 379//379
f 379//379 1843//1843 1838//1838
f 1843//1843 1705//1705 1838//1838
f 1827//1827 1839//1839 1706//1706
f 1779//1779 1783//1783 1786//1786
f 1781//1781 1783//1783 1779//1779
f 409//409 1783//1783 1781//1781
f 410//410 401//401 409//409
f 1843//1843 1844//1844 1848//1848
f 1843//1843 1848//1848 1709//1709
f 1844//1844 1843//1843 379//379
f 1848//1848 1710//1710 1709//1709
f 1709//1709 1710//1710 1843//1843
f 1710//1710 1707//1707 1843//1843
f 1694//1694 1704//1704 1713//1713
f 377//377 1694//1694 1713//1713
f 1846//1846 378//378 1708//1708
f 1846//1846 1708//1708 1711//1711
f 1708//1708 378//378 377//377
f 407//407 1778//1778 1764//1764
f 377//377 1713//1713 1714//1714
f 1708//1708 1714//1714 1711//1711
f 377//377 1714//1714 1708//1708
f 1707//1707 1710//1710 1848//1848
f 1704//1704 1707//1707 1713//1713
f 427//427 428//428 1845//1845
f 1845//1845 428//428 1846//1846
f 1845//1845 1846//1846 1711//1711
f 1845//1845 1711//1711 427//427
f 409//409 401//401 1783//1783
f 401//401 1764//1764 1783//1783
f 1778//1778 1786//1786 1783//1783
f 1778//1778 1783//1783 1764//1764
f 1887//1887 410//410 1782//1782
f 487//487 1782//1782 1889//1889
f 1887//1887 1782//1782 487//487
f 487//487 1780//1780 1887//1887
f 1887//1887 1780//1780 410//410
f 406//406 1778//1778 407//407
f 1777//1777 406//406 407//407
f 1711//1711 1854//1854 427//427
f 1711//1711 1715//1715 1854//1854
f 447//447 405//405 404//404
f 405//405 1774//1774 1607//1607
f 1711//1711 1714//1714 1715//1715
f 1707//1707 1716//1716 1712//1712
f 1713//1713 1717//1717 1714//1714
f 380//380 1717//1717 1713//1713
f 1713//1713 381//381 380//380
f 1716//1716 381//381 1713//1713
f 1707//1707 1712//1712 1713//1713
f 1712//1712 1716//1716 1713//1713
f 408//408 407//407 1764//1764
f 408//408 1777//1777 407//407
f 380//380 381//381 1720//1720
f 1777//1777 1665//1665 406//406
f 447//447 1988//1988 405//405
f 446//446 447//447 1886//1886
f 1886//1886 447//447 404//404
f 1714//1714 1717//1717 1715//1715
f 387//387 1855//1855 1718//1718
f 1855//1855 1854//1854 1718//1718
f 384//384 1718//1718 1854//1854
f 384//384 1854//1854 1719//1719
f 1854//1854 1715//1715 1719//1719
f 1723//1723 1848//1848 382//382
f 1848//1848 1723//1723 381//381
f 381//381 1716//1716 1848//1848
f 1716//1716 1707//1707 1848//1848
f 1886//1886 404//404 360//360
f 1886//1886 360//360 1773//1773
f 360//360 1885//1885 1773//1773
f 1728//1728 383//383 1726//1726
f 1715//1715 1721//1721 383//383
f 1717//1717 380//380 1715//1715
f 380//380 1721//1721 1715//1715
f 1771//1771 360//360 1770//1770
f 383//383 385//385 1718//1718
f 385//385 387//387 1718//1718
f 383//383 1718//1718 1715//1715
f 1718//1718 384//384 1715//1715
f 1719//1719 1715//1715 384//384
f 381//381 1723//1723 1722//1722
f 1722//1722 1723//1723 1720//1720
f 381//381 1722//1722 1720//1720
f 1721//1721 1726//1726 383//383
f 388//388 1726//1726 1721//1721
f 388//388 1721//1721 1720//1720
f 380//380 1720//1720 1721//1721
f 1885//1885 360//360 1771//1771
f 445//445 403//403 1772//1772
f 445//445 1772//1772 359//359
f 1769//1769 1770//1770 360//360
f 1771//1771 1770//1770 1769//1769
f 1728//1728 385//385 1725//1725
f 1728//1728 1725//1725 383//383
f 1725//1725 385//385 383//383
f 1857//1857 1724//1724 386//386
f 1723//1723 1857//1857 386//386
f 386//386 1727//1727 1723//1723
f 1727//1727 1720//1720 1723//1723
f 1768//1768 445//445 359//359
f 1767//1767 1768//1768 1400//1400
f 445//445 1768//1768 1767//1767
f 444//444 1884//1884 445//445
f 444//444 445//445 1883//1883
f 1883//1883 445//445 1767//1767
f 1720//1720 1727//1727 388//388
f 1727//1727 1730//1730 388//388
f 1728//1728 387//387 385//385
f 1771//1771 403//403 1885//1885
f 403//403 1771//1771 1769//1769
f 1772//1772 1769//1769 359//359
f 403//403 1769//1769 1772//1772
f 1766//1766 402//402 401//401
f 400//400 401//401 402//402
f 401//401 410//410 1766//1766
f 410//410 402//402 1766//1766
f 402//402 410//410 1780//1780
f 1734//1734 1727//1727 438//438
f 438//438 1727//1727 439//439
f 1724//1724 1868//1868 1727//1727
f 1868//1868 439//439 1727//1727
f 1724//1724 1727//1727 386//386
f 2528//2528 401//401 400//400
f 401//401 1765//1765 1764//1764
f 1765//1765 694//694 1764//1764
f 388//388 1730//1730 389//389
f 388//388 389//389 1726//1726
f 1730//1730 1731//1731 389//389
f 389//389 1731//1731 1729//1729
f 2528//2528 694//694 1765//1765
f 2528//2528 1765//1765 401//401
f 2528//2528 693//693 694//694
f 1777//1777 1653//1653 1665//1665
f 1653//1653 356//356 1665//1665
f 1751//1751 408//408 1764//1764
f 1751//1751 1764//1764 694//694
f 408//408 1751//1751 1777//1777
f 1727//1727 1733//1733 1730//1730
f 438//438 1735//1735 1732//1732
f 1727//1727 1734//1734 1732//1732
f 1734//1734 438//438 1732//1732
f 1732//1732 1735//1735 1733//1733
f 1727//1727 1732//1732 1733//1733
f 1735//1735 1731//1731 1733//1733
f 1733//1733 1731//1731 1730//1730
f 1763//1763 1751//1751 694//694
f 391//391 387//387 1736//1736
f 387//387 1728//1728 1736//1736
f 1728//1728 390//390 1736//1736
f 390//390 1728//1728 1726//1726
f 1726//1726 389//389 390//390
f 1876//1876 1759//1759 1735//1735
f 1735//1735 1759//1759 1741//1741
f 1735//1735 438//438 1972//1972
f 487//487 1776//1776 1780//1780
f 1780//1780 1776//1776 402//402
f 487//487 394//394 1776//1776
f 1767//1767 1762//1762 1882//1882
f 1883//1883 1882//1882 2061//2061
f 1767//1767 1882//1882 1883//1883
f 1979//1979 1762//1762 1877//1877
f 1877//1877 1762//1762 1656//1656
f 387//387 391//391 442//442
f 390//390 1742//1742 1736//1736
f 389//389 1737//1737 390//390
f 390//390 1738//1738 1742//1742
f 1737//1737 1738//1738 390//390
f 1738//1738 1729//1729 1740//1740
f 1738//1738 1737//1737 1729//1729
f 389//389 1729//1729 1737//1737
f 1881//1881 1878//1878 1879//1879
f 1878//1878 1736//1736 1879//1879
f 1881//1881 442//442 1878//1878
f 1878//1878 442//442 1736//1736
f 391//391 1736//1736 1875//1875
f 1875//1875 1736//1736 442//442
f 391//391 1875//1875 442//442
f 1751//1751 1653//1653 1777//1777
f 1760//1760 1658//1658 1756//1756
f 1658//1658 1760//1760 1761//1761
f 1658//1658 1877//1877 1656//1656
f 1761//1761 1877//1877 1658//1658
f 1743//1743 392//392 1742//1742
f 1729//1729 1739//1739 1740//1740
f 1731//1731 1739//1739 1729//1729
f 1879//1879 1736//1736 392//392
f 1736//1736 1742//1742 392//392
f 1731//1731 393//393 1740//1740
f 1731//1731 1740//1740 1739//1739
f 397//397 1760//1760 1756//1756
f 397//397 1758//1758 1760//1760
f 1760//1760 1877//1877 1761//1761
f 1758//1758 397//397 1752//1752
f 1755//1755 400//400 402//402
f 1757//1757 1756//1756 1744//1744
f 397//397 1756//1756 1757//1757
f 1876//1876 1758//1758 1759//1759
f 1759//1759 1758//1758 1741//1741
f 1758//1758 393//393 1731//1731
f 1735//1735 1741//1741 1731//1731
f 1741//1741 1758//1758 1731//1731
f 393//393 1755//1755 1740//1740
f 1747//1747 1653//1653 1751//1751
f 393//393 1758//1758 1752//1752
f 2528//2528 692//692 693//693
f 2527//2527 692//692 2528//2528
f 400//400 2527//2527 2528//2528
f 1738//1738 1740//1740 1742//1742
f 1740//1740 394//394 1743//1743
f 1740//1740 1743//1743 1742//1742
f 392//392 1743//1743 394//394
f 1879//1879 392//392 394//394
f 1758//1758 1876//1876 1760//1760
f 1760//1760 1979//1979 1877//1877
f 1876//1876 1979//1979 1760//1760
f 396//396 398//398 1753//1753
f 393//393 396//396 1753//1753
f 1752//1752 397//397 396//396
f 1752//1752 396//396 393//393
f 1763//1763 399//399 1754//1754
f 1751//1751 1754//1754 1750//1750
f 1763//1763 1754//1754 1751//1751
f 395//395 397//397 1757//1757
f 399//399 395//395 1757//1757
f 394//394 1740//1740 1776//1776
f 1740//1740 402//402 1776//1776
f 1755//1755 402//402 1740//1740
f 1747//1747 1751//1751 1750//1750
f 1745//1745 1747//1747 1754//1754
f 1754//1754 1747//1747 1750//1750
f 1744//1744 1749//1749 1748//1748
f 1749//1749 399//399 1748//1748
f 1745//1745 1749//1749 1744//1744
f 1745//1745 1754//1754 1749//1749
f 1749//1749 1754//1754 399//399
f 1746//1746 1654//1654 1747//1747
f 1746//1746 1747//1747 1745//1745
f 1748//1748 399//399 1757//1757
f 1748//1748 1757//1757 1744//1744
f 1755//1755 2527//2527 400//400
f 692//692 2527//2527 398//398
f 2527//2527 1753//1753 398//398
f 2527//2527 1755//1755 393//393
f 2527//2527 393//393 1753//1753
f 743//743 741//741 758//758
f 743//743 11//11 1//1
f 758//758 11//11 743//743
f 3//3 741//741 744//744
f 4//4 741//741 754//754
f 754//754 741//741 3//3
f 740//740 741//741 4//4
f 758//758 741//741 740//740
f 758//758 740//740 4//4
f 759//759 4//4 754//754
f 2//2 1//1 7//7
f 2//2 7//7 751//751
f 774//774 1//1 2//2
f 771//771 774//774 2//2
f 772//772 774//774 771//771
f 2//2 751//751 771//771
f 771//771 751//751 772//772
f 754//754 3//3 755//755
f 759//759 755//755 760//760
f 754//754 755//755 759//759
f 756//756 759//759 739//739
f 1399//1399 2521//2521 1402//1402
f 1138//1138 142//142 1134//1134
f 142//142 1069//1069 1134//1134
f 1406//1406 2524//2524 265//265
f 265//265 2524//2524 690//690
f 264//264 2523//2523 1402//1402
f 1402//1402 2522//2522 1399//1399
f 2523//2523 2522//2522 1402//1402
f 1069//1069 1142//1142 1134//1134
f 1134//1134 1142//1142 1138//1138
